   634122.000       3046767.00      -9999.00000    
   634162.000       3046767.00      -9999.00000    
   634202.000       3046767.00      -9999.00000    
   634242.000       3046767.00      -9999.00000    
   634282.000       3046767.00      -9999.00000    
   634322.000       3046767.00      -9999.00000    
   634362.000       3046767.00      -9999.00000    
   634402.000       3046767.00      -9999.00000    
   634442.000       3046767.00      -9999.00000    
   634482.000       3046767.00      -9999.00000    
   634522.000       3046767.00      -9999.00000    
   634562.000       3046767.00      -9999.00000    
   634602.000       3046767.00      -9999.00000    
   634642.000       3046767.00      -9999.00000    
   634682.000       3046767.00      -9999.00000    
   634722.000       3046767.00      -9999.00000    
   634762.000       3046767.00      -9999.00000    
   634802.000       3046767.00      -9999.00000    
   634842.000       3046767.00       209.012070    
   634882.000       3046767.00       215.920670    
   634922.000       3046767.00       216.881195    
   634962.000       3046767.00      -9999.00000    
   635002.000       3046767.00      -9999.00000    
   635042.000       3046767.00      -9999.00000    
   635082.000       3046767.00      -9999.00000    
   635122.000       3046767.00      -9999.00000    
   635162.000       3046767.00      -9999.00000    
   635202.000       3046767.00      -9999.00000    
   635242.000       3046767.00      -9999.00000    
   635282.000       3046767.00      -9999.00000    
   635322.000       3046767.00      -9999.00000    
   635362.000       3046767.00      -9999.00000    
   635402.000       3046767.00      -9999.00000    
   635442.000       3046767.00      -9999.00000    
   635482.000       3046767.00      -9999.00000    
   635522.000       3046767.00      -9999.00000    
   635562.000       3046767.00      -9999.00000    
   635602.000       3046767.00      -9999.00000    
   635642.000       3046767.00      -9999.00000    
   635682.000       3046767.00      -9999.00000    
   635722.000       3046767.00      -9999.00000    
   635762.000       3046767.00      -9999.00000    
   635802.000       3046767.00      -9999.00000    
   635842.000       3046767.00      -9999.00000    
   635882.000       3046767.00      -9999.00000    
   635922.000       3046767.00      -9999.00000    
   635962.000       3046767.00      -9999.00000    
   636002.000       3046767.00      -9999.00000    
   636042.000       3046767.00      -9999.00000    
   636082.000       3046767.00      -9999.00000    
   636122.000       3046767.00      -9999.00000    
   636162.000       3046767.00      -9999.00000    
   636202.000       3046767.00      -9999.00000    
   636242.000       3046767.00      -9999.00000    
   636282.000       3046767.00      -9999.00000    
   636322.000       3046767.00      -9999.00000    
   636362.000       3046767.00      -9999.00000    
   636402.000       3046767.00      -9999.00000    
   636442.000       3046767.00      -9999.00000    
   636482.000       3046767.00      -9999.00000    
   636522.000       3046767.00      -9999.00000    
   636562.000       3046767.00      -9999.00000    
   636602.000       3046767.00      -9999.00000    
   636642.000       3046767.00      -9999.00000    
   636682.000       3046767.00      -9999.00000    
   636722.000       3046767.00      -9999.00000    
   636762.000       3046767.00      -9999.00000    
   636802.000       3046767.00      -9999.00000    
   636842.000       3046767.00      -9999.00000    
   636882.000       3046767.00      -9999.00000    
   634122.000       3046807.00      -9999.00000    
   634162.000       3046807.00      -9999.00000    
   634202.000       3046807.00      -9999.00000    
   634242.000       3046807.00      -9999.00000    
   634282.000       3046807.00      -9999.00000    
   634322.000       3046807.00      -9999.00000    
   634362.000       3046807.00      -9999.00000    
   634402.000       3046807.00      -9999.00000    
   634442.000       3046807.00      -9999.00000    
   634482.000       3046807.00      -9999.00000    
   634522.000       3046807.00      -9999.00000    
   634562.000       3046807.00      -9999.00000    
   634602.000       3046807.00      -9999.00000    
   634642.000       3046807.00      -9999.00000    
   634682.000       3046807.00      -9999.00000    
   634722.000       3046807.00      -9999.00000    
   634762.000       3046807.00       198.255798    
   634802.000       3046807.00       207.949768    
   634842.000       3046807.00       219.206558    
   634882.000       3046807.00       225.383209    
   634922.000       3046807.00       232.319260    
   634962.000       3046807.00       227.143616    
   635002.000       3046807.00       213.718918    
   635042.000       3046807.00       203.941986    
   635082.000       3046807.00       194.883087    
   635122.000       3046807.00       183.837082    
   635162.000       3046807.00      -9999.00000    
   635202.000       3046807.00      -9999.00000    
   635242.000       3046807.00      -9999.00000    
   635282.000       3046807.00      -9999.00000    
   635322.000       3046807.00      -9999.00000    
   635362.000       3046807.00      -9999.00000    
   635402.000       3046807.00      -9999.00000    
   635442.000       3046807.00      -9999.00000    
   635482.000       3046807.00      -9999.00000    
   635522.000       3046807.00      -9999.00000    
   635562.000       3046807.00      -9999.00000    
   635602.000       3046807.00      -9999.00000    
   635642.000       3046807.00      -9999.00000    
   635682.000       3046807.00      -9999.00000    
   635722.000       3046807.00      -9999.00000    
   635762.000       3046807.00      -9999.00000    
   635802.000       3046807.00      -9999.00000    
   635842.000       3046807.00      -9999.00000    
   635882.000       3046807.00      -9999.00000    
   635922.000       3046807.00      -9999.00000    
   635962.000       3046807.00      -9999.00000    
   636002.000       3046807.00      -9999.00000    
   636042.000       3046807.00      -9999.00000    
   636082.000       3046807.00      -9999.00000    
   636122.000       3046807.00      -9999.00000    
   636162.000       3046807.00      -9999.00000    
   636202.000       3046807.00      -9999.00000    
   636242.000       3046807.00      -9999.00000    
   636282.000       3046807.00      -9999.00000    
   636322.000       3046807.00      -9999.00000    
   636362.000       3046807.00      -9999.00000    
   636402.000       3046807.00      -9999.00000    
   636442.000       3046807.00      -9999.00000    
   636482.000       3046807.00      -9999.00000    
   636522.000       3046807.00      -9999.00000    
   636562.000       3046807.00      -9999.00000    
   636602.000       3046807.00      -9999.00000    
   636642.000       3046807.00      -9999.00000    
   636682.000       3046807.00      -9999.00000    
   636722.000       3046807.00      -9999.00000    
   636762.000       3046807.00      -9999.00000    
   636802.000       3046807.00      -9999.00000    
   636842.000       3046807.00      -9999.00000    
   636882.000       3046807.00      -9999.00000    
   634122.000       3046847.00      -9999.00000    
   634162.000       3046847.00      -9999.00000    
   634202.000       3046847.00      -9999.00000    
   634242.000       3046847.00      -9999.00000    
   634282.000       3046847.00      -9999.00000    
   634322.000       3046847.00      -9999.00000    
   634362.000       3046847.00      -9999.00000    
   634402.000       3046847.00      -9999.00000    
   634442.000       3046847.00      -9999.00000    
   634482.000       3046847.00      -9999.00000    
   634522.000       3046847.00      -9999.00000    
   634562.000       3046847.00      -9999.00000    
   634602.000       3046847.00      -9999.00000    
   634642.000       3046847.00      -9999.00000    
   634682.000       3046847.00      -9999.00000    
   634722.000       3046847.00      -9999.00000    
   634762.000       3046847.00       206.221680    
   634802.000       3046847.00       215.562576    
   634842.000       3046847.00       228.026489    
   634882.000       3046847.00       240.187546    
   634922.000       3046847.00       252.570450    
   634962.000       3046847.00       252.886642    
   635002.000       3046847.00       232.559052    
   635042.000       3046847.00       206.010590    
   635082.000       3046847.00       186.797333    
   635122.000       3046847.00       175.567657    
   635162.000       3046847.00       167.905106    
   635202.000       3046847.00      -9999.00000    
   635242.000       3046847.00      -9999.00000    
   635282.000       3046847.00      -9999.00000    
   635322.000       3046847.00      -9999.00000    
   635362.000       3046847.00      -9999.00000    
   635402.000       3046847.00      -9999.00000    
   635442.000       3046847.00      -9999.00000    
   635482.000       3046847.00      -9999.00000    
   635522.000       3046847.00      -9999.00000    
   635562.000       3046847.00      -9999.00000    
   635602.000       3046847.00      -9999.00000    
   635642.000       3046847.00      -9999.00000    
   635682.000       3046847.00      -9999.00000    
   635722.000       3046847.00      -9999.00000    
   635762.000       3046847.00      -9999.00000    
   635802.000       3046847.00      -9999.00000    
   635842.000       3046847.00      -9999.00000    
   635882.000       3046847.00      -9999.00000    
   635922.000       3046847.00      -9999.00000    
   635962.000       3046847.00      -9999.00000    
   636002.000       3046847.00      -9999.00000    
   636042.000       3046847.00      -9999.00000    
   636082.000       3046847.00      -9999.00000    
   636122.000       3046847.00      -9999.00000    
   636162.000       3046847.00      -9999.00000    
   636202.000       3046847.00      -9999.00000    
   636242.000       3046847.00      -9999.00000    
   636282.000       3046847.00      -9999.00000    
   636322.000       3046847.00      -9999.00000    
   636362.000       3046847.00      -9999.00000    
   636402.000       3046847.00      -9999.00000    
   636442.000       3046847.00      -9999.00000    
   636482.000       3046847.00      -9999.00000    
   636522.000       3046847.00      -9999.00000    
   636562.000       3046847.00      -9999.00000    
   636602.000       3046847.00      -9999.00000    
   636642.000       3046847.00      -9999.00000    
   636682.000       3046847.00      -9999.00000    
   636722.000       3046847.00      -9999.00000    
   636762.000       3046847.00      -9999.00000    
   636802.000       3046847.00      -9999.00000    
   636842.000       3046847.00      -9999.00000    
   636882.000       3046847.00      -9999.00000    
   634122.000       3046887.00      -9999.00000    
   634162.000       3046887.00      -9999.00000    
   634202.000       3046887.00      -9999.00000    
   634242.000       3046887.00      -9999.00000    
   634282.000       3046887.00      -9999.00000    
   634322.000       3046887.00      -9999.00000    
   634362.000       3046887.00      -9999.00000    
   634402.000       3046887.00      -9999.00000    
   634442.000       3046887.00      -9999.00000    
   634482.000       3046887.00      -9999.00000    
   634522.000       3046887.00      -9999.00000    
   634562.000       3046887.00      -9999.00000    
   634602.000       3046887.00      -9999.00000    
   634642.000       3046887.00      -9999.00000    
   634682.000       3046887.00      -9999.00000    
   634722.000       3046887.00       215.226761    
   634762.000       3046887.00       220.594849    
   634802.000       3046887.00       227.430161    
   634842.000       3046887.00       237.071274    
   634882.000       3046887.00       247.548309    
   634922.000       3046887.00       255.290405    
   634962.000       3046887.00       252.354614    
   635002.000       3046887.00       234.319992    
   635042.000       3046887.00       207.598557    
   635082.000       3046887.00       184.234253    
   635122.000       3046887.00       174.209641    
   635162.000       3046887.00       167.415268    
   635202.000       3046887.00       160.134323    
   635242.000       3046887.00      -9999.00000    
   635282.000       3046887.00      -9999.00000    
   635322.000       3046887.00      -9999.00000    
   635362.000       3046887.00      -9999.00000    
   635402.000       3046887.00      -9999.00000    
   635442.000       3046887.00      -9999.00000    
   635482.000       3046887.00      -9999.00000    
   635522.000       3046887.00      -9999.00000    
   635562.000       3046887.00      -9999.00000    
   635602.000       3046887.00      -9999.00000    
   635642.000       3046887.00      -9999.00000    
   635682.000       3046887.00      -9999.00000    
   635722.000       3046887.00      -9999.00000    
   635762.000       3046887.00      -9999.00000    
   635802.000       3046887.00      -9999.00000    
   635842.000       3046887.00      -9999.00000    
   635882.000       3046887.00      -9999.00000    
   635922.000       3046887.00      -9999.00000    
   635962.000       3046887.00      -9999.00000    
   636002.000       3046887.00      -9999.00000    
   636042.000       3046887.00      -9999.00000    
   636082.000       3046887.00      -9999.00000    
   636122.000       3046887.00      -9999.00000    
   636162.000       3046887.00      -9999.00000    
   636202.000       3046887.00      -9999.00000    
   636242.000       3046887.00      -9999.00000    
   636282.000       3046887.00      -9999.00000    
   636322.000       3046887.00      -9999.00000    
   636362.000       3046887.00      -9999.00000    
   636402.000       3046887.00      -9999.00000    
   636442.000       3046887.00      -9999.00000    
   636482.000       3046887.00      -9999.00000    
   636522.000       3046887.00      -9999.00000    
   636562.000       3046887.00      -9999.00000    
   636602.000       3046887.00      -9999.00000    
   636642.000       3046887.00      -9999.00000    
   636682.000       3046887.00      -9999.00000    
   636722.000       3046887.00      -9999.00000    
   636762.000       3046887.00      -9999.00000    
   636802.000       3046887.00      -9999.00000    
   636842.000       3046887.00      -9999.00000    
   636882.000       3046887.00      -9999.00000    
   634122.000       3046927.00      -9999.00000    
   634162.000       3046927.00      -9999.00000    
   634202.000       3046927.00      -9999.00000    
   634242.000       3046927.00      -9999.00000    
   634282.000       3046927.00      -9999.00000    
   634322.000       3046927.00      -9999.00000    
   634362.000       3046927.00      -9999.00000    
   634402.000       3046927.00      -9999.00000    
   634442.000       3046927.00      -9999.00000    
   634482.000       3046927.00      -9999.00000    
   634522.000       3046927.00      -9999.00000    
   634562.000       3046927.00      -9999.00000    
   634602.000       3046927.00      -9999.00000    
   634642.000       3046927.00      -9999.00000    
   634682.000       3046927.00       221.388229    
   634722.000       3046927.00       227.488770    
   634762.000       3046927.00       236.073349    
   634802.000       3046927.00       238.297180    
   634842.000       3046927.00       243.407562    
   634882.000       3046927.00       249.015060    
   634922.000       3046927.00       251.870834    
   634962.000       3046927.00       247.293732    
   635002.000       3046927.00       232.540039    
   635042.000       3046927.00       211.228775    
   635082.000       3046927.00       191.898819    
   635122.000       3046927.00       179.098602    
   635162.000       3046927.00       173.506012    
   635202.000       3046927.00       162.198929    
   635242.000       3046927.00       149.634476    
   635282.000       3046927.00      -9999.00000    
   635322.000       3046927.00      -9999.00000    
   635362.000       3046927.00      -9999.00000    
   635402.000       3046927.00      -9999.00000    
   635442.000       3046927.00      -9999.00000    
   635482.000       3046927.00      -9999.00000    
   635522.000       3046927.00      -9999.00000    
   635562.000       3046927.00      -9999.00000    
   635602.000       3046927.00      -9999.00000    
   635642.000       3046927.00      -9999.00000    
   635682.000       3046927.00      -9999.00000    
   635722.000       3046927.00      -9999.00000    
   635762.000       3046927.00      -9999.00000    
   635802.000       3046927.00      -9999.00000    
   635842.000       3046927.00      -9999.00000    
   635882.000       3046927.00      -9999.00000    
   635922.000       3046927.00      -9999.00000    
   635962.000       3046927.00      -9999.00000    
   636002.000       3046927.00      -9999.00000    
   636042.000       3046927.00      -9999.00000    
   636082.000       3046927.00      -9999.00000    
   636122.000       3046927.00      -9999.00000    
   636162.000       3046927.00      -9999.00000    
   636202.000       3046927.00      -9999.00000    
   636242.000       3046927.00      -9999.00000    
   636282.000       3046927.00      -9999.00000    
   636322.000       3046927.00      -9999.00000    
   636362.000       3046927.00      -9999.00000    
   636402.000       3046927.00      -9999.00000    
   636442.000       3046927.00      -9999.00000    
   636482.000       3046927.00      -9999.00000    
   636522.000       3046927.00      -9999.00000    
   636562.000       3046927.00      -9999.00000    
   636602.000       3046927.00      -9999.00000    
   636642.000       3046927.00      -9999.00000    
   636682.000       3046927.00      -9999.00000    
   636722.000       3046927.00      -9999.00000    
   636762.000       3046927.00      -9999.00000    
   636802.000       3046927.00      -9999.00000    
   636842.000       3046927.00      -9999.00000    
   636882.000       3046927.00      -9999.00000    
   634122.000       3046967.00      -9999.00000    
   634162.000       3046967.00      -9999.00000    
   634202.000       3046967.00      -9999.00000    
   634242.000       3046967.00      -9999.00000    
   634282.000       3046967.00      -9999.00000    
   634322.000       3046967.00      -9999.00000    
   634362.000       3046967.00      -9999.00000    
   634402.000       3046967.00      -9999.00000    
   634442.000       3046967.00      -9999.00000    
   634482.000       3046967.00      -9999.00000    
   634522.000       3046967.00      -9999.00000    
   634562.000       3046967.00      -9999.00000    
   634602.000       3046967.00      -9999.00000    
   634642.000       3046967.00       234.955399    
   634682.000       3046967.00       248.652847    
   634722.000       3046967.00       254.610626    
   634762.000       3046967.00       251.195007    
   634802.000       3046967.00       245.316772    
   634842.000       3046967.00       247.760117    
   634882.000       3046967.00       247.827438    
   634922.000       3046967.00       247.771637    
   634962.000       3046967.00       243.393570    
   635002.000       3046967.00       232.124100    
   635042.000       3046967.00       215.827560    
   635082.000       3046967.00       199.642242    
   635122.000       3046967.00       187.516937    
   635162.000       3046967.00       178.702362    
   635202.000       3046967.00       165.193527    
   635242.000       3046967.00       150.988922    
   635282.000       3046967.00       137.567017    
   635322.000       3046967.00      -9999.00000    
   635362.000       3046967.00      -9999.00000    
   635402.000       3046967.00      -9999.00000    
   635442.000       3046967.00      -9999.00000    
   635482.000       3046967.00      -9999.00000    
   635522.000       3046967.00      -9999.00000    
   635562.000       3046967.00      -9999.00000    
   635602.000       3046967.00      -9999.00000    
   635642.000       3046967.00      -9999.00000    
   635682.000       3046967.00      -9999.00000    
   635722.000       3046967.00      -9999.00000    
   635762.000       3046967.00      -9999.00000    
   635802.000       3046967.00      -9999.00000    
   635842.000       3046967.00      -9999.00000    
   635882.000       3046967.00      -9999.00000    
   635922.000       3046967.00      -9999.00000    
   635962.000       3046967.00      -9999.00000    
   636002.000       3046967.00      -9999.00000    
   636042.000       3046967.00      -9999.00000    
   636082.000       3046967.00      -9999.00000    
   636122.000       3046967.00      -9999.00000    
   636162.000       3046967.00      -9999.00000    
   636202.000       3046967.00      -9999.00000    
   636242.000       3046967.00      -9999.00000    
   636282.000       3046967.00      -9999.00000    
   636322.000       3046967.00      -9999.00000    
   636362.000       3046967.00      -9999.00000    
   636402.000       3046967.00      -9999.00000    
   636442.000       3046967.00      -9999.00000    
   636482.000       3046967.00      -9999.00000    
   636522.000       3046967.00      -9999.00000    
   636562.000       3046967.00      -9999.00000    
   636602.000       3046967.00      -9999.00000    
   636642.000       3046967.00      -9999.00000    
   636682.000       3046967.00      -9999.00000    
   636722.000       3046967.00      -9999.00000    
   636762.000       3046967.00      -9999.00000    
   636802.000       3046967.00      -9999.00000    
   636842.000       3046967.00      -9999.00000    
   636882.000       3046967.00      -9999.00000    
   634122.000       3047007.00      -9999.00000    
   634162.000       3047007.00      -9999.00000    
   634202.000       3047007.00      -9999.00000    
   634242.000       3047007.00      -9999.00000    
   634282.000       3047007.00      -9999.00000    
   634322.000       3047007.00      -9999.00000    
   634362.000       3047007.00      -9999.00000    
   634402.000       3047007.00      -9999.00000    
   634442.000       3047007.00      -9999.00000    
   634482.000       3047007.00      -9999.00000    
   634522.000       3047007.00      -9999.00000    
   634562.000       3047007.00      -9999.00000    
   634602.000       3047007.00       233.951431    
   634642.000       3047007.00       255.332489    
   634682.000       3047007.00       248.022537    
   634722.000       3047007.00       252.541718    
   634762.000       3047007.00       256.697845    
   634802.000       3047007.00       252.457932    
   634842.000       3047007.00       250.426300    
   634882.000       3047007.00       248.093597    
   634922.000       3047007.00       245.980057    
   634962.000       3047007.00       240.906860    
   635002.000       3047007.00       233.228378    
   635042.000       3047007.00       219.234589    
   635082.000       3047007.00       204.966324    
   635122.000       3047007.00       193.152725    
   635162.000       3047007.00       183.580658    
   635202.000       3047007.00       172.107254    
   635242.000       3047007.00       155.964844    
   635282.000       3047007.00       140.453918    
   635322.000       3047007.00       130.679993    
   635362.000       3047007.00       137.629135    
   635402.000       3047007.00      -9999.00000    
   635442.000       3047007.00      -9999.00000    
   635482.000       3047007.00      -9999.00000    
   635522.000       3047007.00      -9999.00000    
   635562.000       3047007.00      -9999.00000    
   635602.000       3047007.00      -9999.00000    
   635642.000       3047007.00      -9999.00000    
   635682.000       3047007.00      -9999.00000    
   635722.000       3047007.00      -9999.00000    
   635762.000       3047007.00      -9999.00000    
   635802.000       3047007.00      -9999.00000    
   635842.000       3047007.00      -9999.00000    
   635882.000       3047007.00      -9999.00000    
   635922.000       3047007.00      -9999.00000    
   635962.000       3047007.00      -9999.00000    
   636002.000       3047007.00      -9999.00000    
   636042.000       3047007.00      -9999.00000    
   636082.000       3047007.00      -9999.00000    
   636122.000       3047007.00      -9999.00000    
   636162.000       3047007.00      -9999.00000    
   636202.000       3047007.00      -9999.00000    
   636242.000       3047007.00      -9999.00000    
   636282.000       3047007.00      -9999.00000    
   636322.000       3047007.00      -9999.00000    
   636362.000       3047007.00      -9999.00000    
   636402.000       3047007.00      -9999.00000    
   636442.000       3047007.00      -9999.00000    
   636482.000       3047007.00      -9999.00000    
   636522.000       3047007.00      -9999.00000    
   636562.000       3047007.00      -9999.00000    
   636602.000       3047007.00      -9999.00000    
   636642.000       3047007.00      -9999.00000    
   636682.000       3047007.00      -9999.00000    
   636722.000       3047007.00      -9999.00000    
   636762.000       3047007.00      -9999.00000    
   636802.000       3047007.00      -9999.00000    
   636842.000       3047007.00      -9999.00000    
   636882.000       3047007.00      -9999.00000    
   634122.000       3047047.00      -9999.00000    
   634162.000       3047047.00      -9999.00000    
   634202.000       3047047.00      -9999.00000    
   634242.000       3047047.00      -9999.00000    
   634282.000       3047047.00      -9999.00000    
   634322.000       3047047.00      -9999.00000    
   634362.000       3047047.00      -9999.00000    
   634402.000       3047047.00      -9999.00000    
   634442.000       3047047.00      -9999.00000    
   634482.000       3047047.00      -9999.00000    
   634522.000       3047047.00      -9999.00000    
   634562.000       3047047.00      -9999.00000    
   634602.000       3047047.00       256.781372    
   634642.000       3047047.00       272.510284    
   634682.000       3047047.00       270.380035    
   634722.000       3047047.00       263.774597    
   634762.000       3047047.00       261.306946    
   634802.000       3047047.00       257.366638    
   634842.000       3047047.00       253.297501    
   634882.000       3047047.00       249.469131    
   634922.000       3047047.00       245.614914    
   634962.000       3047047.00       241.149200    
   635002.000       3047047.00       233.377655    
   635042.000       3047047.00       218.906357    
   635082.000       3047047.00       206.822769    
   635122.000       3047047.00       195.712463    
   635162.000       3047047.00       187.581573    
   635202.000       3047047.00       180.297684    
   635242.000       3047047.00       163.659805    
   635282.000       3047047.00       147.757965    
   635322.000       3047047.00       140.400864    
   635362.000       3047047.00       144.138519    
   635402.000       3047047.00       146.919144    
   635442.000       3047047.00      -9999.00000    
   635482.000       3047047.00      -9999.00000    
   635522.000       3047047.00      -9999.00000    
   635562.000       3047047.00      -9999.00000    
   635602.000       3047047.00      -9999.00000    
   635642.000       3047047.00      -9999.00000    
   635682.000       3047047.00      -9999.00000    
   635722.000       3047047.00      -9999.00000    
   635762.000       3047047.00      -9999.00000    
   635802.000       3047047.00      -9999.00000    
   635842.000       3047047.00      -9999.00000    
   635882.000       3047047.00      -9999.00000    
   635922.000       3047047.00      -9999.00000    
   635962.000       3047047.00      -9999.00000    
   636002.000       3047047.00      -9999.00000    
   636042.000       3047047.00      -9999.00000    
   636082.000       3047047.00      -9999.00000    
   636122.000       3047047.00      -9999.00000    
   636162.000       3047047.00      -9999.00000    
   636202.000       3047047.00      -9999.00000    
   636242.000       3047047.00      -9999.00000    
   636282.000       3047047.00      -9999.00000    
   636322.000       3047047.00      -9999.00000    
   636362.000       3047047.00      -9999.00000    
   636402.000       3047047.00      -9999.00000    
   636442.000       3047047.00      -9999.00000    
   636482.000       3047047.00      -9999.00000    
   636522.000       3047047.00      -9999.00000    
   636562.000       3047047.00      -9999.00000    
   636602.000       3047047.00      -9999.00000    
   636642.000       3047047.00      -9999.00000    
   636682.000       3047047.00      -9999.00000    
   636722.000       3047047.00      -9999.00000    
   636762.000       3047047.00      -9999.00000    
   636802.000       3047047.00      -9999.00000    
   636842.000       3047047.00      -9999.00000    
   636882.000       3047047.00      -9999.00000    
   634122.000       3047087.00      -9999.00000    
   634162.000       3047087.00      -9999.00000    
   634202.000       3047087.00      -9999.00000    
   634242.000       3047087.00      -9999.00000    
   634282.000       3047087.00      -9999.00000    
   634322.000       3047087.00      -9999.00000    
   634362.000       3047087.00      -9999.00000    
   634402.000       3047087.00      -9999.00000    
   634442.000       3047087.00      -9999.00000    
   634482.000       3047087.00      -9999.00000    
   634522.000       3047087.00      -9999.00000    
   634562.000       3047087.00       261.649872    
   634602.000       3047087.00       268.339966    
   634642.000       3047087.00       279.058685    
   634682.000       3047087.00       276.021851    
   634722.000       3047087.00       269.902039    
   634762.000       3047087.00       264.432800    
   634802.000       3047087.00       259.413239    
   634842.000       3047087.00       254.354782    
   634882.000       3047087.00       249.264771    
   634922.000       3047087.00       243.983994    
   634962.000       3047087.00       237.625809    
   635002.000       3047087.00       228.291992    
   635042.000       3047087.00       215.268539    
   635082.000       3047087.00       204.676224    
   635122.000       3047087.00       194.313324    
   635162.000       3047087.00       188.076981    
   635202.000       3047087.00       182.516571    
   635242.000       3047087.00       168.579391    
   635282.000       3047087.00       152.709625    
   635322.000       3047087.00       147.257690    
   635362.000       3047087.00       146.611984    
   635402.000       3047087.00       146.358414    
   635442.000       3047087.00       144.115250    
   635482.000       3047087.00       141.451492    
   635522.000       3047087.00      -9999.00000    
   635562.000       3047087.00      -9999.00000    
   635602.000       3047087.00      -9999.00000    
   635642.000       3047087.00      -9999.00000    
   635682.000       3047087.00      -9999.00000    
   635722.000       3047087.00      -9999.00000    
   635762.000       3047087.00      -9999.00000    
   635802.000       3047087.00      -9999.00000    
   635842.000       3047087.00      -9999.00000    
   635882.000       3047087.00      -9999.00000    
   635922.000       3047087.00      -9999.00000    
   635962.000       3047087.00      -9999.00000    
   636002.000       3047087.00      -9999.00000    
   636042.000       3047087.00      -9999.00000    
   636082.000       3047087.00      -9999.00000    
   636122.000       3047087.00      -9999.00000    
   636162.000       3047087.00      -9999.00000    
   636202.000       3047087.00      -9999.00000    
   636242.000       3047087.00      -9999.00000    
   636282.000       3047087.00      -9999.00000    
   636322.000       3047087.00      -9999.00000    
   636362.000       3047087.00      -9999.00000    
   636402.000       3047087.00      -9999.00000    
   636442.000       3047087.00      -9999.00000    
   636482.000       3047087.00      -9999.00000    
   636522.000       3047087.00      -9999.00000    
   636562.000       3047087.00      -9999.00000    
   636602.000       3047087.00      -9999.00000    
   636642.000       3047087.00      -9999.00000    
   636682.000       3047087.00      -9999.00000    
   636722.000       3047087.00      -9999.00000    
   636762.000       3047087.00      -9999.00000    
   636802.000       3047087.00      -9999.00000    
   636842.000       3047087.00      -9999.00000    
   636882.000       3047087.00      -9999.00000    
   634122.000       3047127.00      -9999.00000    
   634162.000       3047127.00      -9999.00000    
   634202.000       3047127.00      -9999.00000    
   634242.000       3047127.00      -9999.00000    
   634282.000       3047127.00      -9999.00000    
   634322.000       3047127.00      -9999.00000    
   634362.000       3047127.00      -9999.00000    
   634402.000       3047127.00      -9999.00000    
   634442.000       3047127.00      -9999.00000    
   634482.000       3047127.00      -9999.00000    
   634522.000       3047127.00       250.045425    
   634562.000       3047127.00       253.065414    
   634602.000       3047127.00       253.010437    
   634642.000       3047127.00       262.172058    
   634682.000       3047127.00       267.698883    
   634722.000       3047127.00       266.050476    
   634762.000       3047127.00       262.371490    
   634802.000       3047127.00       257.943481    
   634842.000       3047127.00       252.659698    
   634882.000       3047127.00       246.744766    
   634922.000       3047127.00       239.954514    
   634962.000       3047127.00       231.767227    
   635002.000       3047127.00       221.467224    
   635042.000       3047127.00       209.475327    
   635082.000       3047127.00       197.758636    
   635122.000       3047127.00       187.468491    
   635162.000       3047127.00       180.613144    
   635202.000       3047127.00       177.326294    
   635242.000       3047127.00       160.883057    
   635282.000       3047127.00       150.547379    
   635322.000       3047127.00       149.877823    
   635362.000       3047127.00       147.479813    
   635402.000       3047127.00       145.326660    
   635442.000       3047127.00       145.378372    
   635482.000       3047127.00       142.575577    
   635522.000       3047127.00       143.139923    
   635562.000       3047127.00       148.160950    
   635602.000       3047127.00       156.697159    
   635642.000       3047127.00      -9999.00000    
   635682.000       3047127.00      -9999.00000    
   635722.000       3047127.00      -9999.00000    
   635762.000       3047127.00      -9999.00000    
   635802.000       3047127.00      -9999.00000    
   635842.000       3047127.00      -9999.00000    
   635882.000       3047127.00      -9999.00000    
   635922.000       3047127.00      -9999.00000    
   635962.000       3047127.00      -9999.00000    
   636002.000       3047127.00      -9999.00000    
   636042.000       3047127.00      -9999.00000    
   636082.000       3047127.00      -9999.00000    
   636122.000       3047127.00      -9999.00000    
   636162.000       3047127.00      -9999.00000    
   636202.000       3047127.00      -9999.00000    
   636242.000       3047127.00      -9999.00000    
   636282.000       3047127.00      -9999.00000    
   636322.000       3047127.00      -9999.00000    
   636362.000       3047127.00      -9999.00000    
   636402.000       3047127.00      -9999.00000    
   636442.000       3047127.00      -9999.00000    
   636482.000       3047127.00      -9999.00000    
   636522.000       3047127.00      -9999.00000    
   636562.000       3047127.00      -9999.00000    
   636602.000       3047127.00      -9999.00000    
   636642.000       3047127.00      -9999.00000    
   636682.000       3047127.00      -9999.00000    
   636722.000       3047127.00      -9999.00000    
   636762.000       3047127.00      -9999.00000    
   636802.000       3047127.00      -9999.00000    
   636842.000       3047127.00      -9999.00000    
   636882.000       3047127.00      -9999.00000    
   634122.000       3047167.00      -9999.00000    
   634162.000       3047167.00      -9999.00000    
   634202.000       3047167.00      -9999.00000    
   634242.000       3047167.00      -9999.00000    
   634282.000       3047167.00      -9999.00000    
   634322.000       3047167.00      -9999.00000    
   634362.000       3047167.00      -9999.00000    
   634402.000       3047167.00      -9999.00000    
   634442.000       3047167.00      -9999.00000    
   634482.000       3047167.00       217.331787    
   634522.000       3047167.00       228.664490    
   634562.000       3047167.00       234.926056    
   634602.000       3047167.00       236.375076    
   634642.000       3047167.00       243.739334    
   634682.000       3047167.00       253.030106    
   634722.000       3047167.00       256.642975    
   634762.000       3047167.00       256.252228    
   634802.000       3047167.00       253.245865    
   634842.000       3047167.00       248.310013    
   634882.000       3047167.00       242.144745    
   634922.000       3047167.00       234.368652    
   634962.000       3047167.00       224.952774    
   635002.000       3047167.00       213.983795    
   635042.000       3047167.00       201.539551    
   635082.000       3047167.00       188.824890    
   635122.000       3047167.00       176.701538    
   635162.000       3047167.00       166.150513    
   635202.000       3047167.00       159.399109    
   635242.000       3047167.00       157.084656    
   635282.000       3047167.00       150.795715    
   635322.000       3047167.00       149.106033    
   635362.000       3047167.00       148.309067    
   635402.000       3047167.00       147.277496    
   635442.000       3047167.00       146.142029    
   635482.000       3047167.00       144.004150    
   635522.000       3047167.00       143.768723    
   635562.000       3047167.00       146.040970    
   635602.000       3047167.00       157.168854    
   635642.000       3047167.00       168.167877    
   635682.000       3047167.00       180.985092    
   635722.000       3047167.00       195.421310    
   635762.000       3047167.00       215.489395    
   635802.000       3047167.00       237.450211    
   635842.000       3047167.00      -9999.00000    
   635882.000       3047167.00      -9999.00000    
   635922.000       3047167.00      -9999.00000    
   635962.000       3047167.00      -9999.00000    
   636002.000       3047167.00      -9999.00000    
   636042.000       3047167.00      -9999.00000    
   636082.000       3047167.00      -9999.00000    
   636122.000       3047167.00      -9999.00000    
   636162.000       3047167.00      -9999.00000    
   636202.000       3047167.00      -9999.00000    
   636242.000       3047167.00      -9999.00000    
   636282.000       3047167.00      -9999.00000    
   636322.000       3047167.00      -9999.00000    
   636362.000       3047167.00      -9999.00000    
   636402.000       3047167.00      -9999.00000    
   636442.000       3047167.00      -9999.00000    
   636482.000       3047167.00      -9999.00000    
   636522.000       3047167.00      -9999.00000    
   636562.000       3047167.00      -9999.00000    
   636602.000       3047167.00      -9999.00000    
   636642.000       3047167.00      -9999.00000    
   636682.000       3047167.00      -9999.00000    
   636722.000       3047167.00      -9999.00000    
   636762.000       3047167.00      -9999.00000    
   636802.000       3047167.00      -9999.00000    
   636842.000       3047167.00      -9999.00000    
   636882.000       3047167.00      -9999.00000    
   634122.000       3047207.00      -9999.00000    
   634162.000       3047207.00      -9999.00000    
   634202.000       3047207.00      -9999.00000    
   634242.000       3047207.00      -9999.00000    
   634282.000       3047207.00      -9999.00000    
   634322.000       3047207.00      -9999.00000    
   634362.000       3047207.00      -9999.00000    
   634402.000       3047207.00      -9999.00000    
   634442.000       3047207.00       197.866058    
   634482.000       3047207.00       203.185760    
   634522.000       3047207.00       211.904694    
   634562.000       3047207.00       220.013199    
   634602.000       3047207.00       225.927460    
   634642.000       3047207.00       233.749405    
   634682.000       3047207.00       241.860199    
   634722.000       3047207.00       246.981644    
   634762.000       3047207.00       248.377716    
   634802.000       3047207.00       246.945541    
   634842.000       3047207.00       242.613068    
   634882.000       3047207.00       236.477646    
   634922.000       3047207.00       228.134659    
   634962.000       3047207.00       218.070740    
   635002.000       3047207.00       206.400452    
   635042.000       3047207.00       193.455841    
   635082.000       3047207.00       180.097046    
   635122.000       3047207.00       167.156784    
   635162.000       3047207.00       155.575363    
   635202.000       3047207.00       148.694168    
   635242.000       3047207.00       148.850052    
   635282.000       3047207.00       148.671417    
   635322.000       3047207.00       149.320572    
   635362.000       3047207.00       150.230820    
   635402.000       3047207.00       150.133224    
   635442.000       3047207.00       148.939270    
   635482.000       3047207.00       147.421829    
   635522.000       3047207.00       147.018906    
   635562.000       3047207.00       150.975784    
   635602.000       3047207.00       161.905075    
   635642.000       3047207.00       175.718628    
   635682.000       3047207.00       193.276779    
   635722.000       3047207.00       207.200272    
   635762.000       3047207.00       230.834763    
   635802.000       3047207.00       254.277039    
   635842.000       3047207.00       263.848755    
   635882.000       3047207.00      -9999.00000    
   635922.000       3047207.00      -9999.00000    
   635962.000       3047207.00      -9999.00000    
   636002.000       3047207.00      -9999.00000    
   636042.000       3047207.00      -9999.00000    
   636082.000       3047207.00      -9999.00000    
   636122.000       3047207.00      -9999.00000    
   636162.000       3047207.00      -9999.00000    
   636202.000       3047207.00      -9999.00000    
   636242.000       3047207.00      -9999.00000    
   636282.000       3047207.00      -9999.00000    
   636322.000       3047207.00      -9999.00000    
   636362.000       3047207.00      -9999.00000    
   636402.000       3047207.00      -9999.00000    
   636442.000       3047207.00      -9999.00000    
   636482.000       3047207.00      -9999.00000    
   636522.000       3047207.00      -9999.00000    
   636562.000       3047207.00      -9999.00000    
   636602.000       3047207.00      -9999.00000    
   636642.000       3047207.00      -9999.00000    
   636682.000       3047207.00      -9999.00000    
   636722.000       3047207.00      -9999.00000    
   636762.000       3047207.00      -9999.00000    
   636802.000       3047207.00      -9999.00000    
   636842.000       3047207.00      -9999.00000    
   636882.000       3047207.00      -9999.00000    
   634122.000       3047247.00      -9999.00000    
   634162.000       3047247.00      -9999.00000    
   634202.000       3047247.00      -9999.00000    
   634242.000       3047247.00      -9999.00000    
   634282.000       3047247.00      -9999.00000    
   634322.000       3047247.00      -9999.00000    
   634362.000       3047247.00      -9999.00000    
   634402.000       3047247.00      -9999.00000    
   634442.000       3047247.00       171.893112    
   634482.000       3047247.00       185.650436    
   634522.000       3047247.00       198.143585    
   634562.000       3047247.00       209.536514    
   634602.000       3047247.00       218.753799    
   634642.000       3047247.00       226.553772    
   634682.000       3047247.00       233.850525    
   634722.000       3047247.00       238.787781    
   634762.000       3047247.00       240.793991    
   634802.000       3047247.00       240.080399    
   634842.000       3047247.00       236.146042    
   634882.000       3047247.00       229.855545    
   634922.000       3047247.00       221.804901    
   634962.000       3047247.00       211.402359    
   635002.000       3047247.00       199.544067    
   635042.000       3047247.00       186.539459    
   635082.000       3047247.00       173.505447    
   635122.000       3047247.00       161.156067    
   635162.000       3047247.00       150.914001    
   635202.000       3047247.00       144.244553    
   635242.000       3047247.00       144.349304    
   635282.000       3047247.00       147.035278    
   635322.000       3047247.00       151.459427    
   635362.000       3047247.00       154.368546    
   635402.000       3047247.00       154.853973    
   635442.000       3047247.00       153.731354    
   635482.000       3047247.00       152.723846    
   635522.000       3047247.00       153.837418    
   635562.000       3047247.00       159.331055    
   635602.000       3047247.00       169.850006    
   635642.000       3047247.00       185.438553    
   635682.000       3047247.00       203.341263    
   635722.000       3047247.00       220.522629    
   635762.000       3047247.00       244.631958    
   635802.000       3047247.00       268.113007    
   635842.000       3047247.00       279.892822    
   635882.000       3047247.00      -9999.00000    
   635922.000       3047247.00      -9999.00000    
   635962.000       3047247.00      -9999.00000    
   636002.000       3047247.00      -9999.00000    
   636042.000       3047247.00      -9999.00000    
   636082.000       3047247.00      -9999.00000    
   636122.000       3047247.00      -9999.00000    
   636162.000       3047247.00      -9999.00000    
   636202.000       3047247.00      -9999.00000    
   636242.000       3047247.00      -9999.00000    
   636282.000       3047247.00      -9999.00000    
   636322.000       3047247.00      -9999.00000    
   636362.000       3047247.00      -9999.00000    
   636402.000       3047247.00      -9999.00000    
   636442.000       3047247.00      -9999.00000    
   636482.000       3047247.00      -9999.00000    
   636522.000       3047247.00      -9999.00000    
   636562.000       3047247.00      -9999.00000    
   636602.000       3047247.00      -9999.00000    
   636642.000       3047247.00      -9999.00000    
   636682.000       3047247.00      -9999.00000    
   636722.000       3047247.00      -9999.00000    
   636762.000       3047247.00      -9999.00000    
   636802.000       3047247.00      -9999.00000    
   636842.000       3047247.00      -9999.00000    
   636882.000       3047247.00      -9999.00000    
   634122.000       3047287.00      -9999.00000    
   634162.000       3047287.00      -9999.00000    
   634202.000       3047287.00      -9999.00000    
   634242.000       3047287.00      -9999.00000    
   634282.000       3047287.00      -9999.00000    
   634322.000       3047287.00      -9999.00000    
   634362.000       3047287.00      -9999.00000    
   634402.000       3047287.00       143.340286    
   634442.000       3047287.00       157.657089    
   634482.000       3047287.00       173.831955    
   634522.000       3047287.00       188.625336    
   634562.000       3047287.00       201.435516    
   634602.000       3047287.00       212.561676    
   634642.000       3047287.00       221.214874    
   634682.000       3047287.00       228.187469    
   634722.000       3047287.00       232.810684    
   634762.000       3047287.00       234.900681    
   634802.000       3047287.00       234.126343    
   634842.000       3047287.00       230.631531    
   634882.000       3047287.00       224.284393    
   634922.000       3047287.00       215.853531    
   634962.000       3047287.00       205.673416    
   635002.000       3047287.00       193.923798    
   635042.000       3047287.00       181.447937    
   635082.000       3047287.00       169.389038    
   635122.000       3047287.00       158.013596    
   635162.000       3047287.00       150.037247    
   635202.000       3047287.00       147.319855    
   635242.000       3047287.00       147.653519    
   635282.000       3047287.00       151.168686    
   635322.000       3047287.00       157.285843    
   635362.000       3047287.00       161.342041    
   635402.000       3047287.00       161.030609    
   635442.000       3047287.00       159.134628    
   635482.000       3047287.00       158.359467    
   635522.000       3047287.00       160.527512    
   635562.000       3047287.00       166.975204    
   635602.000       3047287.00       178.127701    
   635642.000       3047287.00       193.598221    
   635682.000       3047287.00       211.543091    
   635722.000       3047287.00       230.801056    
   635762.000       3047287.00       251.991043    
   635802.000       3047287.00       270.578522    
   635842.000       3047287.00       279.839081    
   635882.000       3047287.00      -9999.00000    
   635922.000       3047287.00      -9999.00000    
   635962.000       3047287.00      -9999.00000    
   636002.000       3047287.00      -9999.00000    
   636042.000       3047287.00      -9999.00000    
   636082.000       3047287.00      -9999.00000    
   636122.000       3047287.00      -9999.00000    
   636162.000       3047287.00      -9999.00000    
   636202.000       3047287.00      -9999.00000    
   636242.000       3047287.00      -9999.00000    
   636282.000       3047287.00      -9999.00000    
   636322.000       3047287.00      -9999.00000    
   636362.000       3047287.00      -9999.00000    
   636402.000       3047287.00      -9999.00000    
   636442.000       3047287.00      -9999.00000    
   636482.000       3047287.00      -9999.00000    
   636522.000       3047287.00      -9999.00000    
   636562.000       3047287.00      -9999.00000    
   636602.000       3047287.00      -9999.00000    
   636642.000       3047287.00      -9999.00000    
   636682.000       3047287.00      -9999.00000    
   636722.000       3047287.00      -9999.00000    
   636762.000       3047287.00      -9999.00000    
   636802.000       3047287.00      -9999.00000    
   636842.000       3047287.00      -9999.00000    
   636882.000       3047287.00      -9999.00000    
   634122.000       3047327.00      -9999.00000    
   634162.000       3047327.00      -9999.00000    
   634202.000       3047327.00      -9999.00000    
   634242.000       3047327.00      -9999.00000    
   634282.000       3047327.00      -9999.00000    
   634322.000       3047327.00      -9999.00000    
   634362.000       3047327.00       127.939522    
   634402.000       3047327.00       137.929962    
   634442.000       3047327.00       153.084198    
   634482.000       3047327.00       169.492325    
   634522.000       3047327.00       185.639771    
   634562.000       3047327.00       198.677185    
   634602.000       3047327.00       209.506775    
   634642.000       3047327.00       218.084457    
   634682.000       3047327.00       224.404221    
   634722.000       3047327.00       228.657089    
   634762.000       3047327.00       230.431473    
   634802.000       3047327.00       229.720551    
   634842.000       3047327.00       226.073410    
   634882.000       3047327.00       219.832855    
   634922.000       3047327.00       211.391937    
   634962.000       3047327.00       201.322266    
   635002.000       3047327.00       190.205948    
   635042.000       3047327.00       177.890030    
   635082.000       3047327.00       166.006668    
   635122.000       3047327.00       156.030472    
   635162.000       3047327.00       149.213913    
   635202.000       3047327.00       146.457245    
   635242.000       3047327.00       148.248672    
   635282.000       3047327.00       156.260696    
   635322.000       3047327.00       167.273804    
   635362.000       3047327.00       170.143005    
   635402.000       3047327.00       166.219971    
   635442.000       3047327.00       162.712158    
   635482.000       3047327.00       161.969208    
   635522.000       3047327.00       164.831451    
   635562.000       3047327.00       172.093979    
   635602.000       3047327.00       183.753998    
   635642.000       3047327.00       199.066559    
   635682.000       3047327.00       216.526566    
   635722.000       3047327.00       234.922867    
   635762.000       3047327.00       252.470947    
   635802.000       3047327.00       266.247437    
   635842.000       3047327.00       272.992584    
   635882.000       3047327.00      -9999.00000    
   635922.000       3047327.00      -9999.00000    
   635962.000       3047327.00      -9999.00000    
   636002.000       3047327.00      -9999.00000    
   636042.000       3047327.00      -9999.00000    
   636082.000       3047327.00      -9999.00000    
   636122.000       3047327.00      -9999.00000    
   636162.000       3047327.00      -9999.00000    
   636202.000       3047327.00      -9999.00000    
   636242.000       3047327.00      -9999.00000    
   636282.000       3047327.00      -9999.00000    
   636322.000       3047327.00      -9999.00000    
   636362.000       3047327.00      -9999.00000    
   636402.000       3047327.00      -9999.00000    
   636442.000       3047327.00      -9999.00000    
   636482.000       3047327.00      -9999.00000    
   636522.000       3047327.00      -9999.00000    
   636562.000       3047327.00      -9999.00000    
   636602.000       3047327.00      -9999.00000    
   636642.000       3047327.00      -9999.00000    
   636682.000       3047327.00      -9999.00000    
   636722.000       3047327.00      -9999.00000    
   636762.000       3047327.00      -9999.00000    
   636802.000       3047327.00      -9999.00000    
   636842.000       3047327.00      -9999.00000    
   636882.000       3047327.00      -9999.00000    
   634122.000       3047367.00      -9999.00000    
   634162.000       3047367.00      -9999.00000    
   634202.000       3047367.00      -9999.00000    
   634242.000       3047367.00      -9999.00000    
   634282.000       3047367.00      -9999.00000    
   634322.000       3047367.00       117.081406    
   634362.000       3047367.00       125.476952    
   634402.000       3047367.00       139.000854    
   634442.000       3047367.00       155.825729    
   634482.000       3047367.00       171.996185    
   634522.000       3047367.00       185.269394    
   634562.000       3047367.00       198.851501    
   634602.000       3047367.00       209.345932    
   634642.000       3047367.00       217.211716    
   634682.000       3047367.00       222.534531    
   634722.000       3047367.00       225.932877    
   634762.000       3047367.00       226.959106    
   634802.000       3047367.00       226.006760    
   634842.000       3047367.00       222.467712    
   634882.000       3047367.00       216.190872    
   634922.000       3047367.00       207.894470    
   634962.000       3047367.00       198.346542    
   635002.000       3047367.00       186.615967    
   635042.000       3047367.00       175.534470    
   635082.000       3047367.00       164.297440    
   635122.000       3047367.00       154.913422    
   635162.000       3047367.00       148.121109    
   635202.000       3047367.00       144.860199    
   635242.000       3047367.00       147.288284    
   635282.000       3047367.00       163.995438    
   635322.000       3047367.00       182.669083    
   635362.000       3047367.00       173.559158    
   635402.000       3047367.00       166.291412    
   635442.000       3047367.00       162.160034    
   635482.000       3047367.00       161.512909    
   635522.000       3047367.00       165.097839    
   635562.000       3047367.00       173.450012    
   635602.000       3047367.00       185.532425    
   635642.000       3047367.00       200.685410    
   635682.000       3047367.00       217.472321    
   635722.000       3047367.00       233.818344    
   635762.000       3047367.00       247.925888    
   635802.000       3047367.00       257.900970    
   635842.000       3047367.00       262.173096    
   635882.000       3047367.00      -9999.00000    
   635922.000       3047367.00      -9999.00000    
   635962.000       3047367.00      -9999.00000    
   636002.000       3047367.00      -9999.00000    
   636042.000       3047367.00      -9999.00000    
   636082.000       3047367.00      -9999.00000    
   636122.000       3047367.00      -9999.00000    
   636162.000       3047367.00      -9999.00000    
   636202.000       3047367.00      -9999.00000    
   636242.000       3047367.00      -9999.00000    
   636282.000       3047367.00      -9999.00000    
   636322.000       3047367.00      -9999.00000    
   636362.000       3047367.00      -9999.00000    
   636402.000       3047367.00      -9999.00000    
   636442.000       3047367.00      -9999.00000    
   636482.000       3047367.00      -9999.00000    
   636522.000       3047367.00      -9999.00000    
   636562.000       3047367.00      -9999.00000    
   636602.000       3047367.00      -9999.00000    
   636642.000       3047367.00      -9999.00000    
   636682.000       3047367.00      -9999.00000    
   636722.000       3047367.00      -9999.00000    
   636762.000       3047367.00      -9999.00000    
   636802.000       3047367.00      -9999.00000    
   636842.000       3047367.00      -9999.00000    
   636882.000       3047367.00      -9999.00000    
   634122.000       3047407.00      -9999.00000    
   634162.000       3047407.00      -9999.00000    
   634202.000       3047407.00      -9999.00000    
   634242.000       3047407.00      -9999.00000    
   634282.000       3047407.00       100.322128    
   634322.000       3047407.00       112.160011    
   634362.000       3047407.00       126.797447    
   634402.000       3047407.00       143.856003    
   634442.000       3047407.00       162.497803    
   634482.000       3047407.00       181.717651    
   634522.000       3047407.00       193.061386    
   634562.000       3047407.00       202.685257    
   634602.000       3047407.00       211.434402    
   634642.000       3047407.00       218.000946    
   634682.000       3047407.00       222.221451    
   634722.000       3047407.00       224.277512    
   634762.000       3047407.00       224.345657    
   634802.000       3047407.00       222.798874    
   634842.000       3047407.00       219.718491    
   634882.000       3047407.00       213.469116    
   634922.000       3047407.00       205.704773    
   634962.000       3047407.00       196.577866    
   635002.000       3047407.00       184.747055    
   635042.000       3047407.00       173.998566    
   635082.000       3047407.00       163.285507    
   635122.000       3047407.00       154.137909    
   635162.000       3047407.00       147.500290    
   635202.000       3047407.00       144.612015    
   635242.000       3047407.00       149.899948    
   635282.000       3047407.00       159.740387    
   635322.000       3047407.00       168.020432    
   635362.000       3047407.00       163.591125    
   635402.000       3047407.00       159.700180    
   635442.000       3047407.00       156.181442    
   635482.000       3047407.00       156.624695    
   635522.000       3047407.00       161.313828    
   635562.000       3047407.00       170.091583    
   635602.000       3047407.00       182.978806    
   635642.000       3047407.00       198.246368    
   635682.000       3047407.00       214.362534    
   635722.000       3047407.00       228.820206    
   635762.000       3047407.00       239.888672    
   635802.000       3047407.00       246.492966    
   635842.000       3047407.00       248.160110    
   635882.000       3047407.00      -9999.00000    
   635922.000       3047407.00      -9999.00000    
   635962.000       3047407.00      -9999.00000    
   636002.000       3047407.00      -9999.00000    
   636042.000       3047407.00      -9999.00000    
   636082.000       3047407.00      -9999.00000    
   636122.000       3047407.00      -9999.00000    
   636162.000       3047407.00      -9999.00000    
   636202.000       3047407.00      -9999.00000    
   636242.000       3047407.00      -9999.00000    
   636282.000       3047407.00      -9999.00000    
   636322.000       3047407.00      -9999.00000    
   636362.000       3047407.00      -9999.00000    
   636402.000       3047407.00      -9999.00000    
   636442.000       3047407.00      -9999.00000    
   636482.000       3047407.00      -9999.00000    
   636522.000       3047407.00      -9999.00000    
   636562.000       3047407.00      -9999.00000    
   636602.000       3047407.00      -9999.00000    
   636642.000       3047407.00      -9999.00000    
   636682.000       3047407.00      -9999.00000    
   636722.000       3047407.00      -9999.00000    
   636762.000       3047407.00      -9999.00000    
   636802.000       3047407.00      -9999.00000    
   636842.000       3047407.00      -9999.00000    
   636882.000       3047407.00      -9999.00000    
   634122.000       3047447.00      -9999.00000    
   634162.000       3047447.00      -9999.00000    
   634202.000       3047447.00      -9999.00000    
   634242.000       3047447.00       100.608475    
   634282.000       3047447.00       101.471085    
   634322.000       3047447.00       115.611099    
   634362.000       3047447.00       132.752686    
   634402.000       3047447.00       151.227524    
   634442.000       3047447.00       169.875183    
   634482.000       3047447.00       185.408096    
   634522.000       3047447.00       198.591125    
   634562.000       3047447.00       207.318207    
   634602.000       3047447.00       214.305359    
   634642.000       3047447.00       219.514023    
   634682.000       3047447.00       222.596161    
   634722.000       3047447.00       223.187515    
   634762.000       3047447.00       223.241516    
   634802.000       3047447.00       220.282990    
   634842.000       3047447.00       217.790222    
   634882.000       3047447.00       212.272980    
   634922.000       3047447.00       204.388641    
   634962.000       3047447.00       195.548828    
   635002.000       3047447.00       184.811890    
   635042.000       3047447.00       173.501266    
   635082.000       3047447.00       162.467926    
   635122.000       3047447.00       154.072678    
   635162.000       3047447.00       146.224899    
   635202.000       3047447.00       141.303513    
   635242.000       3047447.00       140.688431    
   635282.000       3047447.00       146.784439    
   635322.000       3047447.00       151.931091    
   635362.000       3047447.00       151.313156    
   635402.000       3047447.00       147.852005    
   635442.000       3047447.00       146.004013    
   635482.000       3047447.00       147.927994    
   635522.000       3047447.00       153.443542    
   635562.000       3047447.00       162.776337    
   635602.000       3047447.00       175.787094    
   635642.000       3047447.00       191.501068    
   635682.000       3047447.00       207.563599    
   635722.000       3047447.00       220.616745    
   635762.000       3047447.00       228.852005    
   635802.000       3047447.00       232.339951    
   635842.000       3047447.00       231.665878    
   635882.000       3047447.00       227.171127    
   635922.000       3047447.00      -9999.00000    
   635962.000       3047447.00      -9999.00000    
   636002.000       3047447.00      -9999.00000    
   636042.000       3047447.00      -9999.00000    
   636082.000       3047447.00      -9999.00000    
   636122.000       3047447.00      -9999.00000    
   636162.000       3047447.00      -9999.00000    
   636202.000       3047447.00      -9999.00000    
   636242.000       3047447.00      -9999.00000    
   636282.000       3047447.00      -9999.00000    
   636322.000       3047447.00      -9999.00000    
   636362.000       3047447.00      -9999.00000    
   636402.000       3047447.00      -9999.00000    
   636442.000       3047447.00      -9999.00000    
   636482.000       3047447.00      -9999.00000    
   636522.000       3047447.00      -9999.00000    
   636562.000       3047447.00      -9999.00000    
   636602.000       3047447.00      -9999.00000    
   636642.000       3047447.00      -9999.00000    
   636682.000       3047447.00      -9999.00000    
   636722.000       3047447.00      -9999.00000    
   636762.000       3047447.00      -9999.00000    
   636802.000       3047447.00      -9999.00000    
   636842.000       3047447.00      -9999.00000    
   636882.000       3047447.00      -9999.00000    
   634122.000       3047487.00      -9999.00000    
   634162.000       3047487.00      -9999.00000    
   634202.000       3047487.00      -9999.00000    
   634242.000       3047487.00       109.893669    
   634282.000       3047487.00       116.511635    
   634322.000       3047487.00       126.778679    
   634362.000       3047487.00       142.745880    
   634402.000       3047487.00       159.987106    
   634442.000       3047487.00       176.941177    
   634482.000       3047487.00       191.680634    
   634522.000       3047487.00       202.454071    
   634562.000       3047487.00       210.318268    
   634602.000       3047487.00       216.006317    
   634642.000       3047487.00       220.174072    
   634682.000       3047487.00       222.459366    
   634722.000       3047487.00       222.112732    
   634762.000       3047487.00       221.458832    
   634802.000       3047487.00       217.840637    
   634842.000       3047487.00       214.420837    
   634882.000       3047487.00       209.091705    
   634922.000       3047487.00       204.338303    
   634962.000       3047487.00       194.420776    
   635002.000       3047487.00       184.355911    
   635042.000       3047487.00       173.215988    
   635082.000       3047487.00       162.557465    
   635122.000       3047487.00       153.160461    
   635162.000       3047487.00       143.604645    
   635202.000       3047487.00       137.793198    
   635242.000       3047487.00       135.836258    
   635282.000       3047487.00       136.130234    
   635322.000       3047487.00       137.913834    
   635362.000       3047487.00       137.088608    
   635402.000       3047487.00       135.512863    
   635442.000       3047487.00       135.594574    
   635482.000       3047487.00       136.644836    
   635522.000       3047487.00       142.812744    
   635562.000       3047487.00       151.643982    
   635602.000       3047487.00       164.662872    
   635642.000       3047487.00       181.275513    
   635682.000       3047487.00       198.322586    
   635722.000       3047487.00       210.641739    
   635762.000       3047487.00       215.690414    
   635802.000       3047487.00       216.207947    
   635842.000       3047487.00       213.557571    
   635882.000       3047487.00       208.111237    
   635922.000       3047487.00      -9999.00000    
   635962.000       3047487.00      -9999.00000    
   636002.000       3047487.00      -9999.00000    
   636042.000       3047487.00      -9999.00000    
   636082.000       3047487.00      -9999.00000    
   636122.000       3047487.00      -9999.00000    
   636162.000       3047487.00      -9999.00000    
   636202.000       3047487.00      -9999.00000    
   636242.000       3047487.00      -9999.00000    
   636282.000       3047487.00      -9999.00000    
   636322.000       3047487.00      -9999.00000    
   636362.000       3047487.00      -9999.00000    
   636402.000       3047487.00      -9999.00000    
   636442.000       3047487.00      -9999.00000    
   636482.000       3047487.00      -9999.00000    
   636522.000       3047487.00      -9999.00000    
   636562.000       3047487.00      -9999.00000    
   636602.000       3047487.00      -9999.00000    
   636642.000       3047487.00      -9999.00000    
   636682.000       3047487.00      -9999.00000    
   636722.000       3047487.00      -9999.00000    
   636762.000       3047487.00      -9999.00000    
   636802.000       3047487.00      -9999.00000    
   636842.000       3047487.00      -9999.00000    
   636882.000       3047487.00      -9999.00000    
   634122.000       3047527.00      -9999.00000    
   634162.000       3047527.00      -9999.00000    
   634202.000       3047527.00      -9999.00000    
   634242.000       3047527.00       114.254623    
   634282.000       3047527.00       123.132881    
   634322.000       3047527.00       137.294189    
   634362.000       3047527.00       153.866547    
   634402.000       3047527.00       169.581848    
   634442.000       3047527.00       182.994614    
   634482.000       3047527.00       196.036423    
   634522.000       3047527.00       205.842590    
   634562.000       3047527.00       212.938873    
   634602.000       3047527.00       217.813614    
   634642.000       3047527.00       220.744446    
   634682.000       3047527.00       221.679871    
   634722.000       3047527.00       219.802628    
   634762.000       3047527.00       218.874908    
   634802.000       3047527.00       215.373047    
   634842.000       3047527.00       211.941208    
   634882.000       3047527.00       209.241211    
   634922.000       3047527.00       201.915588    
   634962.000       3047527.00       193.612122    
   635002.000       3047527.00       184.524323    
   635042.000       3047527.00       173.353729    
   635082.000       3047527.00       163.170517    
   635122.000       3047527.00       152.068466    
   635162.000       3047527.00       140.709747    
   635202.000       3047527.00       133.017044    
   635242.000       3047527.00       128.405212    
   635282.000       3047527.00       126.307266    
   635322.000       3047527.00       123.867706    
   635362.000       3047527.00       123.995399    
   635402.000       3047527.00       123.761551    
   635442.000       3047527.00       123.587181    
   635482.000       3047527.00       126.865265    
   635522.000       3047527.00       131.206100    
   635562.000       3047527.00       137.001831    
   635602.000       3047527.00       149.178436    
   635642.000       3047527.00       166.948608    
   635682.000       3047527.00       186.085083    
   635722.000       3047527.00       199.350525    
   635762.000       3047527.00       199.387436    
   635802.000       3047527.00       198.236008    
   635842.000       3047527.00       195.322571    
   635882.000       3047527.00       189.926804    
   635922.000       3047527.00      -9999.00000    
   635962.000       3047527.00      -9999.00000    
   636002.000       3047527.00      -9999.00000    
   636042.000       3047527.00      -9999.00000    
   636082.000       3047527.00      -9999.00000    
   636122.000       3047527.00      -9999.00000    
   636162.000       3047527.00      -9999.00000    
   636202.000       3047527.00      -9999.00000    
   636242.000       3047527.00      -9999.00000    
   636282.000       3047527.00      -9999.00000    
   636322.000       3047527.00      -9999.00000    
   636362.000       3047527.00      -9999.00000    
   636402.000       3047527.00      -9999.00000    
   636442.000       3047527.00      -9999.00000    
   636482.000       3047527.00      -9999.00000    
   636522.000       3047527.00      -9999.00000    
   636562.000       3047527.00      -9999.00000    
   636602.000       3047527.00      -9999.00000    
   636642.000       3047527.00      -9999.00000    
   636682.000       3047527.00      -9999.00000    
   636722.000       3047527.00      -9999.00000    
   636762.000       3047527.00      -9999.00000    
   636802.000       3047527.00      -9999.00000    
   636842.000       3047527.00      -9999.00000    
   636882.000       3047527.00      -9999.00000    
   634122.000       3047567.00      -9999.00000    
   634162.000       3047567.00      -9999.00000    
   634202.000       3047567.00       107.595062    
   634242.000       3047567.00       119.371689    
   634282.000       3047567.00       130.800888    
   634322.000       3047567.00       144.037415    
   634362.000       3047567.00       161.904770    
   634402.000       3047567.00       182.113770    
   634442.000       3047567.00       191.431534    
   634482.000       3047567.00       200.299286    
   634522.000       3047567.00       208.203903    
   634562.000       3047567.00       214.380341    
   634602.000       3047567.00       218.492981    
   634642.000       3047567.00       220.816177    
   634682.000       3047567.00       221.458008    
   634722.000       3047567.00       220.757584    
   634762.000       3047567.00       216.882248    
   634802.000       3047567.00       212.719727    
   634842.000       3047567.00       210.332275    
   634882.000       3047567.00       203.309952    
   634922.000       3047567.00       198.707626    
   634962.000       3047567.00       191.852646    
   635002.000       3047567.00       182.803116    
   635042.000       3047567.00       172.595825    
   635082.000       3047567.00       162.016739    
   635122.000       3047567.00       148.102097    
   635162.000       3047567.00       136.674683    
   635202.000       3047567.00       127.886185    
   635242.000       3047567.00       120.743584    
   635282.000       3047567.00       114.539520    
   635322.000       3047567.00       113.204216    
   635362.000       3047567.00       113.776360    
   635402.000       3047567.00       113.701042    
   635442.000       3047567.00       114.702820    
   635482.000       3047567.00       117.890114    
   635522.000       3047567.00       117.949486    
   635562.000       3047567.00       118.715324    
   635602.000       3047567.00       130.345596    
   635642.000       3047567.00       149.389145    
   635682.000       3047567.00       167.812302    
   635722.000       3047567.00       183.113373    
   635762.000       3047567.00       179.061813    
   635802.000       3047567.00       179.465759    
   635842.000       3047567.00       177.422989    
   635882.000       3047567.00       170.721863    
   635922.000       3047567.00       159.692017    
   635962.000       3047567.00      -9999.00000    
   636002.000       3047567.00      -9999.00000    
   636042.000       3047567.00      -9999.00000    
   636082.000       3047567.00      -9999.00000    
   636122.000       3047567.00      -9999.00000    
   636162.000       3047567.00      -9999.00000    
   636202.000       3047567.00      -9999.00000    
   636242.000       3047567.00      -9999.00000    
   636282.000       3047567.00      -9999.00000    
   636322.000       3047567.00      -9999.00000    
   636362.000       3047567.00      -9999.00000    
   636402.000       3047567.00      -9999.00000    
   636442.000       3047567.00      -9999.00000    
   636482.000       3047567.00      -9999.00000    
   636522.000       3047567.00      -9999.00000    
   636562.000       3047567.00      -9999.00000    
   636602.000       3047567.00      -9999.00000    
   636642.000       3047567.00      -9999.00000    
   636682.000       3047567.00      -9999.00000    
   636722.000       3047567.00      -9999.00000    
   636762.000       3047567.00      -9999.00000    
   636802.000       3047567.00      -9999.00000    
   636842.000       3047567.00      -9999.00000    
   636882.000       3047567.00      -9999.00000    
   634122.000       3047607.00      -9999.00000    
   634162.000       3047607.00      -9999.00000    
   634202.000       3047607.00       107.085045    
   634242.000       3047607.00       119.588379    
   634282.000       3047607.00       131.039810    
   634322.000       3047607.00       143.654007    
   634362.000       3047607.00       160.070557    
   634402.000       3047607.00       178.575989    
   634442.000       3047607.00       192.133514    
   634482.000       3047607.00       201.104507    
   634522.000       3047607.00       208.336594    
   634562.000       3047607.00       213.592758    
   634602.000       3047607.00       217.136200    
   634642.000       3047607.00       218.622116    
   634682.000       3047607.00       219.033112    
   634722.000       3047607.00       217.292480    
   634762.000       3047607.00       213.672852    
   634802.000       3047607.00       210.257385    
   634842.000       3047607.00       205.603989    
   634882.000       3047607.00       200.964569    
   634922.000       3047607.00       196.126663    
   634962.000       3047607.00       189.508423    
   635002.000       3047607.00       181.135147    
   635042.000       3047607.00       171.585938    
   635082.000       3047607.00       159.791611    
   635122.000       3047607.00       145.450180    
   635162.000       3047607.00       133.104446    
   635202.000       3047607.00       122.862480    
   635242.000       3047607.00       114.988396    
   635282.000       3047607.00       110.474449    
   635322.000       3047607.00       108.797295    
   635362.000       3047607.00       105.771103    
   635402.000       3047607.00       104.163925    
   635442.000       3047607.00       103.686935    
   635482.000       3047607.00       102.626503    
   635522.000       3047607.00       103.693039    
   635562.000       3047607.00       101.072617    
   635602.000       3047607.00       113.809608    
   635642.000       3047607.00       132.829727    
   635682.000       3047607.00       149.470291    
   635722.000       3047607.00       160.042389    
   635762.000       3047607.00       161.417343    
   635802.000       3047607.00       161.054977    
   635842.000       3047607.00       160.178970    
   635882.000       3047607.00       152.143906    
   635922.000       3047607.00       139.936554    
   635962.000       3047607.00      -9999.00000    
   636002.000       3047607.00      -9999.00000    
   636042.000       3047607.00      -9999.00000    
   636082.000       3047607.00      -9999.00000    
   636122.000       3047607.00      -9999.00000    
   636162.000       3047607.00      -9999.00000    
   636202.000       3047607.00      -9999.00000    
   636242.000       3047607.00      -9999.00000    
   636282.000       3047607.00      -9999.00000    
   636322.000       3047607.00      -9999.00000    
   636362.000       3047607.00      -9999.00000    
   636402.000       3047607.00      -9999.00000    
   636442.000       3047607.00      -9999.00000    
   636482.000       3047607.00      -9999.00000    
   636522.000       3047607.00      -9999.00000    
   636562.000       3047607.00      -9999.00000    
   636602.000       3047607.00      -9999.00000    
   636642.000       3047607.00      -9999.00000    
   636682.000       3047607.00      -9999.00000    
   636722.000       3047607.00      -9999.00000    
   636762.000       3047607.00      -9999.00000    
   636802.000       3047607.00      -9999.00000    
   636842.000       3047607.00      -9999.00000    
   636882.000       3047607.00      -9999.00000    
   634122.000       3047647.00      -9999.00000    
   634162.000       3047647.00       94.0180435    
   634202.000       3047647.00       106.736961    
   634242.000       3047647.00       116.965340    
   634282.000       3047647.00       126.595528    
   634322.000       3047647.00       139.917328    
   634362.000       3047647.00       154.280853    
   634402.000       3047647.00       170.836319    
   634442.000       3047647.00       186.891403    
   634482.000       3047647.00       198.184464    
   634522.000       3047647.00       206.203751    
   634562.000       3047647.00       211.497009    
   634602.000       3047647.00       214.429230    
   634642.000       3047647.00       215.265793    
   634682.000       3047647.00       213.991959    
   634722.000       3047647.00       213.397430    
   634762.000       3047647.00       209.186325    
   634802.000       3047647.00       204.463806    
   634842.000       3047647.00       199.920822    
   634882.000       3047647.00       195.567032    
   634922.000       3047647.00       191.057907    
   634962.000       3047647.00       185.705200    
   635002.000       3047647.00       179.244202    
   635042.000       3047647.00       169.596649    
   635082.000       3047647.00       155.125549    
   635122.000       3047647.00       141.035019    
   635162.000       3047647.00       128.066727    
   635202.000       3047647.00       116.569168    
   635242.000       3047647.00       107.812645    
   635282.000       3047647.00       102.222549    
   635322.000       3047647.00       98.5709381    
   635362.000       3047647.00       95.7655029    
   635402.000       3047647.00       94.4871521    
   635442.000       3047647.00       93.8186493    
   635482.000       3047647.00       92.8721085    
   635522.000       3047647.00       95.7312393    
   635562.000       3047647.00       97.5409851    
   635602.000       3047647.00       101.716187    
   635642.000       3047647.00       120.594933    
   635682.000       3047647.00       136.139435    
   635722.000       3047647.00       142.249191    
   635762.000       3047647.00       142.502609    
   635802.000       3047647.00       142.832199    
   635842.000       3047647.00       143.927612    
   635882.000       3047647.00       137.971268    
   635922.000       3047647.00       125.565521    
   635962.000       3047647.00       103.107170    
   636002.000       3047647.00      -9999.00000    
   636042.000       3047647.00      -9999.00000    
   636082.000       3047647.00      -9999.00000    
   636122.000       3047647.00      -9999.00000    
   636162.000       3047647.00      -9999.00000    
   636202.000       3047647.00      -9999.00000    
   636242.000       3047647.00      -9999.00000    
   636282.000       3047647.00      -9999.00000    
   636322.000       3047647.00      -9999.00000    
   636362.000       3047647.00      -9999.00000    
   636402.000       3047647.00      -9999.00000    
   636442.000       3047647.00      -9999.00000    
   636482.000       3047647.00      -9999.00000    
   636522.000       3047647.00      -9999.00000    
   636562.000       3047647.00      -9999.00000    
   636602.000       3047647.00      -9999.00000    
   636642.000       3047647.00      -9999.00000    
   636682.000       3047647.00      -9999.00000    
   636722.000       3047647.00      -9999.00000    
   636762.000       3047647.00      -9999.00000    
   636802.000       3047647.00      -9999.00000    
   636842.000       3047647.00      -9999.00000    
   636882.000       3047647.00      -9999.00000    
   634122.000       3047687.00      -9999.00000    
   634162.000       3047687.00       95.3768158    
   634202.000       3047687.00       107.820091    
   634242.000       3047687.00       118.317238    
   634282.000       3047687.00       128.170013    
   634322.000       3047687.00       140.022263    
   634362.000       3047687.00       153.060745    
   634402.000       3047687.00       168.799820    
   634442.000       3047687.00       183.418716    
   634482.000       3047687.00       194.631210    
   634522.000       3047687.00       202.729691    
   634562.000       3047687.00       207.825119    
   634602.000       3047687.00       210.646072    
   634642.000       3047687.00       210.543777    
   634682.000       3047687.00       210.118439    
   634722.000       3047687.00       206.654099    
   634762.000       3047687.00       202.632217    
   634802.000       3047687.00       197.318954    
   634842.000       3047687.00       192.945724    
   634882.000       3047687.00       187.137512    
   634922.000       3047687.00       182.857285    
   634962.000       3047687.00       179.472092    
   635002.000       3047687.00       173.227524    
   635042.000       3047687.00       163.373474    
   635082.000       3047687.00       150.059265    
   635122.000       3047687.00       134.786377    
   635162.000       3047687.00       120.336754    
   635202.000       3047687.00       108.375580    
   635242.000       3047687.00       98.9608383    
   635282.000       3047687.00       91.7921600    
   635322.000       3047687.00       87.0237045    
   635362.000       3047687.00       85.3790359    
   635402.000       3047687.00       85.3865662    
   635442.000       3047687.00       85.8624878    
   635482.000       3047687.00       87.0769501    
   635522.000       3047687.00       87.1922455    
   635562.000       3047687.00       87.5984879    
   635602.000       3047687.00       92.9560547    
   635642.000       3047687.00       108.183136    
   635682.000       3047687.00       120.499367    
   635722.000       3047687.00       122.129929    
   635762.000       3047687.00       117.054207    
   635802.000       3047687.00       118.715866    
   635842.000       3047687.00       117.992226    
   635882.000       3047687.00       119.847458    
   635922.000       3047687.00       105.547775    
   635962.000       3047687.00       82.2183990    
   636002.000       3047687.00       62.0815353    
   636042.000       3047687.00      -9999.00000    
   636082.000       3047687.00      -9999.00000    
   636122.000       3047687.00      -9999.00000    
   636162.000       3047687.00      -9999.00000    
   636202.000       3047687.00      -9999.00000    
   636242.000       3047687.00      -9999.00000    
   636282.000       3047687.00      -9999.00000    
   636322.000       3047687.00      -9999.00000    
   636362.000       3047687.00      -9999.00000    
   636402.000       3047687.00      -9999.00000    
   636442.000       3047687.00      -9999.00000    
   636482.000       3047687.00      -9999.00000    
   636522.000       3047687.00      -9999.00000    
   636562.000       3047687.00      -9999.00000    
   636602.000       3047687.00      -9999.00000    
   636642.000       3047687.00      -9999.00000    
   636682.000       3047687.00      -9999.00000    
   636722.000       3047687.00      -9999.00000    
   636762.000       3047687.00      -9999.00000    
   636802.000       3047687.00      -9999.00000    
   636842.000       3047687.00      -9999.00000    
   636882.000       3047687.00      -9999.00000    
   634122.000       3047727.00       89.0572128    
   634162.000       3047727.00       99.9656601    
   634202.000       3047727.00       111.969917    
   634242.000       3047727.00       122.823990    
   634282.000       3047727.00       134.059601    
   634322.000       3047727.00       145.420273    
   634362.000       3047727.00       157.882278    
   634402.000       3047727.00       170.788208    
   634442.000       3047727.00       182.574326    
   634482.000       3047727.00       192.244293    
   634522.000       3047727.00       199.068390    
   634562.000       3047727.00       203.596893    
   634602.000       3047727.00       205.603348    
   634642.000       3047727.00       206.103409    
   634682.000       3047727.00       202.809052    
   634722.000       3047727.00       199.824417    
   634762.000       3047727.00       194.738419    
   634802.000       3047727.00       189.807404    
   634842.000       3047727.00       182.928741    
   634882.000       3047727.00       177.199188    
   634922.000       3047727.00       171.799011    
   634962.000       3047727.00       167.748032    
   635002.000       3047727.00       162.893753    
   635042.000       3047727.00       157.298126    
   635082.000       3047727.00       141.242508    
   635122.000       3047727.00       124.929916    
   635162.000       3047727.00       110.640739    
   635202.000       3047727.00       99.3321838    
   635242.000       3047727.00       89.9839478    
   635282.000       3047727.00       82.4292297    
   635322.000       3047727.00       77.8032379    
   635362.000       3047727.00       76.9104843    
   635402.000       3047727.00       77.4204102    
   635442.000       3047727.00       77.6540985    
   635482.000       3047727.00       77.5901489    
   635522.000       3047727.00       77.2904434    
   635562.000       3047727.00       77.2275085    
   635602.000       3047727.00       78.4955902    
   635642.000       3047727.00       83.4895706    
   635682.000       3047727.00       88.1173782    
   635722.000       3047727.00       89.7574921    
   635762.000       3047727.00       82.8068161    
   635802.000       3047727.00       83.9101791    
   635842.000       3047727.00       84.5970154    
   635882.000       3047727.00       86.4511719    
   635922.000       3047727.00       79.5368805    
   635962.000       3047727.00       61.7925682    
   636002.000       3047727.00       46.1335526    
   636042.000       3047727.00       45.9265862    
   636082.000       3047727.00       42.4755135    
   636122.000       3047727.00      -9999.00000    
   636162.000       3047727.00      -9999.00000    
   636202.000       3047727.00      -9999.00000    
   636242.000       3047727.00      -9999.00000    
   636282.000       3047727.00      -9999.00000    
   636322.000       3047727.00      -9999.00000    
   636362.000       3047727.00      -9999.00000    
   636402.000       3047727.00      -9999.00000    
   636442.000       3047727.00      -9999.00000    
   636482.000       3047727.00      -9999.00000    
   636522.000       3047727.00      -9999.00000    
   636562.000       3047727.00      -9999.00000    
   636602.000       3047727.00      -9999.00000    
   636642.000       3047727.00      -9999.00000    
   636682.000       3047727.00      -9999.00000    
   636722.000       3047727.00      -9999.00000    
   636762.000       3047727.00      -9999.00000    
   636802.000       3047727.00      -9999.00000    
   636842.000       3047727.00      -9999.00000    
   636882.000       3047727.00      -9999.00000    
   634122.000       3047767.00      -9999.00000    
   634162.000       3047767.00       106.804070    
   634202.000       3047767.00       117.419960    
   634242.000       3047767.00       126.442581    
   634282.000       3047767.00       138.609543    
   634322.000       3047767.00       154.587875    
   634362.000       3047767.00       165.271698    
   634402.000       3047767.00       174.808838    
   634442.000       3047767.00       183.331070    
   634482.000       3047767.00       190.448212    
   634522.000       3047767.00       195.796173    
   634562.000       3047767.00       199.258820    
   634602.000       3047767.00       199.525940    
   634642.000       3047767.00       199.830872    
   634682.000       3047767.00       196.440216    
   634722.000       3047767.00       192.198822    
   634762.000       3047767.00       186.438919    
   634802.000       3047767.00       179.772324    
   634842.000       3047767.00       172.783493    
   634882.000       3047767.00       165.507568    
   634922.000       3047767.00       157.689072    
   634962.000       3047767.00       150.378906    
   635002.000       3047767.00       144.963287    
   635042.000       3047767.00       138.177841    
   635082.000       3047767.00       127.311325    
   635122.000       3047767.00       112.701118    
   635162.000       3047767.00       99.8265686    
   635202.000       3047767.00       91.0004272    
   635242.000       3047767.00       82.3689346    
   635282.000       3047767.00       74.0424042    
   635322.000       3047767.00       69.1518707    
   635362.000       3047767.00       69.9821243    
   635402.000       3047767.00       70.9918137    
   635442.000       3047767.00       70.0333023    
   635482.000       3047767.00       69.1969986    
   635522.000       3047767.00       67.6290207    
   635562.000       3047767.00       67.4102554    
   635602.000       3047767.00       62.9074554    
   635642.000       3047767.00       60.7462769    
   635682.000       3047767.00       57.5968895    
   635722.000       3047767.00       56.0758781    
   635762.000       3047767.00       57.1501961    
   635802.000       3047767.00       62.7685585    
   635842.000       3047767.00       64.3716431    
   635882.000       3047767.00       63.5525017    
   635922.000       3047767.00       57.1360855    
   635962.000       3047767.00       48.7895508    
   636002.000       3047767.00       43.5138130    
   636042.000       3047767.00       37.3277206    
   636082.000       3047767.00       33.4729919    
   636122.000       3047767.00       39.6183891    
   636162.000       3047767.00      -9999.00000    
   636202.000       3047767.00      -9999.00000    
   636242.000       3047767.00      -9999.00000    
   636282.000       3047767.00      -9999.00000    
   636322.000       3047767.00      -9999.00000    
   636362.000       3047767.00      -9999.00000    
   636402.000       3047767.00      -9999.00000    
   636442.000       3047767.00      -9999.00000    
   636482.000       3047767.00      -9999.00000    
   636522.000       3047767.00      -9999.00000    
   636562.000       3047767.00      -9999.00000    
   636602.000       3047767.00      -9999.00000    
   636642.000       3047767.00      -9999.00000    
   636682.000       3047767.00      -9999.00000    
   636722.000       3047767.00      -9999.00000    
   636762.000       3047767.00      -9999.00000    
   636802.000       3047767.00      -9999.00000    
   636842.000       3047767.00      -9999.00000    
   636882.000       3047767.00      -9999.00000    
   634122.000       3047807.00      -9999.00000    
   634162.000       3047807.00       113.075226    
   634202.000       3047807.00       123.802750    
   634242.000       3047807.00       132.455032    
   634282.000       3047807.00       141.553146    
   634322.000       3047807.00       161.347656    
   634362.000       3047807.00       170.728226    
   634402.000       3047807.00       177.972992    
   634442.000       3047807.00       183.961075    
   634482.000       3047807.00       188.349564    
   634522.000       3047807.00       192.451462    
   634562.000       3047807.00       194.381439    
   634602.000       3047807.00       194.085358    
   634642.000       3047807.00       192.173676    
   634682.000       3047807.00       189.456635    
   634722.000       3047807.00       184.440094    
   634762.000       3047807.00       177.991364    
   634802.000       3047807.00       170.332291    
   634842.000       3047807.00       161.934311    
   634882.000       3047807.00       150.901978    
   634922.000       3047807.00       141.819336    
   634962.000       3047807.00       132.807114    
   635002.000       3047807.00       124.979530    
   635042.000       3047807.00       120.168007    
   635082.000       3047807.00       110.259544    
   635122.000       3047807.00       104.168190    
   635162.000       3047807.00       92.0183868    
   635202.000       3047807.00       86.0295334    
   635242.000       3047807.00       77.1484680    
   635282.000       3047807.00       66.5888367    
   635322.000       3047807.00       62.0815773    
   635362.000       3047807.00       64.9141998    
   635402.000       3047807.00       65.9232483    
   635442.000       3047807.00       62.1748352    
   635482.000       3047807.00       62.7814827    
   635522.000       3047807.00       59.1713181    
   635562.000       3047807.00       58.5077286    
   635602.000       3047807.00       55.8335342    
   635642.000       3047807.00       52.1155624    
   635682.000       3047807.00       49.9499321    
   635722.000       3047807.00       48.4313622    
   635762.000       3047807.00       52.0893898    
   635802.000       3047807.00       56.5491257    
   635842.000       3047807.00       56.3739281    
   635882.000       3047807.00       49.2923279    
   635922.000       3047807.00       42.0368080    
   635962.000       3047807.00       39.9911880    
   636002.000       3047807.00       37.5886345    
   636042.000       3047807.00       34.4840927    
   636082.000       3047807.00       33.4971313    
   636122.000       3047807.00       40.6464996    
   636162.000       3047807.00       62.0830879    
   636202.000       3047807.00       76.3541489    
   636242.000       3047807.00       91.5810699    
   636282.000       3047807.00      -9999.00000    
   636322.000       3047807.00      -9999.00000    
   636362.000       3047807.00      -9999.00000    
   636402.000       3047807.00      -9999.00000    
   636442.000       3047807.00      -9999.00000    
   636482.000       3047807.00      -9999.00000    
   636522.000       3047807.00      -9999.00000    
   636562.000       3047807.00      -9999.00000    
   636602.000       3047807.00      -9999.00000    
   636642.000       3047807.00      -9999.00000    
   636682.000       3047807.00      -9999.00000    
   636722.000       3047807.00      -9999.00000    
   636762.000       3047807.00      -9999.00000    
   636802.000       3047807.00      -9999.00000    
   636842.000       3047807.00      -9999.00000    
   636882.000       3047807.00      -9999.00000    
   634122.000       3047847.00      -9999.00000    
   634162.000       3047847.00       119.132439    
   634202.000       3047847.00       131.204773    
   634242.000       3047847.00       138.784180    
   634282.000       3047847.00       144.697479    
   634322.000       3047847.00       160.242828    
   634362.000       3047847.00       172.644089    
   634402.000       3047847.00       179.701996    
   634442.000       3047847.00       183.874817    
   634482.000       3047847.00       186.470840    
   634522.000       3047847.00       188.222824    
   634562.000       3047847.00       188.929535    
   634602.000       3047847.00       188.357819    
   634642.000       3047847.00       186.209106    
   634682.000       3047847.00       181.848892    
   634722.000       3047847.00       176.830658    
   634762.000       3047847.00       169.156189    
   634802.000       3047847.00       160.245987    
   634842.000       3047847.00       149.558212    
   634882.000       3047847.00       139.819870    
   634922.000       3047847.00       129.841873    
   634962.000       3047847.00       118.198715    
   635002.000       3047847.00       107.109520    
   635042.000       3047847.00       109.911560    
   635082.000       3047847.00       106.580353    
   635122.000       3047847.00       108.278313    
   635162.000       3047847.00       93.5403290    
   635202.000       3047847.00       81.4499207    
   635242.000       3047847.00       71.9388046    
   635282.000       3047847.00       59.6011887    
   635322.000       3047847.00       55.8104820    
   635362.000       3047847.00       55.7738495    
   635402.000       3047847.00       53.3514938    
   635442.000       3047847.00       52.0545998    
   635482.000       3047847.00       54.8647308    
   635522.000       3047847.00       52.6483765    
   635562.000       3047847.00       51.0452003    
   635602.000       3047847.00       48.2054749    
   635642.000       3047847.00       45.0055237    
   635682.000       3047847.00       45.9985657    
   635722.000       3047847.00       43.3107376    
   635762.000       3047847.00       44.2035370    
   635802.000       3047847.00       49.4347649    
   635842.000       3047847.00       47.5513153    
   635882.000       3047847.00       41.0467796    
   635922.000       3047847.00       39.0802727    
   635962.000       3047847.00       34.2524300    
   636002.000       3047847.00       35.0413551    
   636042.000       3047847.00       36.1882133    
   636082.000       3047847.00       39.9174271    
   636122.000       3047847.00       48.4462852    
   636162.000       3047847.00       68.0604019    
   636202.000       3047847.00       81.0535355    
   636242.000       3047847.00       99.6255646    
   636282.000       3047847.00       120.984306    
   636322.000       3047847.00      -9999.00000    
   636362.000       3047847.00      -9999.00000    
   636402.000       3047847.00      -9999.00000    
   636442.000       3047847.00      -9999.00000    
   636482.000       3047847.00      -9999.00000    
   636522.000       3047847.00      -9999.00000    
   636562.000       3047847.00      -9999.00000    
   636602.000       3047847.00      -9999.00000    
   636642.000       3047847.00      -9999.00000    
   636682.000       3047847.00      -9999.00000    
   636722.000       3047847.00      -9999.00000    
   636762.000       3047847.00      -9999.00000    
   636802.000       3047847.00      -9999.00000    
   636842.000       3047847.00      -9999.00000    
   636882.000       3047847.00      -9999.00000    
   634122.000       3047887.00       107.161095    
   634162.000       3047887.00       119.941948    
   634202.000       3047887.00       139.685837    
   634242.000       3047887.00       147.940186    
   634282.000       3047887.00       140.453384    
   634322.000       3047887.00       167.457748    
   634362.000       3047887.00       175.761429    
   634402.000       3047887.00       180.281006    
   634442.000       3047887.00       182.372803    
   634482.000       3047887.00       183.144531    
   634522.000       3047887.00       183.403656    
   634562.000       3047887.00       182.903656    
   634602.000       3047887.00       182.149292    
   634642.000       3047887.00       179.802307    
   634682.000       3047887.00       175.799759    
   634722.000       3047887.00       169.403442    
   634762.000       3047887.00       161.175552    
   634802.000       3047887.00       149.956848    
   634842.000       3047887.00       140.086533    
   634882.000       3047887.00       130.855408    
   634922.000       3047887.00       123.182243    
   634962.000       3047887.00       115.679054    
   635002.000       3047887.00       106.446655    
   635042.000       3047887.00       102.980118    
   635082.000       3047887.00       103.264580    
   635122.000       3047887.00       100.846680    
   635162.000       3047887.00       89.9133530    
   635202.000       3047887.00       75.3750687    
   635242.000       3047887.00       63.4670372    
   635282.000       3047887.00       54.1491508    
   635322.000       3047887.00       50.3460464    
   635362.000       3047887.00       48.4573593    
   635402.000       3047887.00       45.5610237    
   635442.000       3047887.00       44.2796593    
   635482.000       3047887.00       45.7745247    
   635522.000       3047887.00       44.9950676    
   635562.000       3047887.00       43.4581718    
   635602.000       3047887.00       40.2489929    
   635642.000       3047887.00       36.9383698    
   635682.000       3047887.00       37.1878166    
   635722.000       3047887.00       36.6397095    
   635762.000       3047887.00       37.1630936    
   635802.000       3047887.00       39.5897980    
   635842.000       3047887.00       38.0888824    
   635882.000       3047887.00       34.0939598    
   635922.000       3047887.00       32.4093323    
   635962.000       3047887.00       33.9813957    
   636002.000       3047887.00       36.2237244    
   636042.000       3047887.00       41.6619110    
   636082.000       3047887.00       50.7000961    
   636122.000       3047887.00       64.3441696    
   636162.000       3047887.00       73.0250854    
   636202.000       3047887.00       86.4828339    
   636242.000       3047887.00       107.074562    
   636282.000       3047887.00       129.994522    
   636322.000       3047887.00       152.865479    
   636362.000       3047887.00      -9999.00000    
   636402.000       3047887.00      -9999.00000    
   636442.000       3047887.00      -9999.00000    
   636482.000       3047887.00      -9999.00000    
   636522.000       3047887.00      -9999.00000    
   636562.000       3047887.00      -9999.00000    
   636602.000       3047887.00      -9999.00000    
   636642.000       3047887.00      -9999.00000    
   636682.000       3047887.00      -9999.00000    
   636722.000       3047887.00      -9999.00000    
   636762.000       3047887.00      -9999.00000    
   636802.000       3047887.00      -9999.00000    
   636842.000       3047887.00      -9999.00000    
   636882.000       3047887.00      -9999.00000    
   634122.000       3047927.00       111.734146    
   634162.000       3047927.00       122.603035    
   634202.000       3047927.00       150.057404    
   634242.000       3047927.00       169.079117    
   634282.000       3047927.00       174.045166    
   634322.000       3047927.00       176.936310    
   634362.000       3047927.00       178.843033    
   634402.000       3047927.00       180.072632    
   634442.000       3047927.00       179.378433    
   634482.000       3047927.00       178.185928    
   634522.000       3047927.00       176.775436    
   634562.000       3047927.00       175.842758    
   634602.000       3047927.00       174.981567    
   634642.000       3047927.00       173.377213    
   634682.000       3047927.00       169.636002    
   634722.000       3047927.00       162.358597    
   634762.000       3047927.00       153.384415    
   634802.000       3047927.00       142.771683    
   634842.000       3047927.00       131.640167    
   634882.000       3047927.00       122.805954    
   634922.000       3047927.00       117.804398    
   634962.000       3047927.00       117.388123    
   635002.000       3047927.00       109.041641    
   635042.000       3047927.00       100.753662    
   635082.000       3047927.00       97.3054352    
   635122.000       3047927.00       93.8611374    
   635162.000       3047927.00       84.5631104    
   635202.000       3047927.00       72.7328949    
   635242.000       3047927.00       59.8846817    
   635282.000       3047927.00       50.8135986    
   635322.000       3047927.00       44.8850975    
   635362.000       3047927.00       43.6970367    
   635402.000       3047927.00       41.2619286    
   635442.000       3047927.00       39.9633217    
   635482.000       3047927.00       39.8243294    
   635522.000       3047927.00       38.5059395    
   635562.000       3047927.00       36.5414696    
   635602.000       3047927.00       34.0938797    
   635642.000       3047927.00       31.7631626    
   635682.000       3047927.00       30.9254951    
   635722.000       3047927.00       30.6310806    
   635762.000       3047927.00       30.7739544    
   635802.000       3047927.00       31.1064739    
   635842.000       3047927.00       30.5441704    
   635882.000       3047927.00       29.1751938    
   635922.000       3047927.00       31.6636238    
   635962.000       3047927.00       35.0168686    
   636002.000       3047927.00       39.2960854    
   636042.000       3047927.00       48.2469368    
   636082.000       3047927.00       59.4706841    
   636122.000       3047927.00       71.8151245    
   636162.000       3047927.00       83.2504959    
   636202.000       3047927.00       96.6690521    
   636242.000       3047927.00       117.269829    
   636282.000       3047927.00       138.652802    
   636322.000       3047927.00       159.272354    
   636362.000       3047927.00       179.043472    
   636402.000       3047927.00       199.550690    
   636442.000       3047927.00      -9999.00000    
   636482.000       3047927.00      -9999.00000    
   636522.000       3047927.00       264.091370    
   636562.000       3047927.00       280.467316    
   636602.000       3047927.00       285.922241    
   636642.000       3047927.00      -9999.00000    
   636682.000       3047927.00      -9999.00000    
   636722.000       3047927.00      -9999.00000    
   636762.000       3047927.00      -9999.00000    
   636802.000       3047927.00      -9999.00000    
   636842.000       3047927.00      -9999.00000    
   636882.000       3047927.00      -9999.00000    
   634122.000       3047967.00       125.690979    
   634162.000       3047967.00       136.420074    
   634202.000       3047967.00       159.427872    
   634242.000       3047967.00       176.396500    
   634282.000       3047967.00       179.476166    
   634322.000       3047967.00       180.601974    
   634362.000       3047967.00       181.797577    
   634402.000       3047967.00       177.476166    
   634442.000       3047967.00       174.302109    
   634482.000       3047967.00       171.067551    
   634522.000       3047967.00       168.896530    
   634562.000       3047967.00       167.820053    
   634602.000       3047967.00       167.122040    
   634642.000       3047967.00       166.046204    
   634682.000       3047967.00       164.112747    
   634722.000       3047967.00       159.068558    
   634762.000       3047967.00       149.526031    
   634802.000       3047967.00       136.746368    
   634842.000       3047967.00       124.816536    
   634882.000       3047967.00       115.788170    
   634922.000       3047967.00       109.026611    
   634962.000       3047967.00       108.010017    
   635002.000       3047967.00       103.847702    
   635042.000       3047967.00       96.9205399    
   635082.000       3047967.00       91.2621231    
   635122.000       3047967.00       85.7090759    
   635162.000       3047967.00       77.1689072    
   635202.000       3047967.00       66.8000107    
   635242.000       3047967.00       56.0880241    
   635282.000       3047967.00       47.0068893    
   635322.000       3047967.00       40.5809975    
   635362.000       3047967.00       38.4204063    
   635402.000       3047967.00       33.7575684    
   635442.000       3047967.00       32.1334267    
   635482.000       3047967.00       35.2896118    
   635522.000       3047967.00       33.8184471    
   635562.000       3047967.00       31.6489277    
   635602.000       3047967.00       29.4847012    
   635642.000       3047967.00       27.7013054    
   635682.000       3047967.00       26.7808952    
   635722.000       3047967.00       26.4645195    
   635762.000       3047967.00       26.2552872    
   635802.000       3047967.00       25.8175507    
   635842.000       3047967.00       25.9919548    
   635882.000       3047967.00       28.4946156    
   635922.000       3047967.00       32.2217903    
   635962.000       3047967.00       37.4669533    
   636002.000       3047967.00       44.6856117    
   636042.000       3047967.00       53.8097878    
   636082.000       3047967.00       65.3036728    
   636122.000       3047967.00       79.4064255    
   636162.000       3047967.00       90.5710831    
   636202.000       3047967.00       105.963890    
   636242.000       3047967.00       125.513680    
   636282.000       3047967.00       145.600494    
   636322.000       3047967.00       163.511459    
   636362.000       3047967.00       177.823074    
   636402.000       3047967.00       193.712814    
   636442.000       3047967.00       213.100677    
   636482.000       3047967.00       235.085251    
   636522.000       3047967.00       257.019806    
   636562.000       3047967.00       275.633484    
   636602.000       3047967.00       279.237549    
   636642.000       3047967.00       276.785645    
   636682.000       3047967.00      -9999.00000    
   636722.000       3047967.00      -9999.00000    
   636762.000       3047967.00      -9999.00000    
   636802.000       3047967.00      -9999.00000    
   636842.000       3047967.00      -9999.00000    
   636882.000       3047967.00      -9999.00000    
   634122.000       3048007.00       143.757706    
   634162.000       3048007.00       149.768646    
   634202.000       3048007.00       164.362762    
   634242.000       3048007.00       174.037476    
   634282.000       3048007.00       181.326645    
   634322.000       3048007.00       185.175735    
   634362.000       3048007.00       177.313492    
   634402.000       3048007.00       170.708221    
   634442.000       3048007.00       167.950348    
   634482.000       3048007.00       163.190353    
   634522.000       3048007.00       160.707382    
   634562.000       3048007.00       160.176849    
   634602.000       3048007.00       159.835022    
   634642.000       3048007.00       159.869888    
   634682.000       3048007.00       159.856812    
   634722.000       3048007.00       157.677719    
   634762.000       3048007.00       148.344772    
   634802.000       3048007.00       132.805374    
   634842.000       3048007.00       119.508263    
   634882.000       3048007.00       113.313820    
   634922.000       3048007.00       109.682434    
   634962.000       3048007.00       100.624825    
   635002.000       3048007.00       95.2616119    
   635042.000       3048007.00       89.0719452    
   635082.000       3048007.00       81.7538605    
   635122.000       3048007.00       75.9595337    
   635162.000       3048007.00       68.6621552    
   635202.000       3048007.00       60.1954880    
   635242.000       3048007.00       51.5457306    
   635282.000       3048007.00       43.5138893    
   635322.000       3048007.00       38.3447151    
   635362.000       3048007.00       33.4249039    
   635402.000       3048007.00       29.9879303    
   635442.000       3048007.00       30.6863289    
   635482.000       3048007.00       32.0124283    
   635522.000       3048007.00       29.8329201    
   635562.000       3048007.00       27.8916683    
   635602.000       3048007.00       26.1368427    
   635642.000       3048007.00       24.7667542    
   635682.000       3048007.00       24.2784138    
   635722.000       3048007.00       24.5592995    
   635762.000       3048007.00       24.8576126    
   635802.000       3048007.00       24.6064606    
   635842.000       3048007.00       25.2894268    
   635882.000       3048007.00       28.9618053    
   635922.000       3048007.00       34.0933342    
   635962.000       3048007.00       40.4538651    
   636002.000       3048007.00       48.2135048    
   636042.000       3048007.00       57.1493950    
   636082.000       3048007.00       67.3595200    
   636122.000       3048007.00       81.1512527    
   636162.000       3048007.00       93.0425949    
   636202.000       3048007.00       110.167778    
   636242.000       3048007.00       130.083481    
   636282.000       3048007.00       150.460938    
   636322.000       3048007.00       166.303467    
   636362.000       3048007.00       171.328964    
   636402.000       3048007.00       183.623291    
   636442.000       3048007.00       199.849670    
   636482.000       3048007.00       221.415787    
   636522.000       3048007.00       241.787308    
   636562.000       3048007.00       257.662506    
   636602.000       3048007.00       265.861572    
   636642.000       3048007.00       270.310699    
   636682.000       3048007.00       277.759521    
   636722.000       3048007.00      -9999.00000    
   636762.000       3048007.00      -9999.00000    
   636802.000       3048007.00      -9999.00000    
   636842.000       3048007.00      -9999.00000    
   636882.000       3048007.00      -9999.00000    
   634122.000       3048047.00       161.964386    
   634162.000       3048047.00       150.603378    
   634202.000       3048047.00       159.065598    
   634242.000       3048047.00       165.950424    
   634282.000       3048047.00       170.594376    
   634322.000       3048047.00       168.842072    
   634362.000       3048047.00       164.359268    
   634402.000       3048047.00       162.387543    
   634442.000       3048047.00       160.299225    
   634482.000       3048047.00       154.891586    
   634522.000       3048047.00       153.496857    
   634562.000       3048047.00       153.309555    
   634602.000       3048047.00       151.556091    
   634642.000       3048047.00       151.441803    
   634682.000       3048047.00       153.851944    
   634722.000       3048047.00       157.868942    
   634762.000       3048047.00       151.923798    
   634802.000       3048047.00       131.240784    
   634842.000       3048047.00       115.385826    
   634882.000       3048047.00       117.452721    
   634922.000       3048047.00       107.159729    
   634962.000       3048047.00       96.6090469    
   635002.000       3048047.00       91.7101059    
   635042.000       3048047.00       86.5728760    
   635082.000       3048047.00       75.0966644    
   635122.000       3048047.00       67.7535248    
   635162.000       3048047.00       60.8311005    
   635202.000       3048047.00       53.8291779    
   635242.000       3048047.00       47.3676491    
   635282.000       3048047.00       39.8929100    
   635322.000       3048047.00       34.1404610    
   635362.000       3048047.00       29.9055557    
   635402.000       3048047.00       27.2171879    
   635442.000       3048047.00       28.5639534    
   635482.000       3048047.00       28.3651943    
   635522.000       3048047.00       26.6816139    
   635562.000       3048047.00       25.1394653    
   635602.000       3048047.00       23.8640728    
   635642.000       3048047.00       22.6440182    
   635682.000       3048047.00       22.9474335    
   635722.000       3048047.00       24.6290150    
   635762.000       3048047.00       26.8327446    
   635802.000       3048047.00       27.7256069    
   635842.000       3048047.00       28.7363491    
   635882.000       3048047.00       31.9057446    
   635922.000       3048047.00       36.9396400    
   635962.000       3048047.00       43.3079033    
   636002.000       3048047.00       50.2697296    
   636042.000       3048047.00       59.4901352    
   636082.000       3048047.00       67.5458679    
   636122.000       3048047.00       80.9534607    
   636162.000       3048047.00       93.0633240    
   636202.000       3048047.00       111.066780    
   636242.000       3048047.00       130.566879    
   636282.000       3048047.00       149.197159    
   636322.000       3048047.00       160.987946    
   636362.000       3048047.00       162.003525    
   636402.000       3048047.00       173.579788    
   636442.000       3048047.00       185.691422    
   636482.000       3048047.00       207.889282    
   636522.000       3048047.00       223.997559    
   636562.000       3048047.00       238.207733    
   636602.000       3048047.00       250.354752    
   636642.000       3048047.00       260.738007    
   636682.000       3048047.00       271.164673    
   636722.000       3048047.00       282.913818    
   636762.000       3048047.00      -9999.00000    
   636802.000       3048047.00      -9999.00000    
   636842.000       3048047.00      -9999.00000    
   636882.000       3048047.00      -9999.00000    
   634122.000       3048087.00       193.285828    
   634162.000       3048087.00       167.770111    
   634202.000       3048087.00       156.404083    
   634242.000       3048087.00       155.440552    
   634282.000       3048087.00       154.970612    
   634322.000       3048087.00       153.702530    
   634362.000       3048087.00       152.476059    
   634402.000       3048087.00       153.021622    
   634442.000       3048087.00       155.101242    
   634482.000       3048087.00       153.852295    
   634522.000       3048087.00       151.361206    
   634562.000       3048087.00       148.006790    
   634602.000       3048087.00       141.577042    
   634642.000       3048087.00       140.466019    
   634682.000       3048087.00       141.874908    
   634722.000       3048087.00       152.044708    
   634762.000       3048087.00       157.793564    
   634802.000       3048087.00       132.224731    
   634842.000       3048087.00       126.752380    
   634882.000       3048087.00       99.7069626    
   634922.000       3048087.00       90.6796036    
   634962.000       3048087.00       86.5169678    
   635002.000       3048087.00       85.1846848    
   635042.000       3048087.00       79.8247452    
   635082.000       3048087.00       69.1400909    
   635122.000       3048087.00       60.6678963    
   635162.000       3048087.00       54.3460236    
   635202.000       3048087.00       49.0161514    
   635242.000       3048087.00       43.2217522    
   635282.000       3048087.00       36.7740822    
   635322.000       3048087.00       30.0771313    
   635362.000       3048087.00       26.0016460    
   635402.000       3048087.00       25.2178383    
   635442.000       3048087.00       26.0120831    
   635482.000       3048087.00       26.2205963    
   635522.000       3048087.00       24.9804001    
   635562.000       3048087.00       23.5151730    
   635602.000       3048087.00       22.3201256    
   635642.000       3048087.00       20.5619392    
   635682.000       3048087.00       22.3851166    
   635722.000       3048087.00       25.6718998    
   635762.000       3048087.00       30.1007786    
   635802.000       3048087.00       32.5328712    
   635842.000       3048087.00       33.1666946    
   635882.000       3048087.00       35.4080467    
   635922.000       3048087.00       39.8495445    
   635962.000       3048087.00       45.7839699    
   636002.000       3048087.00       51.8371162    
   636042.000       3048087.00       55.6736641    
   636082.000       3048087.00       64.1914902    
   636122.000       3048087.00       79.0580368    
   636162.000       3048087.00       93.8213425    
   636202.000       3048087.00       110.636322    
   636242.000       3048087.00       128.227203    
   636282.000       3048087.00       143.850204    
   636322.000       3048087.00       154.281754    
   636362.000       3048087.00       160.462967    
   636402.000       3048087.00       168.525360    
   636442.000       3048087.00       181.295807    
   636482.000       3048087.00       195.757095    
   636522.000       3048087.00       207.115540    
   636562.000       3048087.00       220.260590    
   636602.000       3048087.00       236.501465    
   636642.000       3048087.00       251.559723    
   636682.000       3048087.00       264.549347    
   636722.000       3048087.00       276.964172    
   636762.000       3048087.00       290.447021    
   636802.000       3048087.00      -9999.00000    
   636842.000       3048087.00      -9999.00000    
   636882.000       3048087.00      -9999.00000    
   634122.000       3048127.00       208.946152    
   634162.000       3048127.00       191.495224    
   634202.000       3048127.00       168.480103    
   634242.000       3048127.00       153.121109    
   634282.000       3048127.00       145.881714    
   634322.000       3048127.00       146.238174    
   634362.000       3048127.00       142.738678    
   634402.000       3048127.00       144.594131    
   634442.000       3048127.00       153.075790    
   634482.000       3048127.00       155.857605    
   634522.000       3048127.00       151.099075    
   634562.000       3048127.00       141.288788    
   634602.000       3048127.00       131.301575    
   634642.000       3048127.00       128.809067    
   634682.000       3048127.00       128.083817    
   634722.000       3048127.00       130.852493    
   634762.000       3048127.00       132.635483    
   634802.000       3048127.00       125.960472    
   634842.000       3048127.00       109.444763    
   634882.000       3048127.00       88.3056870    
   634922.000       3048127.00       81.1107483    
   634962.000       3048127.00       79.3005981    
   635002.000       3048127.00       77.6000977    
   635042.000       3048127.00       69.1780624    
   635082.000       3048127.00       59.7465439    
   635122.000       3048127.00       53.6481705    
   635162.000       3048127.00       49.9881363    
   635202.000       3048127.00       46.6231880    
   635242.000       3048127.00       41.0171509    
   635282.000       3048127.00       34.1077957    
   635322.000       3048127.00       27.2864666    
   635362.000       3048127.00       23.9226685    
   635402.000       3048127.00       23.1076336    
   635442.000       3048127.00       23.8929749    
   635482.000       3048127.00       24.7040291    
   635522.000       3048127.00       23.7098713    
   635562.000       3048127.00       21.7674866    
   635602.000       3048127.00       20.6786289    
   635642.000       3048127.00       18.9934044    
   635682.000       3048127.00       21.7708836    
   635722.000       3048127.00       26.3461494    
   635762.000       3048127.00       34.4703827    
   635802.000       3048127.00       36.0060539    
   635842.000       3048127.00       36.3013840    
   635882.000       3048127.00       37.8898849    
   635922.000       3048127.00       41.9053993    
   635962.000       3048127.00       47.3556671    
   636002.000       3048127.00       52.5880890    
   636042.000       3048127.00       58.2765236    
   636082.000       3048127.00       67.0644226    
   636122.000       3048127.00       79.6086502    
   636162.000       3048127.00       94.1984940    
   636202.000       3048127.00       110.075516    
   636242.000       3048127.00       126.087952    
   636282.000       3048127.00       140.555695    
   636322.000       3048127.00       152.071396    
   636362.000       3048127.00       160.947433    
   636402.000       3048127.00       169.344315    
   636442.000       3048127.00       178.619217    
   636482.000       3048127.00       187.482513    
   636522.000       3048127.00       194.919632    
   636562.000       3048127.00       207.020813    
   636602.000       3048127.00       228.033020    
   636642.000       3048127.00       245.658615    
   636682.000       3048127.00       259.488403    
   636722.000       3048127.00       271.655334    
   636762.000       3048127.00       283.721436    
   636802.000       3048127.00       300.056763    
   636842.000       3048127.00      -9999.00000    
   636882.000       3048127.00      -9999.00000    
   634122.000       3048167.00       217.352798    
   634162.000       3048167.00       205.440903    
   634202.000       3048167.00       188.125076    
   634242.000       3048167.00       164.091919    
   634282.000       3048167.00       147.550751    
   634322.000       3048167.00       143.273422    
   634362.000       3048167.00       138.363327    
   634402.000       3048167.00       138.268372    
   634442.000       3048167.00       148.311630    
   634482.000       3048167.00       153.666306    
   634522.000       3048167.00       148.934006    
   634562.000       3048167.00       138.973679    
   634602.000       3048167.00       124.464661    
   634642.000       3048167.00       118.221992    
   634682.000       3048167.00       117.317940    
   634722.000       3048167.00       114.927338    
   634762.000       3048167.00       109.728912    
   634802.000       3048167.00       102.823280    
   634842.000       3048167.00       90.7408142    
   634882.000       3048167.00       80.6642227    
   634922.000       3048167.00       75.3011627    
   634962.000       3048167.00       74.3830719    
   635002.000       3048167.00       73.3342590    
   635042.000       3048167.00       69.8037109    
   635082.000       3048167.00       59.0300903    
   635122.000       3048167.00       48.4058609    
   635162.000       3048167.00       47.7424774    
   635202.000       3048167.00       44.2053680    
   635242.000       3048167.00       39.5878983    
   635282.000       3048167.00       32.2650604    
   635322.000       3048167.00       24.4647884    
   635362.000       3048167.00       20.1361542    
   635402.000       3048167.00       18.9070473    
   635442.000       3048167.00       20.2382622    
   635482.000       3048167.00       21.6969929    
   635522.000       3048167.00       21.7671185    
   635562.000       3048167.00       20.4325619    
   635602.000       3048167.00       19.7923985    
   635642.000       3048167.00       20.7215614    
   635682.000       3048167.00       25.8317928    
   635722.000       3048167.00       34.6761589    
   635762.000       3048167.00       38.7573433    
   635802.000       3048167.00       38.8989563    
   635842.000       3048167.00       38.2107162    
   635882.000       3048167.00       38.9477005    
   635922.000       3048167.00       42.7893677    
   635962.000       3048167.00       48.1774940    
   636002.000       3048167.00       53.4346161    
   636042.000       3048167.00       59.4547119    
   636082.000       3048167.00       68.4414291    
   636122.000       3048167.00       80.9662781    
   636162.000       3048167.00       95.4631042    
   636202.000       3048167.00       110.633141    
   636242.000       3048167.00       125.780029    
   636282.000       3048167.00       140.413803    
   636322.000       3048167.00       153.771545    
   636362.000       3048167.00       164.982452    
   636402.000       3048167.00       173.922318    
   636442.000       3048167.00       181.105087    
   636482.000       3048167.00       187.250641    
   636522.000       3048167.00       193.994858    
   636562.000       3048167.00       206.088959    
   636602.000       3048167.00       226.334885    
   636642.000       3048167.00       242.173492    
   636682.000       3048167.00       256.065643    
   636722.000       3048167.00       267.994019    
   636762.000       3048167.00       276.631592    
   636802.000       3048167.00       294.225952    
   636842.000       3048167.00       313.228302    
   636882.000       3048167.00      -9999.00000    
   634122.000       3048207.00      -9999.00000    
   634162.000       3048207.00       214.743546    
   634202.000       3048207.00       201.389435    
   634242.000       3048207.00       181.594299    
   634282.000       3048207.00       159.602448    
   634322.000       3048207.00       143.356552    
   634362.000       3048207.00       136.615814    
   634402.000       3048207.00       134.601288    
   634442.000       3048207.00       141.253967    
   634482.000       3048207.00       147.520447    
   634522.000       3048207.00       144.363724    
   634562.000       3048207.00       134.293625    
   634602.000       3048207.00       122.837563    
   634642.000       3048207.00       116.439484    
   634682.000       3048207.00       109.308212    
   634722.000       3048207.00       101.453400    
   634762.000       3048207.00       93.2180862    
   634802.000       3048207.00       84.8014603    
   634842.000       3048207.00       78.3252945    
   634882.000       3048207.00       73.3524323    
   634922.000       3048207.00       69.6525803    
   634962.000       3048207.00       69.5003815    
   635002.000       3048207.00       67.7163467    
   635042.000       3048207.00       60.2014580    
   635082.000       3048207.00       49.9581718    
   635122.000       3048207.00       44.6318512    
   635162.000       3048207.00       45.1940651    
   635202.000       3048207.00       42.0394363    
   635242.000       3048207.00       35.9751663    
   635282.000       3048207.00       28.8907051    
   635322.000       3048207.00       22.7420464    
   635362.000       3048207.00       15.2556000    
   635402.000       3048207.00       12.9557791    
   635442.000       3048207.00       15.4157677    
   635482.000       3048207.00       17.6421204    
   635522.000       3048207.00       18.9467525    
   635562.000       3048207.00       19.2382774    
   635602.000       3048207.00       19.6156521    
   635642.000       3048207.00       21.3891163    
   635682.000       3048207.00       26.2170029    
   635722.000       3048207.00       32.9526062    
   635762.000       3048207.00       39.5526276    
   635802.000       3048207.00       41.2960625    
   635842.000       3048207.00       39.5924911    
   635882.000       3048207.00       39.8467522    
   635922.000       3048207.00       43.9419327    
   635962.000       3048207.00       49.7265282    
   636002.000       3048207.00       55.6540718    
   636042.000       3048207.00       61.6214294    
   636082.000       3048207.00       70.1980820    
   636122.000       3048207.00       83.6971588    
   636162.000       3048207.00       98.7798157    
   636202.000       3048207.00       113.311096    
   636242.000       3048207.00       127.661934    
   636282.000       3048207.00       142.965225    
   636322.000       3048207.00       158.916199    
   636362.000       3048207.00       172.976898    
   636402.000       3048207.00       182.917389    
   636442.000       3048207.00       189.055786    
   636482.000       3048207.00       194.146011    
   636522.000       3048207.00       200.589432    
   636562.000       3048207.00       211.011642    
   636602.000       3048207.00       225.520187    
   636642.000       3048207.00       239.290146    
   636682.000       3048207.00       253.042130    
   636722.000       3048207.00       264.248474    
   636762.000       3048207.00       274.388977    
   636802.000       3048207.00       292.480499    
   636842.000       3048207.00       308.613281    
   636882.000       3048207.00       327.991425    
   634122.000       3048247.00      -9999.00000    
   634162.000       3048247.00       222.623367    
   634202.000       3048247.00       210.213440    
   634242.000       3048247.00       191.592773    
   634282.000       3048247.00       169.447021    
   634322.000       3048247.00       150.316727    
   634362.000       3048247.00       140.416336    
   634402.000       3048247.00       133.672058    
   634442.000       3048247.00       134.637512    
   634482.000       3048247.00       142.014572    
   634522.000       3048247.00       139.224258    
   634562.000       3048247.00       128.434311    
   634602.000       3048247.00       117.138084    
   634642.000       3048247.00       110.801277    
   634682.000       3048247.00       102.664162    
   634722.000       3048247.00       91.9850388    
   634762.000       3048247.00       82.4020462    
   634802.000       3048247.00       73.6336975    
   634842.000       3048247.00       68.9557190    
   634882.000       3048247.00       68.1879730    
   634922.000       3048247.00       64.9325180    
   634962.000       3048247.00       63.3724899    
   635002.000       3048247.00       62.1007538    
   635042.000       3048247.00       54.5875473    
   635082.000       3048247.00       46.4976997    
   635122.000       3048247.00       40.7246094    
   635162.000       3048247.00       38.7749176    
   635202.000       3048247.00       36.3054390    
   635242.000       3048247.00       30.5418797    
   635282.000       3048247.00       24.1648083    
   635322.000       3048247.00       19.1142235    
   635362.000       3048247.00       14.4615431    
   635402.000       3048247.00       12.7480955    
   635442.000       3048247.00       12.3816252    
   635482.000       3048247.00       14.1637154    
   635522.000       3048247.00       16.4954548    
   635562.000       3048247.00       17.9871140    
   635602.000       3048247.00       18.8728790    
   635642.000       3048247.00       20.1085720    
   635682.000       3048247.00       23.1671066    
   635722.000       3048247.00       31.0756588    
   635762.000       3048247.00       41.2965851    
   635802.000       3048247.00       44.6340408    
   635842.000       3048247.00       40.4849396    
   635882.000       3048247.00       40.9851456    
   635922.000       3048247.00       45.5614929    
   635962.000       3048247.00       52.8306923    
   636002.000       3048247.00       60.3392601    
   636042.000       3048247.00       67.2030334    
   636082.000       3048247.00       76.1538696    
   636122.000       3048247.00       89.1598892    
   636162.000       3048247.00       105.415016    
   636202.000       3048247.00       118.820152    
   636242.000       3048247.00       131.624130    
   636282.000       3048247.00       147.323242    
   636322.000       3048247.00       166.782135    
   636362.000       3048247.00       184.388092    
   636402.000       3048247.00       195.821716    
   636442.000       3048247.00       200.742340    
   636482.000       3048247.00       205.395340    
   636522.000       3048247.00       211.143021    
   636562.000       3048247.00       218.840576    
   636602.000       3048247.00       229.521225    
   636642.000       3048247.00       239.681702    
   636682.000       3048247.00       252.353500    
   636722.000       3048247.00       265.559357    
   636762.000       3048247.00       279.023102    
   636802.000       3048247.00       297.112671    
   636842.000       3048247.00       314.990753    
   636882.000       3048247.00       328.871521    
   634122.000       3048287.00      -9999.00000    
   634162.000       3048287.00       231.789078    
   634202.000       3048287.00       219.275131    
   634242.000       3048287.00       201.080841    
   634282.000       3048287.00       179.794525    
   634322.000       3048287.00       160.056061    
   634362.000       3048287.00       145.138458    
   634402.000       3048287.00       136.159363    
   634442.000       3048287.00       131.833099    
   634482.000       3048287.00       132.868835    
   634522.000       3048287.00       130.831421    
   634562.000       3048287.00       117.062363    
   634602.000       3048287.00       111.330872    
   634642.000       3048287.00       103.014618    
   634682.000       3048287.00       98.0193024    
   634722.000       3048287.00       90.4457474    
   634762.000       3048287.00       78.0677109    
   634802.000       3048287.00       67.2999039    
   634842.000       3048287.00       61.3624153    
   634882.000       3048287.00       63.0895805    
   634922.000       3048287.00       62.3898659    
   634962.000       3048287.00       61.5763245    
   635002.000       3048287.00       59.8850021    
   635042.000       3048287.00       51.1586723    
   635082.000       3048287.00       41.3296471    
   635122.000       3048287.00       35.3796310    
   635162.000       3048287.00       32.5647316    
   635202.000       3048287.00       30.0877819    
   635242.000       3048287.00       25.9137287    
   635282.000       3048287.00       20.7203522    
   635322.000       3048287.00       15.9937153    
   635362.000       3048287.00       13.4886112    
   635402.000       3048287.00       11.5802612    
   635442.000       3048287.00       9.60179520    
   635482.000       3048287.00       11.1976061    
   635522.000       3048287.00       14.7469635    
   635562.000       3048287.00       16.5495930    
   635602.000       3048287.00       17.4891968    
   635642.000       3048287.00       18.1291924    
   635682.000       3048287.00       18.9576588    
   635722.000       3048287.00       24.3936138    
   635762.000       3048287.00       37.2131615    
   635802.000       3048287.00       40.6257553    
   635842.000       3048287.00       38.4170418    
   635882.000       3048287.00       39.7014046    
   635922.000       3048287.00       46.1921844    
   635962.000       3048287.00       56.7658730    
   636002.000       3048287.00       67.3087082    
   636042.000       3048287.00       73.6928558    
   636082.000       3048287.00       78.5285950    
   636122.000       3048287.00       94.3524704    
   636162.000       3048287.00       115.950912    
   636202.000       3048287.00       127.738266    
   636242.000       3048287.00       137.800781    
   636282.000       3048287.00       154.294785    
   636322.000       3048287.00       176.406540    
   636362.000       3048287.00       196.225311    
   636402.000       3048287.00       208.570877    
   636442.000       3048287.00       214.242142    
   636482.000       3048287.00       219.364105    
   636522.000       3048287.00       225.061035    
   636562.000       3048287.00       231.640366    
   636602.000       3048287.00       239.866974    
   636642.000       3048287.00       246.796066    
   636682.000       3048287.00       259.967560    
   636722.000       3048287.00       275.008820    
   636762.000       3048287.00       289.163757    
   636802.000       3048287.00       304.897919    
   636842.000       3048287.00       331.404938    
   636882.000       3048287.00       344.217773    
   634122.000       3048327.00      -9999.00000    
   634162.000       3048327.00      -9999.00000    
   634202.000       3048327.00      -9999.00000    
   634242.000       3048327.00       211.511765    
   634282.000       3048327.00       190.565659    
   634322.000       3048327.00       169.549210    
   634362.000       3048327.00       151.015533    
   634402.000       3048327.00       136.010559    
   634442.000       3048327.00       126.466034    
   634482.000       3048327.00       122.841919    
   634522.000       3048327.00       120.337723    
   634562.000       3048327.00       111.328247    
   634602.000       3048327.00       105.183029    
   634642.000       3048327.00       98.0005875    
   634682.000       3048327.00       97.6277771    
   634722.000       3048327.00       91.7046204    
   634762.000       3048327.00       77.3435440    
   634802.000       3048327.00       68.6966553    
   634842.000       3048327.00       62.3107338    
   634882.000       3048327.00       60.3683090    
   634922.000       3048327.00       59.5166397    
   634962.000       3048327.00       59.5683556    
   635002.000       3048327.00       60.5686913    
   635042.000       3048327.00       47.2698479    
   635082.000       3048327.00       39.0634384    
   635122.000       3048327.00       32.4065170    
   635162.000       3048327.00       28.0206242    
   635202.000       3048327.00       26.0507374    
   635242.000       3048327.00       22.2186909    
   635282.000       3048327.00       18.9088020    
   635322.000       3048327.00       14.3891220    
   635362.000       3048327.00       10.2954006    
   635402.000       3048327.00       7.85814428    
   635442.000       3048327.00       7.00111580    
   635482.000       3048327.00       9.44605350    
   635522.000       3048327.00       13.8021183    
   635562.000       3048327.00       13.1730251    
   635602.000       3048327.00       14.8257341    
   635642.000       3048327.00       15.0023832    
   635682.000       3048327.00       14.8510962    
   635722.000       3048327.00       17.8849754    
   635762.000       3048327.00       24.5981064    
   635802.000       3048327.00       28.5873795    
   635842.000       3048327.00       30.6789856    
   635882.000       3048327.00       35.5720558    
   635922.000       3048327.00       44.5031548    
   635962.000       3048327.00       59.9230766    
   636002.000       3048327.00       75.3439713    
   636042.000       3048327.00       84.0571747    
   636082.000       3048327.00       90.7096786    
   636122.000       3048327.00       100.706589    
   636162.000       3048327.00       123.967690    
   636202.000       3048327.00       138.840439    
   636242.000       3048327.00       149.806686    
   636282.000       3048327.00       168.143707    
   636322.000       3048327.00       187.890488    
   636362.000       3048327.00       206.507477    
   636402.000       3048327.00       219.342880    
   636442.000       3048327.00       227.650955    
   636482.000       3048327.00       234.437363    
   636522.000       3048327.00       241.284088    
   636562.000       3048327.00       248.608170    
   636602.000       3048327.00       256.455627    
   636642.000       3048327.00       265.017670    
   636682.000       3048327.00       276.972107    
   636722.000       3048327.00       291.078674    
   636762.000       3048327.00       306.957062    
   636802.000       3048327.00       327.352539    
   636842.000       3048327.00       346.223083    
   636882.000       3048327.00      -9999.00000    
   634122.000       3048367.00      -9999.00000    
   634162.000       3048367.00      -9999.00000    
   634202.000       3048367.00      -9999.00000    
   634242.000       3048367.00      -9999.00000    
   634282.000       3048367.00       201.466171    
   634322.000       3048367.00       179.409714    
   634362.000       3048367.00       158.211380    
   634402.000       3048367.00       139.527939    
   634442.000       3048367.00       124.924721    
   634482.000       3048367.00       118.770042    
   634522.000       3048367.00       115.691162    
   634562.000       3048367.00       111.950378    
   634602.000       3048367.00       105.099922    
   634642.000       3048367.00       99.8249664    
   634682.000       3048367.00       95.4940262    
   634722.000       3048367.00       88.6209335    
   634762.000       3048367.00       77.1033554    
   634802.000       3048367.00       71.7618027    
   634842.000       3048367.00       66.5367432    
   634882.000       3048367.00       61.1072731    
   634922.000       3048367.00       58.7115898    
   634962.000       3048367.00       60.1375275    
   635002.000       3048367.00       52.6073341    
   635042.000       3048367.00       43.1564903    
   635082.000       3048367.00       39.6941872    
   635122.000       3048367.00       32.7180138    
   635162.000       3048367.00       26.7592621    
   635202.000       3048367.00       24.5046043    
   635242.000       3048367.00       19.3349915    
   635282.000       3048367.00       14.0506916    
   635322.000       3048367.00       12.0573530    
   635362.000       3048367.00       6.61101198    
   635402.000       3048367.00       5.69688082    
   635442.000       3048367.00       6.09988213    
   635482.000       3048367.00       7.92310858    
   635522.000       3048367.00       10.0855608    
   635562.000       3048367.00       7.28614807    
   635602.000       3048367.00       7.03855371    
   635642.000       3048367.00       9.36738300    
   635682.000       3048367.00       11.3972788    
   635722.000       3048367.00       13.9796343    
   635762.000       3048367.00       16.4756737    
   635802.000       3048367.00       18.0668430    
   635842.000       3048367.00       23.7665520    
   635882.000       3048367.00       32.2732162    
   635922.000       3048367.00       42.9631233    
   635962.000       3048367.00       60.6367455    
   636002.000       3048367.00       78.3893127    
   636042.000       3048367.00       89.4169006    
   636082.000       3048367.00       93.4430771    
   636122.000       3048367.00       108.325592    
   636162.000       3048367.00       128.671875    
   636202.000       3048367.00       147.011383    
   636242.000       3048367.00       164.004791    
   636282.000       3048367.00       182.858887    
   636322.000       3048367.00       201.536209    
   636362.000       3048367.00       217.624481    
   636402.000       3048367.00       229.924332    
   636442.000       3048367.00       239.656677    
   636482.000       3048367.00       248.594757    
   636522.000       3048367.00       257.635284    
   636562.000       3048367.00       266.843048    
   636602.000       3048367.00       276.124969    
   636642.000       3048367.00       285.775726    
   636682.000       3048367.00       296.751617    
   636722.000       3048367.00       309.539581    
   636762.000       3048367.00       324.762329    
   636802.000       3048367.00       342.400635    
   636842.000       3048367.00      -9999.00000    
   636882.000       3048367.00      -9999.00000    
   634122.000       3048407.00      -9999.00000    
   634162.000       3048407.00      -9999.00000    
   634202.000       3048407.00      -9999.00000    
   634242.000       3048407.00      -9999.00000    
   634282.000       3048407.00      -9999.00000    
   634322.000       3048407.00       189.478928    
   634362.000       3048407.00       167.033676    
   634402.000       3048407.00       146.266327    
   634442.000       3048407.00       130.200180    
   634482.000       3048407.00       121.252045    
   634522.000       3048407.00       117.185333    
   634562.000       3048407.00       111.505905    
   634602.000       3048407.00       104.922852    
   634642.000       3048407.00       102.324913    
   634682.000       3048407.00       94.9796295    
   634722.000       3048407.00       85.8355484    
   634762.000       3048407.00       75.9383240    
   634802.000       3048407.00       71.2169571    
   634842.000       3048407.00       66.7891846    
   634882.000       3048407.00       62.8925705    
   634922.000       3048407.00       58.4632530    
   634962.000       3048407.00       56.9032249    
   635002.000       3048407.00       51.0587082    
   635042.000       3048407.00       44.5043793    
   635082.000       3048407.00       40.1750984    
   635122.000       3048407.00       34.0427475    
   635162.000       3048407.00       27.3750172    
   635202.000       3048407.00       23.3427048    
   635242.000       3048407.00       18.8673916    
   635282.000       3048407.00       14.0662842    
   635322.000       3048407.00       9.51783180    
   635362.000       3048407.00       5.28706121    
   635402.000       3048407.00       4.82850647    
   635442.000       3048407.00       5.55446434    
   635482.000       3048407.00       5.73257494    
   635522.000       3048407.00       6.05876875    
   635562.000       3048407.00       5.30381870    
   635602.000       3048407.00       5.16464853    
   635642.000       3048407.00       5.34000349    
   635682.000       3048407.00       4.58689451    
   635722.000       3048407.00       10.5369997    
   635762.000       3048407.00       11.9004955    
   635802.000       3048407.00       15.7500687    
   635842.000       3048407.00       23.2982998    
   635882.000       3048407.00       32.6914139    
   635922.000       3048407.00       43.3934784    
   635962.000       3048407.00       59.9181824    
   636002.000       3048407.00       79.0183868    
   636042.000       3048407.00       94.7619629    
   636082.000       3048407.00       105.533897    
   636122.000       3048407.00       117.538467    
   636162.000       3048407.00       134.056412    
   636202.000       3048407.00       153.845566    
   636242.000       3048407.00       175.086685    
   636282.000       3048407.00       196.147141    
   636322.000       3048407.00       214.363617    
   636362.000       3048407.00       228.080368    
   636402.000       3048407.00       238.650635    
   636442.000       3048407.00       248.864868    
   636482.000       3048407.00       259.945435    
   636522.000       3048407.00       271.652985    
   636562.000       3048407.00       283.272461    
   636602.000       3048407.00       294.354156    
   636642.000       3048407.00       304.607178    
   636682.000       3048407.00       314.237335    
   636722.000       3048407.00       324.618195    
   636762.000       3048407.00      -9999.00000    
   636802.000       3048407.00      -9999.00000    
   636842.000       3048407.00      -9999.00000    
   636882.000       3048407.00      -9999.00000    
   634122.000       3048447.00      -9999.00000    
   634162.000       3048447.00      -9999.00000    
   634202.000       3048447.00      -9999.00000    
   634242.000       3048447.00      -9999.00000    
   634282.000       3048447.00      -9999.00000    
   634322.000       3048447.00      -9999.00000    
   634362.000       3048447.00       176.423004    
   634402.000       3048447.00       155.467743    
   634442.000       3048447.00       138.081161    
   634482.000       3048447.00       125.462852    
   634522.000       3048447.00       120.521400    
   634562.000       3048447.00       113.215401    
   634602.000       3048447.00       105.830551    
   634642.000       3048447.00       99.6572952    
   634682.000       3048447.00       93.2094650    
   634722.000       3048447.00       85.5861740    
   634762.000       3048447.00       77.6898575    
   634802.000       3048447.00       71.3334885    
   634842.000       3048447.00       64.1865005    
   634882.000       3048447.00       62.0820236    
   634922.000       3048447.00       60.5247993    
   634962.000       3048447.00       55.1685295    
   635002.000       3048447.00       48.6113663    
   635042.000       3048447.00       44.6342239    
   635082.000       3048447.00       39.0551987    
   635122.000       3048447.00       33.0502625    
   635162.000       3048447.00       26.0312271    
   635202.000       3048447.00       22.0946693    
   635242.000       3048447.00       17.8524513    
   635282.000       3048447.00       12.4240999    
   635322.000       3048447.00       7.33686781    
   635362.000       3048447.00       4.17079210    
   635402.000       3048447.00       3.08015132    
   635442.000       3048447.00       3.17495894    
   635482.000       3048447.00       3.39348555    
   635522.000       3048447.00       3.43423915    
   635562.000       3048447.00       4.33534241    
   635602.000       3048447.00       6.73558712    
   635642.000       3048447.00       5.35405493    
   635682.000       3048447.00       5.11446571    
   635722.000       3048447.00       7.97296095    
   635762.000       3048447.00       8.71624088    
   635802.000       3048447.00       13.6410255    
   635842.000       3048447.00       22.1746750    
   635882.000       3048447.00       32.9983253    
   635922.000       3048447.00       42.4223061    
   635962.000       3048447.00       58.7581100    
   636002.000       3048447.00       79.3229523    
   636042.000       3048447.00       100.122498    
   636082.000       3048447.00       110.564430    
   636122.000       3048447.00       120.424995    
   636162.000       3048447.00       136.952774    
   636202.000       3048447.00       157.339783    
   636242.000       3048447.00       181.766113    
   636282.000       3048447.00       205.679138    
   636322.000       3048447.00       224.534515    
   636362.000       3048447.00       235.536484    
   636402.000       3048447.00       243.025787    
   636442.000       3048447.00       253.371628    
   636482.000       3048447.00       266.571594    
   636522.000       3048447.00      -9999.00000    
   636562.000       3048447.00      -9999.00000    
   636602.000       3048447.00      -9999.00000    
   636642.000       3048447.00      -9999.00000    
   636682.000       3048447.00      -9999.00000    
   636722.000       3048447.00      -9999.00000    
   636762.000       3048447.00      -9999.00000    
   636802.000       3048447.00      -9999.00000    
   636842.000       3048447.00      -9999.00000    
   636882.000       3048447.00      -9999.00000    
   634122.000       3048487.00      -9999.00000    
   634162.000       3048487.00      -9999.00000    
   634202.000       3048487.00      -9999.00000    
   634242.000       3048487.00      -9999.00000    
   634282.000       3048487.00      -9999.00000    
   634322.000       3048487.00      -9999.00000    
   634362.000       3048487.00       185.095688    
   634402.000       3048487.00       165.622864    
   634442.000       3048487.00       149.763290    
   634482.000       3048487.00       137.869843    
   634522.000       3048487.00       136.150848    
   634562.000       3048487.00       125.792358    
   634602.000       3048487.00       111.589798    
   634642.000       3048487.00       100.945625    
   634682.000       3048487.00       93.7875366    
   634722.000       3048487.00       88.5319214    
   634762.000       3048487.00       80.9783554    
   634802.000       3048487.00       71.4584045    
   634842.000       3048487.00       61.8056946    
   634882.000       3048487.00       62.6073418    
   634922.000       3048487.00       59.5268211    
   634962.000       3048487.00       53.3902931    
   635002.000       3048487.00       46.9819946    
   635042.000       3048487.00       42.1733322    
   635082.000       3048487.00       36.0061646    
   635122.000       3048487.00       29.7384911    
   635162.000       3048487.00       22.5775871    
   635202.000       3048487.00       20.7969437    
   635242.000       3048487.00       15.4992981    
   635282.000       3048487.00       8.47844315    
   635322.000       3048487.00       4.70922518    
   635362.000       3048487.00       2.39101028    
   635402.000       3048487.00       1.69998658    
   635442.000       3048487.00       1.83816826    
   635482.000       3048487.00       1.25751090    
   635522.000       3048487.00      0.909516394    
   635562.000       3048487.00      0.680084109    
   635602.000       3048487.00       1.79808497    
   635642.000       3048487.00       2.39113903    
   635682.000       3048487.00       2.69657087    
   635722.000       3048487.00       3.62103319    
   635762.000       3048487.00       3.89092445    
   635802.000       3048487.00       10.4991217    
   635842.000       3048487.00       17.8177376    
   635882.000       3048487.00       28.8474121    
   635922.000       3048487.00       41.6799316    
   635962.000       3048487.00       58.1860085    
   636002.000       3048487.00       77.6721191    
   636042.000       3048487.00       97.0210724    
   636082.000       3048487.00       110.363937    
   636122.000       3048487.00       122.553932    
   636162.000       3048487.00       138.062302    
   636202.000       3048487.00       156.404266    
   636242.000       3048487.00       180.600571    
   636282.000       3048487.00       207.205795    
   636322.000       3048487.00       228.936615    
   636362.000       3048487.00       238.108566    
   636402.000       3048487.00       241.154297    
   636442.000       3048487.00       252.331604    
   636482.000       3048487.00      -9999.00000    
   636522.000       3048487.00      -9999.00000    
   636562.000       3048487.00      -9999.00000    
   636602.000       3048487.00      -9999.00000    
   636642.000       3048487.00      -9999.00000    
   636682.000       3048487.00      -9999.00000    
   636722.000       3048487.00      -9999.00000    
   636762.000       3048487.00      -9999.00000    
   636802.000       3048487.00      -9999.00000    
   636842.000       3048487.00      -9999.00000    
   636882.000       3048487.00      -9999.00000    
   634122.000       3048527.00      -9999.00000    
   634162.000       3048527.00      -9999.00000    
   634202.000       3048527.00      -9999.00000    
   634242.000       3048527.00      -9999.00000    
   634282.000       3048527.00      -9999.00000    
   634322.000       3048527.00      -9999.00000    
   634362.000       3048527.00      -9999.00000    
   634402.000       3048527.00       173.987595    
   634442.000       3048527.00       163.103943    
   634482.000       3048527.00       159.411942    
   634522.000       3048527.00       151.586929    
   634562.000       3048527.00       136.746719    
   634602.000       3048527.00       120.791107    
   634642.000       3048527.00       107.635452    
   634682.000       3048527.00       98.8537598    
   634722.000       3048527.00       95.9629593    
   634762.000       3048527.00       86.8506393    
   634802.000       3048527.00       77.6899490    
   634842.000       3048527.00       71.2432632    
   634882.000       3048527.00       66.4893265    
   634922.000       3048527.00       61.0491409    
   634962.000       3048527.00       52.9238968    
   635002.000       3048527.00       44.8250809    
   635042.000       3048527.00       38.5914955    
   635082.000       3048527.00       32.5912857    
   635122.000       3048527.00       26.1437035    
   635162.000       3048527.00       20.3681393    
   635202.000       3048527.00       18.2079296    
   635242.000       3048527.00       14.4137497    
   635282.000       3048527.00       5.45848703    
   635322.000       3048527.00       3.17646408    
   635362.000       3048527.00      0.250266701    
   635402.000       3048527.00     -0.236848354    
   635442.000       3048527.00      0.781970918    
   635482.000       3048527.00      -1.22343981    
   635522.000       3048527.00      -1.85184002    
   635562.000       3048527.00     -0.276560456    
   635602.000       3048527.00     -0.260619313    
   635642.000       3048527.00     -0.773492634    
   635682.000       3048527.00     -0.220341340    
   635722.000       3048527.00       1.50301421    
   635762.000       3048527.00       4.80679369    
   635802.000       3048527.00       7.93298435    
   635842.000       3048527.00       13.9340458    
   635882.000       3048527.00       24.7769527    
   635922.000       3048527.00       39.0036087    
   635962.000       3048527.00       55.6330109    
   636002.000       3048527.00       72.4306793    
   636042.000       3048527.00       89.8613663    
   636082.000       3048527.00       107.380096    
   636122.000       3048527.00       123.833107    
   636162.000       3048527.00       138.248917    
   636202.000       3048527.00       151.461121    
   636242.000       3048527.00       165.133713    
   636282.000       3048527.00       185.890717    
   636322.000       3048527.00       220.528473    
   636362.000       3048527.00       237.441818    
   636402.000       3048527.00       237.271423    
   636442.000       3048527.00       247.746948    
   636482.000       3048527.00       261.920654    
   636522.000       3048527.00      -9999.00000    
   636562.000       3048527.00      -9999.00000    
   636602.000       3048527.00      -9999.00000    
   636642.000       3048527.00      -9999.00000    
   636682.000       3048527.00       317.310486    
   636722.000       3048527.00       322.574097    
   636762.000       3048527.00       327.353546    
   636802.000       3048527.00       331.564240    
   636842.000       3048527.00      -9999.00000    
   636882.000       3048527.00      -9999.00000    
   634122.000       3048567.00      -9999.00000    
   634162.000       3048567.00      -9999.00000    
   634202.000       3048567.00      -9999.00000    
   634242.000       3048567.00      -9999.00000    
   634282.000       3048567.00      -9999.00000    
   634322.000       3048567.00      -9999.00000    
   634362.000       3048567.00      -9999.00000    
   634402.000       3048567.00       177.005722    
   634442.000       3048567.00       166.334518    
   634482.000       3048567.00       162.620987    
   634522.000       3048567.00       155.736633    
   634562.000       3048567.00       142.355835    
   634602.000       3048567.00       127.807487    
   634642.000       3048567.00       115.489014    
   634682.000       3048567.00       107.537262    
   634722.000       3048567.00       100.701363    
   634762.000       3048567.00       93.7656097    
   634802.000       3048567.00       84.5422821    
   634842.000       3048567.00       77.5273666    
   634882.000       3048567.00       70.0897293    
   634922.000       3048567.00       63.1105194    
   634962.000       3048567.00       52.1684570    
   635002.000       3048567.00       41.5302200    
   635042.000       3048567.00       35.3815575    
   635082.000       3048567.00       27.7724953    
   635122.000       3048567.00       21.7145252    
   635162.000       3048567.00       15.8998394    
   635202.000       3048567.00       14.9242458    
   635242.000       3048567.00       11.5232735    
   635282.000       3048567.00       5.98900795    
   635322.000       3048567.00       1.97316039    
   635362.000       3048567.00      -1.25079703    
   635402.000       3048567.00      -3.45515037    
   635442.000       3048567.00      -3.18992376    
   635482.000       3048567.00      -4.52891207    
   635522.000       3048567.00      -4.66410351    
   635562.000       3048567.00      -1.33304596    
   635602.000       3048567.00      -2.00921345    
   635642.000       3048567.00      -3.21195030    
   635682.000       3048567.00      -2.17709780    
   635722.000       3048567.00      0.644073308    
   635762.000       3048567.00       6.32214737    
   635802.000       3048567.00       9.37059879    
   635842.000       3048567.00       11.7872477    
   635882.000       3048567.00       19.5738640    
   635922.000       3048567.00       33.7644653    
   635962.000       3048567.00       51.2830238    
   636002.000       3048567.00       63.5567894    
   636042.000       3048567.00       79.1447372    
   636082.000       3048567.00       100.322876    
   636122.000       3048567.00       121.130676    
   636162.000       3048567.00       134.241196    
   636202.000       3048567.00       143.932114    
   636242.000       3048567.00       153.497604    
   636282.000       3048567.00       175.005646    
   636322.000       3048567.00       206.434311    
   636362.000       3048567.00       229.354645    
   636402.000       3048567.00       234.660583    
   636442.000       3048567.00       241.108994    
   636482.000       3048567.00       251.824905    
   636522.000       3048567.00       263.701569    
   636562.000       3048567.00      -9999.00000    
   636602.000       3048567.00      -9999.00000    
   636642.000       3048567.00      -9999.00000    
   636682.000       3048567.00       300.079071    
   636722.000       3048567.00       305.576935    
   636762.000       3048567.00       310.199219    
   636802.000       3048567.00       313.861633    
   636842.000       3048567.00      -9999.00000    
   636882.000       3048567.00      -9999.00000    
   634122.000       3048607.00      -9999.00000    
   634162.000       3048607.00      -9999.00000    
   634202.000       3048607.00      -9999.00000    
   634242.000       3048607.00      -9999.00000    
   634282.000       3048607.00      -9999.00000    
   634322.000       3048607.00      -9999.00000    
   634362.000       3048607.00      -9999.00000    
   634402.000       3048607.00      -9999.00000    
   634442.000       3048607.00       167.364883    
   634482.000       3048607.00       160.054459    
   634522.000       3048607.00       153.497650    
   634562.000       3048607.00       142.909241    
   634602.000       3048607.00       130.692764    
   634642.000       3048607.00       119.719124    
   634682.000       3048607.00       111.093315    
   634722.000       3048607.00       103.774612    
   634762.000       3048607.00       96.4585495    
   634802.000       3048607.00       87.7730179    
   634842.000       3048607.00       82.3598633    
   634882.000       3048607.00       71.0432739    
   634922.000       3048607.00       60.7711639    
   634962.000       3048607.00       52.7044983    
   635002.000       3048607.00       39.9932137    
   635042.000       3048607.00       32.8048439    
   635082.000       3048607.00       24.1455078    
   635122.000       3048607.00       16.9755344    
   635162.000       3048607.00       13.3813581    
   635202.000       3048607.00       12.6349878    
   635242.000       3048607.00       9.90933323    
   635282.000       3048607.00       5.90487480    
   635322.000       3048607.00       2.29416585    
   635362.000       3048607.00      -1.27000630    
   635402.000       3048607.00      -3.80278873    
   635442.000       3048607.00      -5.08573961    
   635482.000       3048607.00      -4.99490547    
   635522.000       3048607.00      -2.31314039    
   635562.000       3048607.00     -0.518780291    
   635602.000       3048607.00      -2.12700224    
   635642.000       3048607.00      -3.66136193    
   635682.000       3048607.00      -2.32877731    
   635722.000       3048607.00     -0.203205258    
   635762.000       3048607.00       8.65205479    
   635802.000       3048607.00       9.31089497    
   635842.000       3048607.00       7.77539206    
   635882.000       3048607.00       12.9250278    
   635922.000       3048607.00       23.8596630    
   635962.000       3048607.00       41.7157784    
   636002.000       3048607.00       51.8171120    
   636042.000       3048607.00       65.5824890    
   636082.000       3048607.00       87.9298782    
   636122.000       3048607.00       108.399834    
   636162.000       3048607.00       121.105782    
   636202.000       3048607.00       132.862442    
   636242.000       3048607.00       147.654297    
   636282.000       3048607.00       168.600693    
   636322.000       3048607.00       193.150894    
   636362.000       3048607.00       212.388229    
   636402.000       3048607.00       222.279114    
   636442.000       3048607.00       228.854538    
   636482.000       3048607.00       236.601334    
   636522.000       3048607.00       245.410599    
   636562.000       3048607.00       254.339142    
   636602.000       3048607.00       262.708191    
   636642.000       3048607.00       270.273193    
   636682.000       3048607.00       277.059479    
   636722.000       3048607.00       283.079346    
   636762.000       3048607.00       288.143524    
   636802.000       3048607.00      -9999.00000    
   636842.000       3048607.00      -9999.00000    
   636882.000       3048607.00      -9999.00000    
   634122.000       3048647.00      -9999.00000    
   634162.000       3048647.00      -9999.00000    
   634202.000       3048647.00      -9999.00000    
   634242.000       3048647.00      -9999.00000    
   634282.000       3048647.00      -9999.00000    
   634322.000       3048647.00      -9999.00000    
   634362.000       3048647.00      -9999.00000    
   634402.000       3048647.00      -9999.00000    
   634442.000       3048647.00       165.632828    
   634482.000       3048647.00       158.263626    
   634522.000       3048647.00       150.333115    
   634562.000       3048647.00       140.406433    
   634602.000       3048647.00       129.657089    
   634642.000       3048647.00       119.796944    
   634682.000       3048647.00       111.194901    
   634722.000       3048647.00       104.726181    
   634762.000       3048647.00       96.1085052    
   634802.000       3048647.00       89.1168823    
   634842.000       3048647.00       82.2088928    
   634882.000       3048647.00       72.1477814    
   634922.000       3048647.00       62.0296516    
   634962.000       3048647.00       53.8276215    
   635002.000       3048647.00       41.7066917    
   635042.000       3048647.00       31.0971851    
   635082.000       3048647.00       21.5945187    
   635122.000       3048647.00       14.2429571    
   635162.000       3048647.00       11.5687952    
   635202.000       3048647.00       11.1125269    
   635242.000       3048647.00       9.04133892    
   635282.000       3048647.00       6.08475637    
   635322.000       3048647.00       2.79968786    
   635362.000       3048647.00     -0.747183800    
   635402.000       3048647.00      -3.36419892    
   635442.000       3048647.00      -5.08968544    
   635482.000       3048647.00      -5.93086910    
   635522.000       3048647.00      -4.52854443    
   635562.000       3048647.00      -2.18384528    
   635602.000       3048647.00      -2.39308167    
   635642.000       3048647.00      -2.38746428    
   635682.000       3048647.00     -0.989437938    
   635722.000       3048647.00      0.902584016    
   635762.000       3048647.00       3.66132116    
   635802.000       3048647.00       3.59088016    
   635842.000       3048647.00       2.91368556    
   635882.000       3048647.00       9.06527519    
   635922.000       3048647.00       16.1771431    
   635962.000       3048647.00       28.6181145    
   636002.000       3048647.00       52.3147736    
   636042.000       3048647.00       65.0421066    
   636082.000       3048647.00       76.2284851    
   636122.000       3048647.00       92.1633377    
   636162.000       3048647.00       104.435104    
   636202.000       3048647.00       121.187325    
   636242.000       3048647.00       140.411346    
   636282.000       3048647.00       160.813812    
   636322.000       3048647.00       180.457230    
   636362.000       3048647.00       195.326111    
   636402.000       3048647.00       204.383606    
   636442.000       3048647.00       210.384888    
   636482.000       3048647.00       216.163208    
   636522.000       3048647.00       222.581207    
   636562.000       3048647.00       229.409073    
   636602.000       3048647.00       236.256409    
   636642.000       3048647.00       243.112122    
   636682.000       3048647.00       250.152008    
   636722.000       3048647.00       257.094269    
   636762.000       3048647.00       263.094635    
   636802.000       3048647.00       267.404663    
   636842.000       3048647.00      -9999.00000    
   636882.000       3048647.00      -9999.00000    
   634122.000       3048687.00      -9999.00000    
   634162.000       3048687.00      -9999.00000    
   634202.000       3048687.00      -9999.00000    
   634242.000       3048687.00      -9999.00000    
   634282.000       3048687.00      -9999.00000    
   634322.000       3048687.00      -9999.00000    
   634362.000       3048687.00      -9999.00000    
   634402.000       3048687.00      -9999.00000    
   634442.000       3048687.00      -9999.00000    
   634482.000       3048687.00      -9999.00000    
   634522.000       3048687.00       145.783218    
   634562.000       3048687.00       135.607361    
   634602.000       3048687.00       125.671928    
   634642.000       3048687.00       116.723061    
   634682.000       3048687.00       108.241867    
   634722.000       3048687.00       100.453148    
   634762.000       3048687.00       93.7148590    
   634802.000       3048687.00       86.9700546    
   634842.000       3048687.00       79.5985565    
   634882.000       3048687.00       71.0914764    
   634922.000       3048687.00       61.8890190    
   634962.000       3048687.00       52.4189796    
   635002.000       3048687.00       41.3121185    
   635042.000       3048687.00       31.9745293    
   635082.000       3048687.00       21.5188808    
   635122.000       3048687.00       13.4421682    
   635162.000       3048687.00       10.9205313    
   635202.000       3048687.00       10.1997166    
   635242.000       3048687.00       7.60537291    
   635282.000       3048687.00       4.25800991    
   635322.000       3048687.00      0.963419199    
   635362.000       3048687.00      -1.26053011    
   635402.000       3048687.00      -3.19910741    
   635442.000       3048687.00      -5.98524380    
   635482.000       3048687.00      -7.37466478    
   635522.000       3048687.00      -6.39678001    
   635562.000       3048687.00      -4.81844616    
   635602.000       3048687.00      -3.27912116    
   635642.000       3048687.00      -1.46173906    
   635682.000       3048687.00       1.05534959    
   635722.000       3048687.00       1.52737701    
   635762.000       3048687.00      0.902087688    
   635802.000       3048687.00      0.797507346    
   635842.000       3048687.00       2.43969798    
   635882.000       3048687.00       7.94578171    
   635922.000       3048687.00       16.6768646    
   635962.000       3048687.00       31.7737427    
   636002.000       3048687.00       52.9275093    
   636042.000       3048687.00       69.0436478    
   636082.000       3048687.00       79.3462372    
   636122.000       3048687.00       90.5078125    
   636162.000       3048687.00       96.4406738    
   636202.000       3048687.00       115.955864    
   636242.000       3048687.00       133.636642    
   636282.000       3048687.00       152.014038    
   636322.000       3048687.00       167.675003    
   636362.000       3048687.00       177.548187    
   636402.000       3048687.00       183.299789    
   636442.000       3048687.00       187.450195    
   636482.000       3048687.00       191.569611    
   636522.000       3048687.00       196.320557    
   636562.000       3048687.00       201.735046    
   636602.000       3048687.00       207.385345    
   636642.000       3048687.00       213.572739    
   636682.000       3048687.00       221.219360    
   636722.000       3048687.00       229.729553    
   636762.000       3048687.00       237.177979    
   636802.000       3048687.00       242.106018    
   636842.000       3048687.00      -9999.00000    
   636882.000       3048687.00      -9999.00000    
   634122.000       3048727.00      -9999.00000    
   634162.000       3048727.00      -9999.00000    
   634202.000       3048727.00      -9999.00000    
   634242.000       3048727.00      -9999.00000    
   634282.000       3048727.00      -9999.00000    
   634322.000       3048727.00      -9999.00000    
   634362.000       3048727.00      -9999.00000    
   634402.000       3048727.00      -9999.00000    
   634442.000       3048727.00      -9999.00000    
   634482.000       3048727.00      -9999.00000    
   634522.000       3048727.00      -9999.00000    
   634562.000       3048727.00       128.579788    
   634602.000       3048727.00       119.771446    
   634642.000       3048727.00       111.642151    
   634682.000       3048727.00       101.550316    
   634722.000       3048727.00       95.9834061    
   634762.000       3048727.00       89.2890244    
   634802.000       3048727.00       82.8601685    
   634842.000       3048727.00       76.0036087    
   634882.000       3048727.00       68.3820648    
   634922.000       3048727.00       60.5277328    
   634962.000       3048727.00       52.2336273    
   635002.000       3048727.00       43.6308327    
   635042.000       3048727.00       33.4679375    
   635082.000       3048727.00       23.7770710    
   635122.000       3048727.00       16.0332623    
   635162.000       3048727.00       11.9500837    
   635202.000       3048727.00       8.36319828    
   635242.000       3048727.00       4.18430758    
   635282.000       3048727.00      0.216394767    
   635322.000       3048727.00      -2.79331207    
   635362.000       3048727.00      -3.91623378    
   635402.000       3048727.00      -4.01318979    
   635442.000       3048727.00      -5.87079716    
   635482.000       3048727.00      -6.38909483    
   635522.000       3048727.00      -6.17431259    
   635562.000       3048727.00      -6.29017115    
   635602.000       3048727.00      -3.90082264    
   635642.000       3048727.00      -1.32842219    
   635682.000       3048727.00       1.82090652    
   635722.000       3048727.00       2.50949621    
   635762.000       3048727.00       2.19658995    
   635802.000       3048727.00       3.38701963    
   635842.000       3048727.00       6.29520082    
   635882.000       3048727.00       10.5781307    
   635922.000       3048727.00       17.8204193    
   635962.000       3048727.00       31.5712891    
   636002.000       3048727.00       50.6033707    
   636042.000       3048727.00       66.2727509    
   636082.000       3048727.00       73.7731705    
   636122.000       3048727.00       84.8672714    
   636162.000       3048727.00       106.098206    
   636202.000       3048727.00       115.634178    
   636242.000       3048727.00       124.269630    
   636282.000       3048727.00       141.752792    
   636322.000       3048727.00       153.529343    
   636362.000       3048727.00       157.307037    
   636402.000       3048727.00       159.063126    
   636442.000       3048727.00       161.384811    
   636482.000       3048727.00       164.308716    
   636522.000       3048727.00       167.996567    
   636562.000       3048727.00       173.097382    
   636602.000       3048727.00       178.152451    
   636642.000       3048727.00       183.352142    
   636682.000       3048727.00       192.206207    
   636722.000       3048727.00       203.438034    
   636762.000       3048727.00       212.751999    
   636802.000       3048727.00       217.969254    
   636842.000       3048727.00      -9999.00000    
   636882.000       3048727.00      -9999.00000    
   634122.000       3048767.00      -9999.00000    
   634162.000       3048767.00      -9999.00000    
   634202.000       3048767.00      -9999.00000    
   634242.000       3048767.00      -9999.00000    
   634282.000       3048767.00      -9999.00000    
   634322.000       3048767.00      -9999.00000    
   634362.000       3048767.00      -9999.00000    
   634402.000       3048767.00      -9999.00000    
   634442.000       3048767.00      -9999.00000    
   634482.000       3048767.00      -9999.00000    
   634522.000       3048767.00      -9999.00000    
   634562.000       3048767.00      -9999.00000    
   634602.000       3048767.00       113.618851    
   634642.000       3048767.00      -9999.00000    
   634682.000       3048767.00       94.8545990    
   634722.000       3048767.00       89.9070435    
   634762.000       3048767.00       83.8284912    
   634802.000       3048767.00       77.5614777    
   634842.000       3048767.00       71.1400146    
   634882.000       3048767.00       64.7404938    
   634922.000       3048767.00       58.3051453    
   634962.000       3048767.00       51.9200211    
   635002.000       3048767.00       45.0159683    
   635042.000       3048767.00       36.7896881    
   635082.000       3048767.00       27.1427670    
   635122.000       3048767.00       17.1204185    
   635162.000       3048767.00       13.7158108    
   635202.000       3048767.00       7.10814285    
   635242.000       3048767.00      0.889237881    
   635282.000       3048767.00      -4.07571697    
   635322.000       3048767.00      -7.64517641    
   635362.000       3048767.00      -9.61983109    
   635402.000       3048767.00      -7.41159964    
   635442.000       3048767.00      -6.78709316    
   635482.000       3048767.00      0.250587314    
   635522.000       3048767.00      -3.78908324    
   635562.000       3048767.00      -6.16661692    
   635602.000       3048767.00      -4.48364067    
   635642.000       3048767.00     -0.823151231    
   635682.000       3048767.00       2.10098839    
   635722.000       3048767.00       3.26896143    
   635762.000       3048767.00       4.29354048    
   635802.000       3048767.00       7.59028292    
   635842.000       3048767.00       12.5236015    
   635882.000       3048767.00       15.3137531    
   635922.000       3048767.00       18.1217308    
   635962.000       3048767.00       27.8832531    
   636002.000       3048767.00       46.4372902    
   636042.000       3048767.00       59.0567589    
   636082.000       3048767.00       62.2918396    
   636122.000       3048767.00       62.0872917    
   636162.000       3048767.00       86.4802094    
   636202.000       3048767.00       101.841209    
   636242.000       3048767.00       113.322891    
   636282.000       3048767.00       124.877480    
   636322.000       3048767.00       132.644897    
   636362.000       3048767.00       132.580719    
   636402.000       3048767.00       131.333542    
   636442.000       3048767.00       133.801727    
   636482.000       3048767.00       136.129105    
   636522.000       3048767.00       138.833908    
   636562.000       3048767.00       144.971390    
   636602.000       3048767.00       151.667511    
   636642.000       3048767.00       154.089752    
   636682.000       3048767.00       165.967285    
   636722.000       3048767.00       181.414124    
   636762.000       3048767.00       192.408752    
   636802.000       3048767.00       196.825409    
   636842.000       3048767.00       195.865311    
   636882.000       3048767.00      -9999.00000    
   634122.000       3048807.00      -9999.00000    
   634162.000       3048807.00      -9999.00000    
   634202.000       3048807.00      -9999.00000    
   634242.000       3048807.00      -9999.00000    
   634282.000       3048807.00      -9999.00000    
   634322.000       3048807.00      -9999.00000    
   634362.000       3048807.00      -9999.00000    
   634402.000       3048807.00      -9999.00000    
   634442.000       3048807.00      -9999.00000    
   634482.000       3048807.00      -9999.00000    
   634522.000       3048807.00      -9999.00000    
   634562.000       3048807.00      -9999.00000    
   634602.000       3048807.00      -9999.00000    
   634642.000       3048807.00      -9999.00000    
   634682.000       3048807.00      -9999.00000    
   634722.000       3048807.00       83.3874893    
   634762.000       3048807.00       77.4269791    
   634802.000       3048807.00       71.4613037    
   634842.000       3048807.00       65.8315735    
   634882.000       3048807.00       60.3852768    
   634922.000       3048807.00       55.4839172    
   634962.000       3048807.00       51.3718147    
   635002.000       3048807.00       46.9791679    
   635042.000       3048807.00       41.0139885    
   635082.000       3048807.00       30.5758419    
   635122.000       3048807.00       19.8881264    
   635162.000       3048807.00       15.7831135    
   635202.000       3048807.00       6.04622841    
   635242.000       3048807.00     -0.450560391    
   635282.000       3048807.00      -6.46187258    
   635322.000       3048807.00      -10.9260244    
   635362.000       3048807.00      -13.7743835    
   635402.000       3048807.00      -9.91376686    
   635442.000       3048807.00      -8.78701401    
   635482.000       3048807.00      -3.66888690    
   635522.000       3048807.00      -7.77430201    
   635562.000       3048807.00      -6.53715515    
   635602.000       3048807.00      -4.21245193    
   635642.000       3048807.00      0.733178139    
   635682.000       3048807.00       3.96551967    
   635722.000       3048807.00       4.46072006    
   635762.000       3048807.00       5.38101339    
   635802.000       3048807.00       10.0712461    
   635842.000       3048807.00       19.0362053    
   635882.000       3048807.00       21.6651611    
   635922.000       3048807.00       20.4052582    
   635962.000       3048807.00       26.7018719    
   636002.000       3048807.00       39.6194763    
   636042.000       3048807.00       49.1328239    
   636082.000       3048807.00       52.5608444    
   636122.000       3048807.00       56.8227119    
   636162.000       3048807.00       69.4659271    
   636202.000       3048807.00       81.3703918    
   636242.000       3048807.00       84.6512146    
   636282.000       3048807.00       95.6003113    
   636322.000       3048807.00       103.022873    
   636362.000       3048807.00       104.379120    
   636402.000       3048807.00       104.651085    
   636442.000       3048807.00       107.060173    
   636482.000       3048807.00       108.755730    
   636522.000       3048807.00       111.703888    
   636562.000       3048807.00       115.347878    
   636602.000       3048807.00       130.739166    
   636642.000       3048807.00       131.008881    
   636682.000       3048807.00       149.485977    
   636722.000       3048807.00       166.916763    
   636762.000       3048807.00       177.713791    
   636802.000       3048807.00       179.846039    
   636842.000       3048807.00       174.455841    
   636882.000       3048807.00      -9999.00000    
   634122.000       3048847.00      -9999.00000    
   634162.000       3048847.00      -9999.00000    
   634202.000       3048847.00      -9999.00000    
   634242.000       3048847.00      -9999.00000    
   634282.000       3048847.00      -9999.00000    
   634322.000       3048847.00      -9999.00000    
   634362.000       3048847.00      -9999.00000    
   634402.000       3048847.00      -9999.00000    
   634442.000       3048847.00      -9999.00000    
   634482.000       3048847.00      -9999.00000    
   634522.000       3048847.00      -9999.00000    
   634562.000       3048847.00      -9999.00000    
   634602.000       3048847.00      -9999.00000    
   634642.000       3048847.00      -9999.00000    
   634682.000       3048847.00      -9999.00000    
   634722.000       3048847.00      -9999.00000    
   634762.000       3048847.00       70.7720184    
   634802.000       3048847.00       65.3784485    
   634842.000       3048847.00       60.2931557    
   634882.000       3048847.00       55.5266228    
   634922.000       3048847.00       51.4573555    
   634962.000       3048847.00       49.1652565    
   635002.000       3048847.00       48.6828346    
   635042.000       3048847.00       48.4406166    
   635082.000       3048847.00       44.4092636    
   635122.000       3048847.00       39.1092377    
   635162.000       3048847.00       19.3205853    
   635202.000       3048847.00       8.41002178    
   635242.000       3048847.00      0.686445177    
   635282.000       3048847.00      -6.58625698    
   635322.000       3048847.00      -11.7784595    
   635362.000       3048847.00      -14.0982513    
   635402.000       3048847.00      -12.9230947    
   635442.000       3048847.00      -10.8944569    
   635482.000       3048847.00      -8.40902710    
   635522.000       3048847.00      -7.81474543    
   635562.000       3048847.00      -5.59030819    
   635602.000       3048847.00      -2.21078753    
   635642.000       3048847.00       4.01534557    
   635682.000       3048847.00       7.90706062    
   635722.000       3048847.00       6.26625538    
   635762.000       3048847.00       5.69330502    
   635802.000       3048847.00       9.79893303    
   635842.000       3048847.00       18.3230762    
   635882.000       3048847.00       22.4553318    
   635922.000       3048847.00       23.7577744    
   635962.000       3048847.00       28.4466438    
   636002.000       3048847.00       36.1512642    
   636042.000       3048847.00       42.6870766    
   636082.000       3048847.00       47.0698090    
   636122.000       3048847.00       51.9131927    
   636162.000       3048847.00       58.7978897    
   636202.000       3048847.00       63.7266045    
   636242.000       3048847.00       66.8884811    
   636282.000       3048847.00       73.8837128    
   636322.000       3048847.00       77.9509811    
   636362.000       3048847.00       78.5009537    
   636402.000       3048847.00       80.7002716    
   636442.000       3048847.00       83.9695740    
   636482.000       3048847.00       86.5891800    
   636522.000       3048847.00       88.8420029    
   636562.000       3048847.00       91.0302963    
   636602.000       3048847.00       102.795349    
   636642.000       3048847.00       127.679283    
   636682.000       3048847.00       146.042007    
   636722.000       3048847.00       157.639282    
   636762.000       3048847.00       166.395401    
   636802.000       3048847.00       166.395737    
   636842.000       3048847.00       153.920563    
   636882.000       3048847.00      -9999.00000    
   634122.000       3048887.00      -9999.00000    
   634162.000       3048887.00      -9999.00000    
   634202.000       3048887.00      -9999.00000    
   634242.000       3048887.00      -9999.00000    
   634282.000       3048887.00      -9999.00000    
   634322.000       3048887.00      -9999.00000    
   634362.000       3048887.00      -9999.00000    
   634402.000       3048887.00      -9999.00000    
   634442.000       3048887.00      -9999.00000    
   634482.000       3048887.00      -9999.00000    
   634522.000       3048887.00      -9999.00000    
   634562.000       3048887.00      -9999.00000    
   634602.000       3048887.00      -9999.00000    
   634642.000       3048887.00      -9999.00000    
   634682.000       3048887.00      -9999.00000    
   634722.000       3048887.00      -9999.00000    
   634762.000       3048887.00      -9999.00000    
   634802.000       3048887.00       60.0463562    
   634842.000       3048887.00       54.9596062    
   634882.000       3048887.00       49.7429199    
   634922.000       3048887.00       45.6545486    
   634962.000       3048887.00       44.0132980    
   635002.000       3048887.00       46.8598709    
   635042.000       3048887.00       53.9358253    
   635082.000       3048887.00       61.9825859    
   635122.000       3048887.00       54.0012131    
   635162.000       3048887.00       10.9923372    
   635202.000       3048887.00       4.52870178    
   635242.000       3048887.00     -0.490025401    
   635282.000       3048887.00      -6.89568663    
   635322.000       3048887.00      -11.9197102    
   635362.000       3048887.00      -14.3632727    
   635402.000       3048887.00      -13.9666004    
   635442.000       3048887.00      -11.4499197    
   635482.000       3048887.00      -8.52660751    
   635522.000       3048887.00      -5.35169697    
   635562.000       3048887.00      -1.99491167    
   635602.000       3048887.00      0.907450080    
   635642.000       3048887.00       4.74725485    
   635682.000       3048887.00       10.6564827    
   635722.000       3048887.00       9.17587090    
   635762.000       3048887.00       10.0728874    
   635802.000       3048887.00       12.9367456    
   635842.000       3048887.00       17.1729107    
   635882.000       3048887.00       21.9292450    
   635922.000       3048887.00       26.1662617    
   635962.000       3048887.00       31.0524483    
   636002.000       3048887.00       36.5538673    
   636042.000       3048887.00       40.4446487    
   636082.000       3048887.00       44.8019447    
   636122.000       3048887.00       49.0054741    
   636162.000       3048887.00       54.6480408    
   636202.000       3048887.00       56.6352386    
   636242.000       3048887.00       59.4754295    
   636282.000       3048887.00       64.0029297    
   636322.000       3048887.00       62.8002472    
   636362.000       3048887.00       59.7707825    
   636402.000       3048887.00       63.2874107    
   636442.000       3048887.00       67.4409180    
   636482.000       3048887.00       70.9278793    
   636522.000       3048887.00       74.4698639    
   636562.000       3048887.00       78.1335831    
   636602.000       3048887.00       93.2772751    
   636642.000       3048887.00       118.853745    
   636682.000       3048887.00       137.294464    
   636722.000       3048887.00       143.677261    
   636762.000       3048887.00       149.349228    
   636802.000       3048887.00       146.858398    
   636842.000       3048887.00       133.424042    
   636882.000       3048887.00      -9999.00000    
   634122.000       3048927.00      -9999.00000    
   634162.000       3048927.00      -9999.00000    
   634202.000       3048927.00      -9999.00000    
   634242.000       3048927.00      -9999.00000    
   634282.000       3048927.00      -9999.00000    
   634322.000       3048927.00      -9999.00000    
   634362.000       3048927.00      -9999.00000    
   634402.000       3048927.00      -9999.00000    
   634442.000       3048927.00      -9999.00000    
   634482.000       3048927.00      -9999.00000    
   634522.000       3048927.00      -9999.00000    
   634562.000       3048927.00      -9999.00000    
   634602.000       3048927.00      -9999.00000    
   634642.000       3048927.00      -9999.00000    
   634682.000       3048927.00      -9999.00000    
   634722.000       3048927.00      -9999.00000    
   634762.000       3048927.00      -9999.00000    
   634802.000       3048927.00      -9999.00000    
   634842.000       3048927.00       50.0830231    
   634882.000       3048927.00       44.0686684    
   634922.000       3048927.00       38.2593384    
   634962.000       3048927.00       34.8284912    
   635002.000       3048927.00       37.1616631    
   635042.000       3048927.00       47.9197655    
   635082.000       3048927.00       59.7741203    
   635122.000       3048927.00       48.6919174    
   635162.000       3048927.00       13.3916550    
   635202.000       3048927.00      0.644501388    
   635242.000       3048927.00      -3.47220397    
   635282.000       3048927.00      -8.29549026    
   635322.000       3048927.00      -11.9637203    
   635362.000       3048927.00      -14.5164442    
   635402.000       3048927.00      -14.8007383    
   635442.000       3048927.00      -11.7532864    
   635482.000       3048927.00      -6.68426037    
   635522.000       3048927.00     -0.788826942    
   635562.000       3048927.00       5.10302639    
   635602.000       3048927.00       9.86924839    
   635642.000       3048927.00       13.3791466    
   635682.000       3048927.00       23.1210327    
   635722.000       3048927.00       16.8895969    
   635762.000       3048927.00       19.5824928    
   635802.000       3048927.00       21.1026783    
   635842.000       3048927.00       22.6997566    
   635882.000       3048927.00       26.2648697    
   635922.000       3048927.00       31.4330559    
   635962.000       3048927.00       36.3414879    
   636002.000       3048927.00       39.8822327    
   636042.000       3048927.00       41.7716484    
   636082.000       3048927.00       44.9727669    
   636122.000       3048927.00       49.5171242    
   636162.000       3048927.00       54.1234589    
   636202.000       3048927.00       56.4671783    
   636242.000       3048927.00       58.4122849    
   636282.000       3048927.00       59.7672501    
   636322.000       3048927.00       56.8527870    
   636362.000       3048927.00       53.5925064    
   636402.000       3048927.00       54.4188232    
   636442.000       3048927.00       57.5343323    
   636482.000       3048927.00       61.3440094    
   636522.000       3048927.00       65.7850952    
   636562.000       3048927.00       71.8846512    
   636602.000       3048927.00       84.9921646    
   636642.000       3048927.00       103.203705    
   636682.000       3048927.00       116.397682    
   636722.000       3048927.00       121.228386    
   636762.000       3048927.00       120.576843    
   636802.000       3048927.00       113.775558    
   636842.000       3048927.00       103.555489    
   636882.000       3048927.00      -9999.00000    
   634122.000       3048967.00      -9999.00000    
   634162.000       3048967.00      -9999.00000    
   634202.000       3048967.00      -9999.00000    
   634242.000       3048967.00      -9999.00000    
   634282.000       3048967.00      -9999.00000    
   634322.000       3048967.00      -9999.00000    
   634362.000       3048967.00      -9999.00000    
   634402.000       3048967.00      -9999.00000    
   634442.000       3048967.00      -9999.00000    
   634482.000       3048967.00      -9999.00000    
   634522.000       3048967.00      -9999.00000    
   634562.000       3048967.00      -9999.00000    
   634602.000       3048967.00      -9999.00000    
   634642.000       3048967.00      -9999.00000    
   634682.000       3048967.00      -9999.00000    
   634722.000       3048967.00      -9999.00000    
   634762.000       3048967.00      -9999.00000    
   634802.000       3048967.00       53.5298386    
   634842.000       3048967.00       47.0899773    
   634882.000       3048967.00       39.2257996    
   634922.000       3048967.00       30.7862034    
   634962.000       3048967.00       23.1091232    
   635002.000       3048967.00       19.6169434    
   635042.000       3048967.00       30.8612309    
   635082.000       3048967.00       48.9117508    
   635122.000       3048967.00       38.8127861    
   635162.000       3048967.00       14.3517809    
   635202.000       3048967.00       1.46943831    
   635242.000       3048967.00      -4.41385603    
   635282.000       3048967.00      -8.30756092    
   635322.000       3048967.00      -10.4651184    
   635362.000       3048967.00      -14.2665672    
   635402.000       3048967.00      -14.8314381    
   635442.000       3048967.00      -10.6725788    
   635482.000       3048967.00      -3.45694709    
   635522.000       3048967.00       5.30305195    
   635562.000       3048967.00       14.8414259    
   635602.000       3048967.00       24.1643085    
   635642.000       3048967.00       31.3349991    
   635682.000       3048967.00       31.9418335    
   635722.000       3048967.00       27.5285568    
   635762.000       3048967.00       22.8556061    
   635802.000       3048967.00       27.1495495    
   635842.000       3048967.00       28.3285980    
   635882.000       3048967.00       32.3185844    
   635922.000       3048967.00       37.7718468    
   635962.000       3048967.00       41.3956604    
   636002.000       3048967.00       43.9262085    
   636042.000       3048967.00       44.3864059    
   636082.000       3048967.00       46.9118156    
   636122.000       3048967.00       51.9214783    
   636162.000       3048967.00       56.2032738    
   636202.000       3048967.00       59.0440063    
   636242.000       3048967.00       61.7796249    
   636282.000       3048967.00       60.7320137    
   636322.000       3048967.00       55.7144127    
   636362.000       3048967.00       51.9398346    
   636402.000       3048967.00       51.1982880    
   636442.000       3048967.00       52.9960861    
   636482.000       3048967.00       56.4190826    
   636522.000       3048967.00       61.5425568    
   636562.000       3048967.00       68.3825150    
   636602.000       3048967.00       77.8164291    
   636642.000       3048967.00       88.4384384    
   636682.000       3048967.00       95.4634094    
   636722.000       3048967.00       96.2001572    
   636762.000       3048967.00       90.9915543    
   636802.000       3048967.00       82.4121323    
   636842.000       3048967.00       76.2809219    
   636882.000       3048967.00      -9999.00000    
   634122.000       3049007.00      -9999.00000    
   634162.000       3049007.00      -9999.00000    
   634202.000       3049007.00      -9999.00000    
   634242.000       3049007.00      -9999.00000    
   634282.000       3049007.00      -9999.00000    
   634322.000       3049007.00      -9999.00000    
   634362.000       3049007.00      -9999.00000    
   634402.000       3049007.00      -9999.00000    
   634442.000       3049007.00      -9999.00000    
   634482.000       3049007.00      -9999.00000    
   634522.000       3049007.00      -9999.00000    
   634562.000       3049007.00      -9999.00000    
   634602.000       3049007.00      -9999.00000    
   634642.000       3049007.00      -9999.00000    
   634682.000       3049007.00      -9999.00000    
   634722.000       3049007.00      -9999.00000    
   634762.000       3049007.00      -9999.00000    
   634802.000       3049007.00      -9999.00000    
   634842.000       3049007.00       46.4057350    
   634882.000       3049007.00       37.2846489    
   634922.000       3049007.00       26.7116337    
   634962.000       3049007.00       15.8151226    
   635002.000       3049007.00       5.69532204    
   635042.000       3049007.00      -4.45387506    
   635082.000       3049007.00       30.0388222    
   635122.000       3049007.00       26.8215675    
   635162.000       3049007.00       14.1446543    
   635202.000       3049007.00       2.91676378    
   635242.000       3049007.00      -3.48425174    
   635282.000       3049007.00      -7.58180141    
   635322.000       3049007.00      -11.3104687    
   635362.000       3049007.00      -13.5950575    
   635402.000       3049007.00      -11.5477991    
   635442.000       3049007.00      -7.76718140    
   635482.000       3049007.00      0.183294460    
   635522.000       3049007.00       10.9612341    
   635562.000       3049007.00       23.4638710    
   635602.000       3049007.00       36.8028793    
   635642.000       3049007.00       47.8534508    
   635682.000       3049007.00       47.1318054    
   635722.000       3049007.00       39.7642937    
   635762.000       3049007.00       34.0687790    
   635802.000       3049007.00       33.9815445    
   635842.000       3049007.00       34.9869881    
   635882.000       3049007.00       38.0918503    
   635922.000       3049007.00       41.6729698    
   635962.000       3049007.00       40.6715088    
   636002.000       3049007.00       46.1569557    
   636042.000       3049007.00       48.0977592    
   636082.000       3049007.00       50.6261482    
   636122.000       3049007.00       56.6345062    
   636162.000       3049007.00       59.2675781    
   636202.000       3049007.00       59.9654808    
   636242.000       3049007.00       61.0707092    
   636282.000       3049007.00       58.7626610    
   636322.000       3049007.00       54.1413651    
   636362.000       3049007.00       51.2517014    
   636402.000       3049007.00       50.4949493    
   636442.000       3049007.00       51.8676071    
   636482.000       3049007.00       54.5095749    
   636522.000       3049007.00       58.6082840    
   636562.000       3049007.00       65.1572647    
   636602.000       3049007.00       71.4259872    
   636642.000       3049007.00       76.7987061    
   636682.000       3049007.00       78.5999298    
   636722.000       3049007.00       75.5260010    
   636762.000       3049007.00       68.3811264    
   636802.000       3049007.00       59.6396790    
   636842.000       3049007.00       55.9330177    
   636882.000       3049007.00      -9999.00000    
   634122.000       3049047.00      -9999.00000    
   634162.000       3049047.00      -9999.00000    
   634202.000       3049047.00      -9999.00000    
   634242.000       3049047.00      -9999.00000    
   634282.000       3049047.00      -9999.00000    
   634322.000       3049047.00      -9999.00000    
   634362.000       3049047.00      -9999.00000    
   634402.000       3049047.00      -9999.00000    
   634442.000       3049047.00      -9999.00000    
   634482.000       3049047.00      -9999.00000    
   634522.000       3049047.00      -9999.00000    
   634562.000       3049047.00      -9999.00000    
   634602.000       3049047.00      -9999.00000    
   634642.000       3049047.00      -9999.00000    
   634682.000       3049047.00      -9999.00000    
   634722.000       3049047.00      -9999.00000    
   634762.000       3049047.00      -9999.00000    
   634802.000       3049047.00      -9999.00000    
   634842.000       3049047.00      -9999.00000    
   634882.000       3049047.00      -9999.00000    
   634922.000       3049047.00       26.9582310    
   634962.000       3049047.00       15.9261847    
   635002.000       3049047.00       8.70188427    
   635042.000       3049047.00       10.0206642    
   635082.000       3049047.00       15.3258295    
   635122.000       3049047.00       13.4596214    
   635162.000       3049047.00       6.50818491    
   635202.000       3049047.00       1.62726915    
   635242.000       3049047.00      -2.94477963    
   635282.000       3049047.00      -7.42932272    
   635322.000       3049047.00      -10.7464113    
   635362.000       3049047.00      -13.2632675    
   635402.000       3049047.00      -11.8753452    
   635442.000       3049047.00      -6.23364592    
   635482.000       3049047.00       2.48108745    
   635522.000       3049047.00       14.0325356    
   635562.000       3049047.00       27.8463535    
   635602.000       3049047.00       42.0655975    
   635642.000       3049047.00       53.3351364    
   635682.000       3049047.00       54.8550034    
   635722.000       3049047.00       50.7861786    
   635762.000       3049047.00       46.7764053    
   635802.000       3049047.00       45.1462059    
   635842.000       3049047.00       45.0750504    
   635882.000       3049047.00       45.9338417    
   635922.000       3049047.00       46.5035515    
   635962.000       3049047.00       48.7050133    
   636002.000       3049047.00       53.4594803    
   636042.000       3049047.00       56.0080795    
   636082.000       3049047.00       58.0819664    
   636122.000       3049047.00       61.5865898    
   636162.000       3049047.00       61.3843307    
   636202.000       3049047.00       58.7190933    
   636242.000       3049047.00       55.5650139    
   636282.000       3049047.00       52.1464920    
   636322.000       3049047.00       51.0759964    
   636362.000       3049047.00       50.2830200    
   636402.000       3049047.00       50.5127487    
   636442.000       3049047.00       52.9350624    
   636482.000       3049047.00       55.4968262    
   636522.000       3049047.00       57.5468292    
   636562.000       3049047.00       62.3268242    
   636602.000       3049047.00       67.1612854    
   636642.000       3049047.00       69.4917755    
   636682.000       3049047.00       67.4823456    
   636722.000       3049047.00       61.3880692    
   636762.000       3049047.00       54.0699425    
   636802.000       3049047.00       47.9128571    
   636842.000       3049047.00       44.7210197    
   636882.000       3049047.00      -9999.00000    
   634122.000       3049087.00      -9999.00000    
   634162.000       3049087.00      -9999.00000    
   634202.000       3049087.00      -9999.00000    
   634242.000       3049087.00      -9999.00000    
   634282.000       3049087.00      -9999.00000    
   634322.000       3049087.00      -9999.00000    
   634362.000       3049087.00      -9999.00000    
   634402.000       3049087.00      -9999.00000    
   634442.000       3049087.00      -9999.00000    
   634482.000       3049087.00      -9999.00000    
   634522.000       3049087.00      -9999.00000    
   634562.000       3049087.00      -9999.00000    
   634602.000       3049087.00      -9999.00000    
   634642.000       3049087.00      -9999.00000    
   634682.000       3049087.00      -9999.00000    
   634722.000       3049087.00      -9999.00000    
   634762.000       3049087.00      -9999.00000    
   634802.000       3049087.00      -9999.00000    
   634842.000       3049087.00      -9999.00000    
   634882.000       3049087.00      -9999.00000    
   634922.000       3049087.00       29.2209148    
   634962.000       3049087.00       18.4944592    
   635002.000       3049087.00       11.4234123    
   635042.000       3049087.00       9.14350319    
   635082.000       3049087.00       8.56891251    
   635122.000       3049087.00       6.16209745    
   635162.000       3049087.00       2.55030489    
   635202.000       3049087.00     -0.822701573    
   635242.000       3049087.00      -2.89575243    
   635282.000       3049087.00      -8.15194416    
   635322.000       3049087.00      -10.4046164    
   635362.000       3049087.00      -13.3236065    
   635402.000       3049087.00      -11.4567785    
   635442.000       3049087.00      -6.09912443    
   635482.000       3049087.00       2.48347521    
   635522.000       3049087.00       14.0409851    
   635562.000       3049087.00       27.8780384    
   635602.000       3049087.00       41.7160416    
   635642.000       3049087.00       52.2197418    
   635682.000       3049087.00       57.8624229    
   635722.000       3049087.00       58.8084412    
   635762.000       3049087.00       58.0960274    
   635802.000       3049087.00       57.8662300    
   635842.000       3049087.00       58.3175735    
   635882.000       3049087.00       59.6859245    
   635922.000       3049087.00       62.2946014    
   635962.000       3049087.00       68.8526917    
   636002.000       3049087.00       71.8176804    
   636042.000       3049087.00       67.5388794    
   636082.000       3049087.00       66.3734818    
   636122.000       3049087.00       66.5157471    
   636162.000       3049087.00       64.5535049    
   636202.000       3049087.00       59.9732056    
   636242.000       3049087.00       54.2929230    
   636282.000       3049087.00       48.8918190    
   636322.000       3049087.00       47.3813820    
   636362.000       3049087.00       48.1679382    
   636402.000       3049087.00       49.7482109    
   636442.000       3049087.00       55.2960052    
   636482.000       3049087.00       59.2379837    
   636522.000       3049087.00       60.2377930    
   636562.000       3049087.00       62.9361191    
   636602.000       3049087.00       66.3446350    
   636642.000       3049087.00       67.5120850    
   636682.000       3049087.00       62.7709618    
   636722.000       3049087.00       52.9319496    
   636762.000       3049087.00       44.7037392    
   636802.000       3049087.00       41.1675072    
   636842.000       3049087.00       39.5808144    
   636882.000       3049087.00      -9999.00000    
   634122.000       3049127.00      -9999.00000    
   634162.000       3049127.00      -9999.00000    
   634202.000       3049127.00      -9999.00000    
   634242.000       3049127.00      -9999.00000    
   634282.000       3049127.00      -9999.00000    
   634322.000       3049127.00      -9999.00000    
   634362.000       3049127.00      -9999.00000    
   634402.000       3049127.00      -9999.00000    
   634442.000       3049127.00      -9999.00000    
   634482.000       3049127.00      -9999.00000    
   634522.000       3049127.00      -9999.00000    
   634562.000       3049127.00      -9999.00000    
   634602.000       3049127.00      -9999.00000    
   634642.000       3049127.00      -9999.00000    
   634682.000       3049127.00      -9999.00000    
   634722.000       3049127.00      -9999.00000    
   634762.000       3049127.00      -9999.00000    
   634802.000       3049127.00      -9999.00000    
   634842.000       3049127.00      -9999.00000    
   634882.000       3049127.00      -9999.00000    
   634922.000       3049127.00       30.6021194    
   634962.000       3049127.00       18.9510536    
   635002.000       3049127.00       11.0487957    
   635042.000       3049127.00       6.96854448    
   635082.000       3049127.00       4.70317936    
   635122.000       3049127.00       2.27663851    
   635162.000       3049127.00     -0.594724953    
   635202.000       3049127.00      -2.92478561    
   635242.000       3049127.00      -5.49069166    
   635282.000       3049127.00      -8.97731209    
   635322.000       3049127.00      -11.1232767    
   635362.000       3049127.00      -12.3519430    
   635402.000       3049127.00      -10.9059267    
   635442.000       3049127.00      -5.85717487    
   635482.000       3049127.00      0.732198715    
   635522.000       3049127.00       10.7915497    
   635562.000       3049127.00       26.1065731    
   635602.000       3049127.00       39.4499702    
   635642.000       3049127.00       51.1922340    
   635682.000       3049127.00       59.7926292    
   635722.000       3049127.00       64.4239426    
   635762.000       3049127.00       67.5683670    
   635802.000       3049127.00       70.2409592    
   635842.000       3049127.00       73.1379318    
   635882.000       3049127.00       76.3968124    
   635922.000       3049127.00       80.5219193    
   635962.000       3049127.00       84.1386871    
   636002.000       3049127.00       81.7818985    
   636042.000       3049127.00       76.5039749    
   636082.000       3049127.00       76.1469116    
   636122.000       3049127.00       74.3453827    
   636162.000       3049127.00       71.3242645    
   636202.000       3049127.00       65.7642212    
   636242.000       3049127.00       57.9667854    
   636282.000       3049127.00       49.8359337    
   636322.000       3049127.00       44.6353683    
   636362.000       3049127.00       46.0765419    
   636402.000       3049127.00       48.8402939    
   636442.000       3049127.00       56.2713966    
   636482.000       3049127.00       62.2598877    
   636522.000       3049127.00       61.8873100    
   636562.000       3049127.00       64.3726273    
   636602.000       3049127.00       67.7147369    
   636642.000       3049127.00       71.1538696    
   636682.000       3049127.00       65.0690918    
   636722.000       3049127.00       50.1897011    
   636762.000       3049127.00       39.7485313    
   636802.000       3049127.00       40.6113777    
   636842.000       3049127.00       40.4629402    
   636882.000       3049127.00      -9999.00000    
   634122.000       3049167.00      -9999.00000    
   634162.000       3049167.00      -9999.00000    
   634202.000       3049167.00      -9999.00000    
   634242.000       3049167.00      -9999.00000    
   634282.000       3049167.00      -9999.00000    
   634322.000       3049167.00      -9999.00000    
   634362.000       3049167.00      -9999.00000    
   634402.000       3049167.00      -9999.00000    
   634442.000       3049167.00      -9999.00000    
   634482.000       3049167.00      -9999.00000    
   634522.000       3049167.00      -9999.00000    
   634562.000       3049167.00      -9999.00000    
   634602.000       3049167.00      -9999.00000    
   634642.000       3049167.00      -9999.00000    
   634682.000       3049167.00      -9999.00000    
   634722.000       3049167.00      -9999.00000    
   634762.000       3049167.00      -9999.00000    
   634802.000       3049167.00      -9999.00000    
   634842.000       3049167.00      -9999.00000    
   634882.000       3049167.00      -9999.00000    
   634922.000       3049167.00       26.8215637    
   634962.000       3049167.00       14.7809410    
   635002.000       3049167.00       7.99529123    
   635042.000       3049167.00       4.35397053    
   635082.000       3049167.00       2.05854940    
   635122.000       3049167.00      -1.18057253E-02
   635162.000       3049167.00      -2.19305491    
   635202.000       3049167.00      -4.36404228    
   635242.000       3049167.00      -6.66162586    
   635282.000       3049167.00      -9.22686100    
   635322.000       3049167.00      -11.1478081    
   635362.000       3049167.00      -11.7839594    
   635402.000       3049167.00      -10.3291426    
   635442.000       3049167.00      -6.69065857    
   635482.000       3049167.00      -2.19417715    
   635522.000       3049167.00       4.29285192    
   635562.000       3049167.00       18.2335472    
   635602.000       3049167.00       36.6150169    
   635642.000       3049167.00       50.2887573    
   635682.000       3049167.00       60.8296623    
   635722.000       3049167.00       69.3856659    
   635762.000       3049167.00       76.3318710    
   635802.000       3049167.00       82.2360077    
   635842.000       3049167.00       87.7009735    
   635882.000       3049167.00       92.6294708    
   635922.000       3049167.00       96.6263657    
   635962.000       3049167.00       98.6035156    
   636002.000       3049167.00       95.6497116    
   636042.000       3049167.00       91.0460052    
   636082.000       3049167.00       88.9292679    
   636122.000       3049167.00       84.9649811    
   636162.000       3049167.00       82.6803589    
   636202.000       3049167.00       76.3933640    
   636242.000       3049167.00       66.6212158    
   636282.000       3049167.00       57.3089371    
   636322.000       3049167.00       51.1571999    
   636362.000       3049167.00       48.8822174    
   636402.000       3049167.00       49.4766655    
   636442.000       3049167.00       52.9041252    
   636482.000       3049167.00       54.3463173    
   636522.000       3049167.00       58.8588676    
   636562.000       3049167.00       64.9058914    
   636602.000       3049167.00       69.8069229    
   636642.000       3049167.00       78.9759598    
   636682.000       3049167.00       70.6299820    
   636722.000       3049167.00       58.1343918    
   636762.000       3049167.00       47.5833321    
   636802.000       3049167.00       50.4497108    
   636842.000       3049167.00       47.0817375    
   636882.000       3049167.00      -9999.00000    
   634122.000       3049207.00      -9999.00000    
   634162.000       3049207.00      -9999.00000    
   634202.000       3049207.00      -9999.00000    
   634242.000       3049207.00      -9999.00000    
   634282.000       3049207.00      -9999.00000    
   634322.000       3049207.00      -9999.00000    
   634362.000       3049207.00      -9999.00000    
   634402.000       3049207.00      -9999.00000    
   634442.000       3049207.00      -9999.00000    
   634482.000       3049207.00      -9999.00000    
   634522.000       3049207.00      -9999.00000    
   634562.000       3049207.00      -9999.00000    
   634602.000       3049207.00      -9999.00000    
   634642.000       3049207.00      -9999.00000    
   634682.000       3049207.00      -9999.00000    
   634722.000       3049207.00      -9999.00000    
   634762.000       3049207.00      -9999.00000    
   634802.000       3049207.00      -9999.00000    
   634842.000       3049207.00      -9999.00000    
   634882.000       3049207.00      -9999.00000    
   634922.000       3049207.00      -9999.00000    
   634962.000       3049207.00       6.31426382    
   635002.000       3049207.00      -9999.00000    
   635042.000       3049207.00      -9999.00000    
   635082.000       3049207.00      -9999.00000    
   635122.000       3049207.00      -9999.00000    
   635162.000       3049207.00      -3.01334643    
   635202.000       3049207.00      -4.88988495    
   635242.000       3049207.00      -7.00149822    
   635282.000       3049207.00      -9.11680698    
   635322.000       3049207.00      -10.7574129    
   635362.000       3049207.00      -11.7703094    
   635402.000       3049207.00      -10.6378384    
   635442.000       3049207.00      -8.00784588    
   635482.000       3049207.00      -4.61107254    
   635522.000       3049207.00       2.18264890    
   635562.000       3049207.00       14.6709185    
   635602.000       3049207.00       33.1675720    
   635642.000       3049207.00       48.7487793    
   635682.000       3049207.00       62.5778580    
   635722.000       3049207.00       74.0442352    
   635762.000       3049207.00       84.2209244    
   635802.000       3049207.00       93.1346512    
   635842.000       3049207.00       100.977036    
   635882.000       3049207.00       107.827675    
   635922.000       3049207.00       112.191170    
   635962.000       3049207.00       112.876877    
   636002.000       3049207.00       111.284660    
   636042.000       3049207.00       107.604744    
   636082.000       3049207.00       103.415077    
   636122.000       3049207.00       100.243858    
   636162.000       3049207.00       98.7888870    
   636202.000       3049207.00       90.7285156    
   636242.000       3049207.00       78.1540451    
   636282.000       3049207.00       68.6294937    
   636322.000       3049207.00       61.7513657    
   636362.000       3049207.00       57.3916473    
   636402.000       3049207.00       56.2676888    
   636442.000       3049207.00       55.8915558    
   636482.000       3049207.00       55.6610298    
   636522.000       3049207.00       60.3062553    
   636562.000       3049207.00       66.7386551    
   636602.000       3049207.00       72.3638306    
   636642.000       3049207.00       75.3281708    
   636682.000       3049207.00       68.6828995    
   636722.000       3049207.00       59.6669464    
   636762.000       3049207.00       63.4858475    
   636802.000       3049207.00       60.5793343    
   636842.000       3049207.00       54.8751755    
   636882.000       3049207.00      -9999.00000    
   634122.000       3049247.00      -9999.00000    
   634162.000       3049247.00      -9999.00000    
   634202.000       3049247.00      -9999.00000    
   634242.000       3049247.00      -9999.00000    
   634282.000       3049247.00      -9999.00000    
   634322.000       3049247.00      -9999.00000    
   634362.000       3049247.00      -9999.00000    
   634402.000       3049247.00      -9999.00000    
   634442.000       3049247.00      -9999.00000    
   634482.000       3049247.00      -9999.00000    
   634522.000       3049247.00      -9999.00000    
   634562.000       3049247.00      -9999.00000    
   634602.000       3049247.00      -9999.00000    
   634642.000       3049247.00      -9999.00000    
   634682.000       3049247.00      -9999.00000    
   634722.000       3049247.00      -9999.00000    
   634762.000       3049247.00      -9999.00000    
   634802.000       3049247.00      -9999.00000    
   634842.000       3049247.00      -9999.00000    
   634882.000       3049247.00      -9999.00000    
   634922.000       3049247.00      -9999.00000    
   634962.000       3049247.00      -9999.00000    
   635002.000       3049247.00      -9999.00000    
   635042.000       3049247.00      -9999.00000    
   635082.000       3049247.00      -9999.00000    
   635122.000       3049247.00      -9999.00000    
   635162.000       3049247.00      -9999.00000    
   635202.000       3049247.00      -5.04154301    
   635242.000       3049247.00      -6.89789963    
   635282.000       3049247.00      -8.78960514    
   635322.000       3049247.00      -9.98215485    
   635362.000       3049247.00      -10.9818707    
   635402.000       3049247.00      -9.94303036    
   635442.000       3049247.00      -7.55507374    
   635482.000       3049247.00      -2.93015027    
   635522.000       3049247.00       6.69588232    
   635562.000       3049247.00       19.1426926    
   635602.000       3049247.00       33.7171631    
   635642.000       3049247.00       50.2156563    
   635682.000       3049247.00       64.7806091    
   635722.000       3049247.00       78.5195618    
   635762.000       3049247.00       91.0169983    
   635802.000       3049247.00       102.262291    
   635842.000       3049247.00       112.657196    
   635882.000       3049247.00       121.559212    
   635922.000       3049247.00       128.047806    
   635962.000       3049247.00       130.537735    
   636002.000       3049247.00       128.195618    
   636042.000       3049247.00       123.465485    
   636082.000       3049247.00       118.771980    
   636122.000       3049247.00       115.756348    
   636162.000       3049247.00       113.528961    
   636202.000       3049247.00       102.630905    
   636242.000       3049247.00       89.9738770    
   636282.000       3049247.00       82.9079895    
   636322.000       3049247.00       76.4024429    
   636362.000       3049247.00       72.1427231    
   636402.000       3049247.00       70.0528030    
   636442.000       3049247.00       67.7032394    
   636482.000       3049247.00       68.0871506    
   636522.000       3049247.00       69.8015671    
   636562.000       3049247.00       72.3583832    
   636602.000       3049247.00       74.4789047    
   636642.000       3049247.00       72.7720184    
   636682.000       3049247.00       64.6183701    
   636722.000       3049247.00       54.6003075    
   636762.000       3049247.00       58.2415390    
   636802.000       3049247.00       60.9103928    
   636842.000       3049247.00       57.2206841    
   636882.000       3049247.00      -9999.00000    
   634122.000       3049287.00      -9999.00000    
   634162.000       3049287.00      -9999.00000    
   634202.000       3049287.00      -9999.00000    
   634242.000       3049287.00      -9999.00000    
   634282.000       3049287.00      -9999.00000    
   634322.000       3049287.00      -9999.00000    
   634362.000       3049287.00      -9999.00000    
   634402.000       3049287.00      -9999.00000    
   634442.000       3049287.00      -9999.00000    
   634482.000       3049287.00      -9999.00000    
   634522.000       3049287.00      -9999.00000    
   634562.000       3049287.00      -9999.00000    
   634602.000       3049287.00      -9999.00000    
   634642.000       3049287.00      -9999.00000    
   634682.000       3049287.00      -9999.00000    
   634722.000       3049287.00      -9999.00000    
   634762.000       3049287.00      -9999.00000    
   634802.000       3049287.00      -9999.00000    
   634842.000       3049287.00      -9999.00000    
   634882.000       3049287.00      -9999.00000    
   634922.000       3049287.00      -9999.00000    
   634962.000       3049287.00      -9999.00000    
   635002.000       3049287.00      -9999.00000    
   635042.000       3049287.00      -9999.00000    
   635082.000       3049287.00      -9999.00000    
   635122.000       3049287.00      -9999.00000    
   635162.000       3049287.00      -9999.00000    
   635202.000       3049287.00      -9999.00000    
   635242.000       3049287.00      -6.95730019    
   635282.000       3049287.00      -9.06287575    
   635322.000       3049287.00      -9.74757862    
   635362.000       3049287.00      -9.23887253    
   635402.000       3049287.00      -7.50984812    
   635442.000       3049287.00      -4.00580788    
   635482.000       3049287.00       2.35327458    
   635522.000       3049287.00       12.3858671    
   635562.000       3049287.00       23.3465900    
   635602.000       3049287.00       37.6188126    
   635642.000       3049287.00       52.8211174    
   635682.000       3049287.00       68.5107346    
   635722.000       3049287.00       83.2481995    
   635762.000       3049287.00       96.7747803    
   635802.000       3049287.00       109.766815    
   635842.000       3049287.00       121.501083    
   635882.000       3049287.00       132.376404    
   635922.000       3049287.00       141.679901    
   635962.000       3049287.00       145.827560    
   636002.000       3049287.00       142.515823    
   636042.000       3049287.00       135.712509    
   636082.000       3049287.00       130.286163    
   636122.000       3049287.00       126.405777    
   636162.000       3049287.00       121.838646    
   636202.000       3049287.00       113.251152    
   636242.000       3049287.00       105.036179    
   636282.000       3049287.00       99.8661194    
   636322.000       3049287.00       93.3120804    
   636362.000       3049287.00       90.4175644    
   636402.000       3049287.00       88.4523773    
   636442.000       3049287.00       86.1506653    
   636482.000       3049287.00       87.3117294    
   636522.000       3049287.00       83.0117111    
   636562.000       3049287.00       81.0938187    
   636602.000       3049287.00       80.3144989    
   636642.000       3049287.00       76.3913040    
   636682.000       3049287.00       68.8320389    
   636722.000       3049287.00       61.6308098    
   636762.000       3049287.00       59.5949135    
   636802.000       3049287.00       59.0866966    
   636842.000       3049287.00       56.1185760    
   636882.000       3049287.00      -9999.00000    
   634122.000       3049327.00      -9999.00000    
   634162.000       3049327.00      -9999.00000    
   634202.000       3049327.00      -9999.00000    
   634242.000       3049327.00      -9999.00000    
   634282.000       3049327.00      -9999.00000    
   634322.000       3049327.00      -9999.00000    
   634362.000       3049327.00      -9999.00000    
   634402.000       3049327.00      -9999.00000    
   634442.000       3049327.00      -9999.00000    
   634482.000       3049327.00      -9999.00000    
   634522.000       3049327.00      -9999.00000    
   634562.000       3049327.00      -9999.00000    
   634602.000       3049327.00      -9999.00000    
   634642.000       3049327.00      -9999.00000    
   634682.000       3049327.00      -9999.00000    
   634722.000       3049327.00      -9999.00000    
   634762.000       3049327.00      -9999.00000    
   634802.000       3049327.00      -9999.00000    
   634842.000       3049327.00      -9999.00000    
   634882.000       3049327.00      -9999.00000    
   634922.000       3049327.00      -9999.00000    
   634962.000       3049327.00      -9999.00000    
   635002.000       3049327.00      -9999.00000    
   635042.000       3049327.00      -9999.00000    
   635082.000       3049327.00      -9999.00000    
   635122.000       3049327.00      -9999.00000    
   635162.000       3049327.00      -9999.00000    
   635202.000       3049327.00      -9999.00000    
   635242.000       3049327.00      -9999.00000    
   635282.000       3049327.00      -9999.00000    
   635322.000       3049327.00      -8.32265949    
   635362.000       3049327.00      -6.56821871    
   635402.000       3049327.00      -3.73902297    
   635442.000       3049327.00       1.03935778    
   635482.000       3049327.00       8.73004246    
   635522.000       3049327.00       16.9227982    
   635562.000       3049327.00       28.5650883    
   635602.000       3049327.00       42.9187965    
   635642.000       3049327.00       57.7635536    
   635682.000       3049327.00       73.2957077    
   635722.000       3049327.00       88.0370789    
   635762.000       3049327.00       102.193222    
   635802.000       3049327.00       115.120842    
   635842.000       3049327.00       127.094086    
   635882.000       3049327.00       137.733353    
   635922.000       3049327.00       147.050873    
   635962.000       3049327.00       152.375229    
   636002.000       3049327.00       147.260910    
   636042.000       3049327.00       141.277832    
   636082.000       3049327.00       136.935867    
   636122.000       3049327.00       133.806091    
   636162.000       3049327.00       130.349670    
   636202.000       3049327.00       125.619385    
   636242.000       3049327.00       120.936226    
   636282.000       3049327.00       116.928322    
   636322.000       3049327.00       113.057915    
   636362.000       3049327.00       113.087204    
   636402.000       3049327.00       110.929375    
   636442.000       3049327.00       108.380737    
   636482.000       3049327.00       105.217339    
   636522.000       3049327.00       95.1192932    
   636562.000       3049327.00       92.8125839    
   636602.000       3049327.00       90.7796173    
   636642.000       3049327.00       85.0058823    
   636682.000       3049327.00       76.8886948    
   636722.000       3049327.00       68.9386444    
   636762.000       3049327.00       63.1974373    
   636802.000       3049327.00       59.0713615    
   636842.000       3049327.00       54.9059753    
   636882.000       3049327.00      -9999.00000    
   634122.000       3049367.00      -9999.00000    
   634162.000       3049367.00      -9999.00000    
   634202.000       3049367.00      -9999.00000    
   634242.000       3049367.00      -9999.00000    
   634282.000       3049367.00      -9999.00000    
   634322.000       3049367.00      -9999.00000    
   634362.000       3049367.00      -9999.00000    
   634402.000       3049367.00      -9999.00000    
   634442.000       3049367.00      -9999.00000    
   634482.000       3049367.00      -9999.00000    
   634522.000       3049367.00      -9999.00000    
   634562.000       3049367.00      -9999.00000    
   634602.000       3049367.00      -9999.00000    
   634642.000       3049367.00      -9999.00000    
   634682.000       3049367.00      -9999.00000    
   634722.000       3049367.00      -9999.00000    
   634762.000       3049367.00      -9999.00000    
   634802.000       3049367.00      -9999.00000    
   634842.000       3049367.00      -9999.00000    
   634882.000       3049367.00      -9999.00000    
   634922.000       3049367.00      -9999.00000    
   634962.000       3049367.00      -9999.00000    
   635002.000       3049367.00      -9999.00000    
   635042.000       3049367.00      -9999.00000    
   635082.000       3049367.00      -9999.00000    
   635122.000       3049367.00      -9999.00000    
   635162.000       3049367.00      -9999.00000    
   635202.000       3049367.00      -9999.00000    
   635242.000       3049367.00      -9999.00000    
   635282.000       3049367.00      -9999.00000    
   635322.000       3049367.00      -9999.00000    
   635362.000       3049367.00      -3.20194483    
   635402.000       3049367.00      0.516720951    
   635442.000       3049367.00       6.46382189    
   635482.000       3049367.00       12.0009460    
   635522.000       3049367.00       22.5166950    
   635562.000       3049367.00       34.9907036    
   635602.000       3049367.00       48.8497276    
   635642.000       3049367.00       63.7457123    
   635682.000       3049367.00       78.9320068    
   635722.000       3049367.00       93.0388718    
   635762.000       3049367.00       106.994133    
   635802.000       3049367.00       119.235329    
   635842.000       3049367.00       129.991150    
   635882.000       3049367.00       138.432587    
   635922.000       3049367.00       143.528275    
   635962.000       3049367.00       144.011429    
   636002.000       3049367.00       142.866089    
   636042.000       3049367.00       141.553665    
   636082.000       3049367.00       140.399857    
   636122.000       3049367.00       139.966949    
   636162.000       3049367.00       139.365189    
   636202.000       3049367.00       138.207550    
   636242.000       3049367.00       136.864212    
   636282.000       3049367.00       135.628723    
   636322.000       3049367.00       134.955566    
   636362.000       3049367.00       135.048599    
   636402.000       3049367.00       130.969635    
   636442.000       3049367.00       128.519547    
   636482.000       3049367.00       123.376938    
   636522.000       3049367.00       114.477875    
   636562.000       3049367.00       110.252174    
   636602.000       3049367.00       104.497864    
   636642.000       3049367.00       95.2434616    
   636682.000       3049367.00       84.8736343    
   636722.000       3049367.00       74.9462814    
   636762.000       3049367.00       66.7241516    
   636802.000       3049367.00       60.0785751    
   636842.000       3049367.00      -9999.00000    
   636882.000       3049367.00      -9999.00000    
   634122.000       3049407.00      -9999.00000    
   634162.000       3049407.00      -9999.00000    
   634202.000       3049407.00      -9999.00000    
   634242.000       3049407.00      -9999.00000    
   634282.000       3049407.00      -9999.00000    
   634322.000       3049407.00      -9999.00000    
   634362.000       3049407.00      -9999.00000    
   634402.000       3049407.00      -9999.00000    
   634442.000       3049407.00      -9999.00000    
   634482.000       3049407.00      -9999.00000    
   634522.000       3049407.00      -9999.00000    
   634562.000       3049407.00      -9999.00000    
   634602.000       3049407.00      -9999.00000    
   634642.000       3049407.00      -9999.00000    
   634682.000       3049407.00      -9999.00000    
   634722.000       3049407.00      -9999.00000    
   634762.000       3049407.00      -9999.00000    
   634802.000       3049407.00      -9999.00000    
   634842.000       3049407.00      -9999.00000    
   634882.000       3049407.00      -9999.00000    
   634922.000       3049407.00      -9999.00000    
   634962.000       3049407.00      -9999.00000    
   635002.000       3049407.00      -9999.00000    
   635042.000       3049407.00      -9999.00000    
   635082.000       3049407.00      -9999.00000    
   635122.000       3049407.00      -9999.00000    
   635162.000       3049407.00      -9999.00000    
   635202.000       3049407.00      -9999.00000    
   635242.000       3049407.00      -9999.00000    
   635282.000       3049407.00      -9999.00000    
   635322.000       3049407.00      -9999.00000    
   635362.000       3049407.00      -9999.00000    
   635402.000       3049407.00       2.70522714    
   635442.000       3049407.00       9.03846931    
   635482.000       3049407.00       18.0004959    
   635522.000       3049407.00       29.4766026    
   635562.000       3049407.00       42.9195099    
   635602.000       3049407.00       55.8135452    
   635642.000       3049407.00       70.5925598    
   635682.000       3049407.00       85.1165085    
   635722.000       3049407.00       99.6448822    
   635762.000       3049407.00       112.180466    
   635802.000       3049407.00       123.590271    
   635842.000       3049407.00       132.749588    
   635882.000       3049407.00       139.013840    
   635922.000       3049407.00       141.669891    
   635962.000       3049407.00       140.959259    
   636002.000       3049407.00       141.616455    
   636042.000       3049407.00       141.944580    
   636082.000       3049407.00       143.819504    
   636122.000       3049407.00       146.783691    
   636162.000       3049407.00       149.180374    
   636202.000       3049407.00       151.159500    
   636242.000       3049407.00       152.849915    
   636282.000       3049407.00       154.083206    
   636322.000       3049407.00       154.657303    
   636362.000       3049407.00       153.952682    
   636402.000       3049407.00       151.390198    
   636442.000       3049407.00       148.962296    
   636482.000       3049407.00       143.896729    
   636522.000       3049407.00       134.218872    
   636562.000       3049407.00       124.514076    
   636602.000       3049407.00       116.094833    
   636642.000       3049407.00       103.276192    
   636682.000       3049407.00       89.8899612    
   636722.000       3049407.00       78.8013153    
   636762.000       3049407.00       69.2335358    
   636802.000       3049407.00       61.4464378    
   636842.000       3049407.00      -9999.00000    
   636882.000       3049407.00      -9999.00000    
   634122.000       3049447.00      -9999.00000    
   634162.000       3049447.00      -9999.00000    
   634202.000       3049447.00      -9999.00000    
   634242.000       3049447.00      -9999.00000    
   634282.000       3049447.00      -9999.00000    
   634322.000       3049447.00      -9999.00000    
   634362.000       3049447.00      -9999.00000    
   634402.000       3049447.00      -9999.00000    
   634442.000       3049447.00      -9999.00000    
   634482.000       3049447.00      -9999.00000    
   634522.000       3049447.00      -9999.00000    
   634562.000       3049447.00      -9999.00000    
   634602.000       3049447.00      -9999.00000    
   634642.000       3049447.00      -9999.00000    
   634682.000       3049447.00      -9999.00000    
   634722.000       3049447.00      -9999.00000    
   634762.000       3049447.00      -9999.00000    
   634802.000       3049447.00      -9999.00000    
   634842.000       3049447.00      -9999.00000    
   634882.000       3049447.00      -9999.00000    
   634922.000       3049447.00      -9999.00000    
   634962.000       3049447.00      -9999.00000    
   635002.000       3049447.00      -9999.00000    
   635042.000       3049447.00      -9999.00000    
   635082.000       3049447.00      -9999.00000    
   635122.000       3049447.00      -9999.00000    
   635162.000       3049447.00      -9999.00000    
   635202.000       3049447.00      -9999.00000    
   635242.000       3049447.00      -9999.00000    
   635282.000       3049447.00      -9999.00000    
   635322.000       3049447.00      -9999.00000    
   635362.000       3049447.00      -9999.00000    
   635402.000       3049447.00      -9999.00000    
   635442.000       3049447.00       13.3875504    
   635482.000       3049447.00       24.1962509    
   635522.000       3049447.00       36.9231720    
   635562.000       3049447.00       50.8392601    
   635602.000       3049447.00       64.8273087    
   635642.000       3049447.00       79.5708923    
   635682.000       3049447.00       93.6389542    
   635722.000       3049447.00       106.943527    
   635762.000       3049447.00       118.972351    
   635802.000       3049447.00       129.611771    
   635842.000       3049447.00       137.415207    
   635882.000       3049447.00       142.643860    
   635922.000       3049447.00       145.208145    
   635962.000       3049447.00       145.852966    
   636002.000       3049447.00       146.222961    
   636042.000       3049447.00       146.615768    
   636082.000       3049447.00       150.757370    
   636122.000       3049447.00       156.208496    
   636162.000       3049447.00       160.309280    
   636202.000       3049447.00       164.661453    
   636242.000       3049447.00       168.818665    
   636282.000       3049447.00       171.747986    
   636322.000       3049447.00       172.729050    
   636362.000       3049447.00       171.651596    
   636402.000       3049447.00       168.816406    
   636442.000       3049447.00       164.457657    
   636482.000       3049447.00       156.886887    
   636522.000       3049447.00       144.023056    
   636562.000       3049447.00       126.621765    
   636602.000       3049447.00       113.313011    
   636642.000       3049447.00       107.935989    
   636682.000       3049447.00       96.4562454    
   636722.000       3049447.00       79.5652008    
   636762.000       3049447.00       69.9834824    
   636802.000       3049447.00      -9999.00000    
   636842.000       3049447.00      -9999.00000    
   636882.000       3049447.00      -9999.00000    
   634122.000       3049487.00      -9999.00000    
   634162.000       3049487.00      -9999.00000    
   634202.000       3049487.00      -9999.00000    
   634242.000       3049487.00      -9999.00000    
   634282.000       3049487.00      -9999.00000    
   634322.000       3049487.00      -9999.00000    
   634362.000       3049487.00      -9999.00000    
   634402.000       3049487.00      -9999.00000    
   634442.000       3049487.00      -9999.00000    
   634482.000       3049487.00      -9999.00000    
   634522.000       3049487.00      -9999.00000    
   634562.000       3049487.00      -9999.00000    
   634602.000       3049487.00      -9999.00000    
   634642.000       3049487.00      -9999.00000    
   634682.000       3049487.00      -9999.00000    
   634722.000       3049487.00      -9999.00000    
   634762.000       3049487.00      -9999.00000    
   634802.000       3049487.00      -9999.00000    
   634842.000       3049487.00      -9999.00000    
   634882.000       3049487.00      -9999.00000    
   634922.000       3049487.00      -9999.00000    
   634962.000       3049487.00      -9999.00000    
   635002.000       3049487.00      -9999.00000    
   635042.000       3049487.00      -9999.00000    
   635082.000       3049487.00      -9999.00000    
   635122.000       3049487.00      -9999.00000    
   635162.000       3049487.00      -9999.00000    
   635202.000       3049487.00      -9999.00000    
   635242.000       3049487.00      -9999.00000    
   635282.000       3049487.00      -9999.00000    
   635322.000       3049487.00      -9999.00000    
   635362.000       3049487.00      -9999.00000    
   635402.000       3049487.00      -9999.00000    
   635442.000       3049487.00       18.6523533    
   635482.000       3049487.00       31.4585495    
   635522.000       3049487.00       45.6794930    
   635562.000       3049487.00       59.9451675    
   635602.000       3049487.00       74.9309616    
   635642.000       3049487.00       89.5610428    
   635682.000       3049487.00       103.769066    
   635722.000       3049487.00       116.436859    
   635762.000       3049487.00       128.123322    
   635802.000       3049487.00       137.682709    
   635842.000       3049487.00       145.090897    
   635882.000       3049487.00       150.283997    
   635922.000       3049487.00       153.589066    
   635962.000       3049487.00       155.515106    
   636002.000       3049487.00       156.914276    
   636042.000       3049487.00       158.947433    
   636082.000       3049487.00       163.430695    
   636122.000       3049487.00       168.098892    
   636162.000       3049487.00       172.861588    
   636202.000       3049487.00       178.877441    
   636242.000       3049487.00       185.001678    
   636282.000       3049487.00       188.827530    
   636322.000       3049487.00       189.119781    
   636362.000       3049487.00       186.539902    
   636402.000       3049487.00       181.857437    
   636442.000       3049487.00       174.536636    
   636482.000       3049487.00       162.675888    
   636522.000       3049487.00       144.536758    
   636562.000       3049487.00       120.498482    
   636602.000       3049487.00       107.767937    
   636642.000       3049487.00       116.912148    
   636682.000       3049487.00       90.3331680    
   636722.000       3049487.00       71.7140961    
   636762.000       3049487.00       67.2565994    
   636802.000       3049487.00      -9999.00000    
   636842.000       3049487.00      -9999.00000    
   636882.000       3049487.00      -9999.00000    
   634122.000       3049527.00      -9999.00000    
   634162.000       3049527.00      -9999.00000    
   634202.000       3049527.00      -9999.00000    
   634242.000       3049527.00      -9999.00000    
   634282.000       3049527.00      -9999.00000    
   634322.000       3049527.00      -9999.00000    
   634362.000       3049527.00      -9999.00000    
   634402.000       3049527.00      -9999.00000    
   634442.000       3049527.00      -9999.00000    
   634482.000       3049527.00      -9999.00000    
   634522.000       3049527.00      -9999.00000    
   634562.000       3049527.00      -9999.00000    
   634602.000       3049527.00      -9999.00000    
   634642.000       3049527.00      -9999.00000    
   634682.000       3049527.00      -9999.00000    
   634722.000       3049527.00      -9999.00000    
   634762.000       3049527.00      -9999.00000    
   634802.000       3049527.00      -9999.00000    
   634842.000       3049527.00      -9999.00000    
   634882.000       3049527.00      -9999.00000    
   634922.000       3049527.00      -9999.00000    
   634962.000       3049527.00      -9999.00000    
   635002.000       3049527.00      -9999.00000    
   635042.000       3049527.00      -9999.00000    
   635082.000       3049527.00      -9999.00000    
   635122.000       3049527.00      -9999.00000    
   635162.000       3049527.00      -9999.00000    
   635202.000       3049527.00      -9999.00000    
   635242.000       3049527.00      -9999.00000    
   635282.000       3049527.00      -9999.00000    
   635322.000       3049527.00      -9999.00000    
   635362.000       3049527.00      -9999.00000    
   635402.000       3049527.00       13.1380119    
   635442.000       3049527.00       25.8648224    
   635482.000       3049527.00       40.2929230    
   635522.000       3049527.00       55.8832207    
   635562.000       3049527.00       71.2441635    
   635602.000       3049527.00       86.8943405    
   635642.000       3049527.00       101.835213    
   635682.000       3049527.00       115.867966    
   635722.000       3049527.00       128.614075    
   635762.000       3049527.00       139.594757    
   635802.000       3049527.00       148.718506    
   635842.000       3049527.00       155.901108    
   635882.000       3049527.00       161.597305    
   635922.000       3049527.00       166.035446    
   635962.000       3049527.00       169.421158    
   636002.000       3049527.00       172.207321    
   636042.000       3049527.00       175.213440    
   636082.000       3049527.00       179.041260    
   636122.000       3049527.00       183.120148    
   636162.000       3049527.00       187.621109    
   636202.000       3049527.00       194.234344    
   636242.000       3049527.00       201.922806    
   636282.000       3049527.00       205.485458    
   636322.000       3049527.00       203.391632    
   636362.000       3049527.00       198.163483    
   636402.000       3049527.00       192.052597    
   636442.000       3049527.00       181.689621    
   636482.000       3049527.00       167.297256    
   636522.000       3049527.00       148.904434    
   636562.000       3049527.00       129.424011    
   636602.000       3049527.00       117.567902    
   636642.000       3049527.00       95.5122299    
   636682.000       3049527.00       73.1958237    
   636722.000       3049527.00       61.7304230    
   636762.000       3049527.00       61.5797691    
   636802.000       3049527.00      -9999.00000    
   636842.000       3049527.00      -9999.00000    
   636882.000       3049527.00      -9999.00000    
   634122.000       3049567.00      -9999.00000    
   634162.000       3049567.00      -9999.00000    
   634202.000       3049567.00      -9999.00000    
   634242.000       3049567.00      -9999.00000    
   634282.000       3049567.00      -9999.00000    
   634322.000       3049567.00      -9999.00000    
   634362.000       3049567.00      -9999.00000    
   634402.000       3049567.00      -9999.00000    
   634442.000       3049567.00      -9999.00000    
   634482.000       3049567.00      -9999.00000    
   634522.000       3049567.00      -9999.00000    
   634562.000       3049567.00      -9999.00000    
   634602.000       3049567.00      -9999.00000    
   634642.000       3049567.00      -9999.00000    
   634682.000       3049567.00      -9999.00000    
   634722.000       3049567.00      -9999.00000    
   634762.000       3049567.00      -9999.00000    
   634802.000       3049567.00      -9999.00000    
   634842.000       3049567.00      -9999.00000    
   634882.000       3049567.00      -9999.00000    
   634922.000       3049567.00      -9999.00000    
   634962.000       3049567.00      -9999.00000    
   635002.000       3049567.00      -9999.00000    
   635042.000       3049567.00      -9999.00000    
   635082.000       3049567.00      -9999.00000    
   635122.000       3049567.00      -9999.00000    
   635162.000       3049567.00      -9999.00000    
   635202.000       3049567.00      -9999.00000    
   635242.000       3049567.00      -9999.00000    
   635282.000       3049567.00      -9999.00000    
   635322.000       3049567.00       2.32517886    
   635362.000       3049567.00       10.0141029    
   635402.000       3049567.00       21.6596394    
   635442.000       3049567.00       35.6818619    
   635482.000       3049567.00       51.4237289    
   635522.000       3049567.00       67.6670303    
   635562.000       3049567.00       84.4601517    
   635602.000       3049567.00       100.897141    
   635642.000       3049567.00       116.422478    
   635682.000       3049567.00       130.509430    
   635722.000       3049567.00       143.279984    
   635762.000       3049567.00       153.856094    
   635802.000       3049567.00       162.528641    
   635842.000       3049567.00       169.594772    
   635882.000       3049567.00       175.918793    
   635922.000       3049567.00       181.774231    
   635962.000       3049567.00       186.671494    
   636002.000       3049567.00       190.487579    
   636042.000       3049567.00       193.838425    
   636082.000       3049567.00       197.309723    
   636122.000       3049567.00       201.136032    
   636162.000       3049567.00       205.726776    
   636202.000       3049567.00       211.785278    
   636242.000       3049567.00       220.758316    
   636282.000       3049567.00       220.476227    
   636322.000       3049567.00       213.003174    
   636362.000       3049567.00       206.332214    
   636402.000       3049567.00       197.646606    
   636442.000       3049567.00       185.333984    
   636482.000       3049567.00       171.323990    
   636522.000       3049567.00       155.670212    
   636562.000       3049567.00       140.563705    
   636602.000       3049567.00       128.863419    
   636642.000       3049567.00       104.974480    
   636682.000       3049567.00       76.1577377    
   636722.000       3049567.00       57.2702446    
   636762.000       3049567.00      -9999.00000    
   636802.000       3049567.00      -9999.00000    
   636842.000       3049567.00      -9999.00000    
   636882.000       3049567.00      -9999.00000    
   634122.000       3049607.00      -9999.00000    
   634162.000       3049607.00      -9999.00000    
   634202.000       3049607.00      -9999.00000    
   634242.000       3049607.00      -9999.00000    
   634282.000       3049607.00      -9999.00000    
   634322.000       3049607.00      -9999.00000    
   634362.000       3049607.00      -9999.00000    
   634402.000       3049607.00      -9999.00000    
   634442.000       3049607.00      -9999.00000    
   634482.000       3049607.00      -9999.00000    
   634522.000       3049607.00      -9999.00000    
   634562.000       3049607.00      -9999.00000    
   634602.000       3049607.00      -9999.00000    
   634642.000       3049607.00      -9999.00000    
   634682.000       3049607.00      -9999.00000    
   634722.000       3049607.00      -9999.00000    
   634762.000       3049607.00      -9999.00000    
   634802.000       3049607.00      -9999.00000    
   634842.000       3049607.00      -9999.00000    
   634882.000       3049607.00      -9999.00000    
   634922.000       3049607.00      -9999.00000    
   634962.000       3049607.00      -9999.00000    
   635002.000       3049607.00      -9999.00000    
   635042.000       3049607.00      -9999.00000    
   635082.000       3049607.00      -9999.00000    
   635122.000       3049607.00      -9999.00000    
   635162.000       3049607.00      -9999.00000    
   635202.000       3049607.00      -9999.00000    
   635242.000       3049607.00      0.792515457    
   635282.000       3049607.00       3.94943285    
   635322.000       3049607.00       10.2434635    
   635362.000       3049607.00       19.8109627    
   635402.000       3049607.00       32.7210846    
   635442.000       3049607.00       47.8579178    
   635482.000       3049607.00       64.7172852    
   635522.000       3049607.00       81.9522552    
   635562.000       3049607.00       99.7434921    
   635602.000       3049607.00       117.002876    
   635642.000       3049607.00       133.117859    
   635682.000       3049607.00       147.559784    
   635722.000       3049607.00       159.684113    
   635762.000       3049607.00       170.146698    
   635802.000       3049607.00       178.999603    
   635842.000       3049607.00       185.578064    
   635882.000       3049607.00       192.571594    
   635922.000       3049607.00       200.172821    
   635962.000       3049607.00       206.491394    
   636002.000       3049607.00       210.688004    
   636042.000       3049607.00       213.762314    
   636082.000       3049607.00       216.533646    
   636122.000       3049607.00       219.646179    
   636162.000       3049607.00       223.857819    
   636202.000       3049607.00       230.457809    
   636242.000       3049607.00       240.579544    
   636282.000       3049607.00       224.073685    
   636322.000       3049607.00       213.340775    
   636362.000       3049607.00       204.427658    
   636402.000       3049607.00       194.946899    
   636442.000       3049607.00       183.972900    
   636482.000       3049607.00       172.510513    
   636522.000       3049607.00       159.501129    
   636562.000       3049607.00       143.967758    
   636602.000       3049607.00       125.289841    
   636642.000       3049607.00       102.796036    
   636682.000       3049607.00       78.5423050    
   636722.000       3049607.00       61.3332558    
   636762.000       3049607.00      -9999.00000    
   636802.000       3049607.00      -9999.00000    
   636842.000       3049607.00      -9999.00000    
   636882.000       3049607.00      -9999.00000    
   634122.000       3049647.00      -9999.00000    
   634162.000       3049647.00      -9999.00000    
   634202.000       3049647.00      -9999.00000    
   634242.000       3049647.00      -9999.00000    
   634282.000       3049647.00      -9999.00000    
   634322.000       3049647.00      -9999.00000    
   634362.000       3049647.00      -9999.00000    
   634402.000       3049647.00      -9999.00000    
   634442.000       3049647.00      -9999.00000    
   634482.000       3049647.00      -9999.00000    
   634522.000       3049647.00      -9999.00000    
   634562.000       3049647.00      -9999.00000    
   634602.000       3049647.00      -9999.00000    
   634642.000       3049647.00      -9999.00000    
   634682.000       3049647.00      -9999.00000    
   634722.000       3049647.00      -9999.00000    
   634762.000       3049647.00      -9999.00000    
   634802.000       3049647.00      -9999.00000    
   634842.000       3049647.00      -9999.00000    
   634882.000       3049647.00      -9999.00000    
   634922.000       3049647.00      -9999.00000    
   634962.000       3049647.00      -9999.00000    
   635002.000       3049647.00      -9999.00000    
   635042.000       3049647.00      -9999.00000    
   635082.000       3049647.00      -9999.00000    
   635122.000       3049647.00      -9999.00000    
   635162.000       3049647.00      -9999.00000    
   635202.000       3049647.00      -9999.00000    
   635242.000       3049647.00       5.70811605    
   635282.000       3049647.00       11.8160038    
   635322.000       3049647.00       20.4736366    
   635362.000       3049647.00       31.8231468    
   635402.000       3049647.00       46.1484680    
   635442.000       3049647.00       62.2444344    
   635482.000       3049647.00       79.8963470    
   635522.000       3049647.00       98.3150940    
   635562.000       3049647.00       116.768364    
   635602.000       3049647.00       134.793137    
   635642.000       3049647.00       151.686356    
   635682.000       3049647.00      -9999.00000    
   635722.000       3049647.00      -9999.00000    
   635762.000       3049647.00      -9999.00000    
   635802.000       3049647.00      -9999.00000    
   635842.000       3049647.00       202.875824    
   635882.000       3049647.00       211.233170    
   635922.000       3049647.00      -9999.00000    
   635962.000       3049647.00      -9999.00000    
   636002.000       3049647.00       231.709045    
   636042.000       3049647.00       233.768967    
   636082.000       3049647.00       234.973206    
   636122.000       3049647.00       235.948120    
   636162.000       3049647.00       237.058838    
   636202.000       3049647.00       237.584885    
   636242.000       3049647.00       231.883041    
   636282.000       3049647.00       218.109192    
   636322.000       3049647.00       207.435440    
   636362.000       3049647.00       197.354385    
   636402.000       3049647.00       187.488434    
   636442.000       3049647.00       178.174927    
   636482.000       3049647.00       170.496201    
   636522.000       3049647.00       160.597885    
   636562.000       3049647.00       144.891785    
   636602.000       3049647.00       123.609032    
   636642.000       3049647.00       98.8053131    
   636682.000       3049647.00       75.8015900    
   636722.000       3049647.00       60.9459114    
   636762.000       3049647.00      -9999.00000    
   636802.000       3049647.00      -9999.00000    
   636842.000       3049647.00      -9999.00000    
   636882.000       3049647.00      -9999.00000    
   634122.000       3049687.00      -9999.00000    
   634162.000       3049687.00      -9999.00000    
   634202.000       3049687.00      -9999.00000    
   634242.000       3049687.00      -9999.00000    
   634282.000       3049687.00      -9999.00000    
   634322.000       3049687.00      -9999.00000    
   634362.000       3049687.00      -9999.00000    
   634402.000       3049687.00      -9999.00000    
   634442.000       3049687.00      -9999.00000    
   634482.000       3049687.00      -9999.00000    
   634522.000       3049687.00      -9999.00000    
   634562.000       3049687.00      -9999.00000    
   634602.000       3049687.00      -9999.00000    
   634642.000       3049687.00      -9999.00000    
   634682.000       3049687.00      -9999.00000    
   634722.000       3049687.00      -9999.00000    
   634762.000       3049687.00      -9999.00000    
   634802.000       3049687.00      -9999.00000    
   634842.000       3049687.00      -9999.00000    
   634882.000       3049687.00      -9999.00000    
   634922.000       3049687.00      -9999.00000    
   634962.000       3049687.00      -9999.00000    
   635002.000       3049687.00      -9999.00000    
   635042.000       3049687.00      -9999.00000    
   635082.000       3049687.00      -9999.00000    
   635122.000       3049687.00      -9999.00000    
   635162.000       3049687.00      -9999.00000    
   635202.000       3049687.00      -9999.00000    
   635242.000       3049687.00       14.2971544    
   635282.000       3049687.00       22.8116455    
   635322.000       3049687.00       33.6691513    
   635362.000       3049687.00       46.6050644    
   635402.000       3049687.00       61.5114784    
   635442.000       3049687.00       78.7668076    
   635482.000       3049687.00      -9999.00000    
   635522.000       3049687.00      -9999.00000    
   635562.000       3049687.00      -9999.00000    
   635602.000       3049687.00      -9999.00000    
   635642.000       3049687.00      -9999.00000    
   635682.000       3049687.00      -9999.00000    
   635722.000       3049687.00      -9999.00000    
   635762.000       3049687.00      -9999.00000    
   635802.000       3049687.00      -9999.00000    
   635842.000       3049687.00      -9999.00000    
   635882.000       3049687.00      -9999.00000    
   635922.000       3049687.00      -9999.00000    
   635962.000       3049687.00      -9999.00000    
   636002.000       3049687.00      -9999.00000    
   636042.000       3049687.00      -9999.00000    
   636082.000       3049687.00       251.695343    
   636122.000       3049687.00      -9999.00000    
   636162.000       3049687.00       245.494385    
   636202.000       3049687.00       239.286819    
   636242.000       3049687.00       228.554749    
   636282.000       3049687.00       214.383026    
   636322.000       3049687.00       200.502457    
   636362.000       3049687.00       187.752228    
   636402.000       3049687.00       177.399963    
   636442.000       3049687.00       171.561768    
   636482.000       3049687.00       166.542542    
   636522.000       3049687.00       157.384079    
   636562.000       3049687.00       148.841492    
   636602.000       3049687.00       125.955391    
   636642.000       3049687.00       96.7881470    
   636682.000       3049687.00      -9999.00000    
   636722.000       3049687.00      -9999.00000    
   636762.000       3049687.00      -9999.00000    
   636802.000       3049687.00      -9999.00000    
   636842.000       3049687.00      -9999.00000    
   636882.000       3049687.00      -9999.00000    
   634122.000       3049727.00      -9999.00000    
   634162.000       3049727.00      -9999.00000    
   634202.000       3049727.00      -9999.00000    
   634242.000       3049727.00      -9999.00000    
   634282.000       3049727.00      -9999.00000    
   634322.000       3049727.00      -9999.00000    
   634362.000       3049727.00      -9999.00000    
   634402.000       3049727.00      -9999.00000    
   634442.000       3049727.00      -9999.00000    
   634482.000       3049727.00      -9999.00000    
   634522.000       3049727.00      -9999.00000    
   634562.000       3049727.00      -9999.00000    
   634602.000       3049727.00      -9999.00000    
   634642.000       3049727.00      -9999.00000    
   634682.000       3049727.00      -9999.00000    
   634722.000       3049727.00      -9999.00000    
   634762.000       3049727.00      -9999.00000    
   634802.000       3049727.00      -9999.00000    
   634842.000       3049727.00      -9999.00000    
   634882.000       3049727.00      -9999.00000    
   634922.000       3049727.00      -9999.00000    
   634962.000       3049727.00      -9999.00000    
   635002.000       3049727.00      -9999.00000    
   635042.000       3049727.00      -9999.00000    
   635082.000       3049727.00      -9999.00000    
   635122.000       3049727.00      -9999.00000    
   635162.000       3049727.00      -9999.00000    
   635202.000       3049727.00      -9999.00000    
   635242.000       3049727.00      -9999.00000    
   635282.000       3049727.00      -9999.00000    
   635322.000       3049727.00      -9999.00000    
   635362.000       3049727.00      -9999.00000    
   635402.000       3049727.00       78.9085464    
   635442.000       3049727.00      -9999.00000    
   635482.000       3049727.00      -9999.00000    
   635522.000       3049727.00      -9999.00000    
   635562.000       3049727.00      -9999.00000    
   635602.000       3049727.00      -9999.00000    
   635642.000       3049727.00      -9999.00000    
   635682.000       3049727.00      -9999.00000    
   635722.000       3049727.00      -9999.00000    
   635762.000       3049727.00      -9999.00000    
   635802.000       3049727.00      -9999.00000    
   635842.000       3049727.00      -9999.00000    
   635882.000       3049727.00      -9999.00000    
   635922.000       3049727.00      -9999.00000    
   635962.000       3049727.00      -9999.00000    
   636002.000       3049727.00      -9999.00000    
   636042.000       3049727.00      -9999.00000    
   636082.000       3049727.00      -9999.00000    
   636122.000       3049727.00      -9999.00000    
   636162.000       3049727.00      -9999.00000    
   636202.000       3049727.00       240.656967    
   636242.000       3049727.00       226.475815    
   636282.000       3049727.00       210.077133    
   636322.000       3049727.00      -9999.00000    
   636362.000       3049727.00      -9999.00000    
   636402.000       3049727.00      -9999.00000    
   636442.000       3049727.00       158.130692    
   636482.000       3049727.00       151.193192    
   636522.000       3049727.00       140.851166    
   636562.000       3049727.00       129.834534    
   636602.000       3049727.00      -9999.00000    
   636642.000       3049727.00      -9999.00000    
   636682.000       3049727.00      -9999.00000    
   636722.000       3049727.00      -9999.00000    
   636762.000       3049727.00      -9999.00000    
   636802.000       3049727.00      -9999.00000    
   636842.000       3049727.00      -9999.00000    
   636882.000       3049727.00      -9999.00000    
