   634122.000       3046767.00      -9999.00000    
   634162.000       3046767.00      -9999.00000    
   634202.000       3046767.00      -9999.00000    
   634242.000       3046767.00      -9999.00000    
   634282.000       3046767.00      -9999.00000    
   634322.000       3046767.00      -9999.00000    
   634362.000       3046767.00      -9999.00000    
   634402.000       3046767.00      -9999.00000    
   634442.000       3046767.00      -9999.00000    
   634482.000       3046767.00      -9999.00000    
   634522.000       3046767.00      -9999.00000    
   634562.000       3046767.00      -9999.00000    
   634602.000       3046767.00      -9999.00000    
   634642.000       3046767.00      -9999.00000    
   634682.000       3046767.00      -9999.00000    
   634722.000       3046767.00      -9999.00000    
   634762.000       3046767.00      -9999.00000    
   634802.000       3046767.00      -9999.00000    
   634842.000       3046767.00       324.600006    
   634882.000       3046767.00       322.799988    
   634922.000       3046767.00       320.200012    
   634962.000       3046767.00      -9999.00000    
   635002.000       3046767.00      -9999.00000    
   635042.000       3046767.00      -9999.00000    
   635082.000       3046767.00      -9999.00000    
   635122.000       3046767.00      -9999.00000    
   635162.000       3046767.00      -9999.00000    
   635202.000       3046767.00      -9999.00000    
   635242.000       3046767.00      -9999.00000    
   635282.000       3046767.00      -9999.00000    
   635322.000       3046767.00      -9999.00000    
   635362.000       3046767.00      -9999.00000    
   635402.000       3046767.00      -9999.00000    
   635442.000       3046767.00      -9999.00000    
   635482.000       3046767.00      -9999.00000    
   635522.000       3046767.00      -9999.00000    
   635562.000       3046767.00      -9999.00000    
   635602.000       3046767.00      -9999.00000    
   635642.000       3046767.00      -9999.00000    
   635682.000       3046767.00      -9999.00000    
   635722.000       3046767.00      -9999.00000    
   635762.000       3046767.00      -9999.00000    
   635802.000       3046767.00      -9999.00000    
   635842.000       3046767.00      -9999.00000    
   635882.000       3046767.00      -9999.00000    
   635922.000       3046767.00      -9999.00000    
   635962.000       3046767.00      -9999.00000    
   636002.000       3046767.00      -9999.00000    
   636042.000       3046767.00      -9999.00000    
   636082.000       3046767.00      -9999.00000    
   636122.000       3046767.00      -9999.00000    
   636162.000       3046767.00      -9999.00000    
   636202.000       3046767.00      -9999.00000    
   636242.000       3046767.00      -9999.00000    
   636282.000       3046767.00      -9999.00000    
   636322.000       3046767.00      -9999.00000    
   636362.000       3046767.00      -9999.00000    
   636402.000       3046767.00      -9999.00000    
   636442.000       3046767.00      -9999.00000    
   636482.000       3046767.00      -9999.00000    
   636522.000       3046767.00      -9999.00000    
   636562.000       3046767.00      -9999.00000    
   636602.000       3046767.00      -9999.00000    
   636642.000       3046767.00      -9999.00000    
   636682.000       3046767.00      -9999.00000    
   636722.000       3046767.00      -9999.00000    
   636762.000       3046767.00      -9999.00000    
   636802.000       3046767.00      -9999.00000    
   636842.000       3046767.00      -9999.00000    
   636882.000       3046767.00      -9999.00000    
   634122.000       3046807.00      -9999.00000    
   634162.000       3046807.00      -9999.00000    
   634202.000       3046807.00      -9999.00000    
   634242.000       3046807.00      -9999.00000    
   634282.000       3046807.00      -9999.00000    
   634322.000       3046807.00      -9999.00000    
   634362.000       3046807.00      -9999.00000    
   634402.000       3046807.00      -9999.00000    
   634442.000       3046807.00      -9999.00000    
   634482.000       3046807.00      -9999.00000    
   634522.000       3046807.00      -9999.00000    
   634562.000       3046807.00      -9999.00000    
   634602.000       3046807.00      -9999.00000    
   634642.000       3046807.00      -9999.00000    
   634682.000       3046807.00      -9999.00000    
   634722.000       3046807.00      -9999.00000    
   634762.000       3046807.00       327.200012    
   634802.000       3046807.00       327.200012    
   634842.000       3046807.00       325.500000    
   634882.000       3046807.00       322.700012    
   634922.000       3046807.00       319.600006    
   634962.000       3046807.00       316.799988    
   635002.000       3046807.00       313.899994    
   635042.000       3046807.00       310.700012    
   635082.000       3046807.00       307.500000    
   635122.000       3046807.00       304.200012    
   635162.000       3046807.00      -9999.00000    
   635202.000       3046807.00      -9999.00000    
   635242.000       3046807.00      -9999.00000    
   635282.000       3046807.00      -9999.00000    
   635322.000       3046807.00      -9999.00000    
   635362.000       3046807.00      -9999.00000    
   635402.000       3046807.00      -9999.00000    
   635442.000       3046807.00      -9999.00000    
   635482.000       3046807.00      -9999.00000    
   635522.000       3046807.00      -9999.00000    
   635562.000       3046807.00      -9999.00000    
   635602.000       3046807.00      -9999.00000    
   635642.000       3046807.00      -9999.00000    
   635682.000       3046807.00      -9999.00000    
   635722.000       3046807.00      -9999.00000    
   635762.000       3046807.00      -9999.00000    
   635802.000       3046807.00      -9999.00000    
   635842.000       3046807.00      -9999.00000    
   635882.000       3046807.00      -9999.00000    
   635922.000       3046807.00      -9999.00000    
   635962.000       3046807.00      -9999.00000    
   636002.000       3046807.00      -9999.00000    
   636042.000       3046807.00      -9999.00000    
   636082.000       3046807.00      -9999.00000    
   636122.000       3046807.00      -9999.00000    
   636162.000       3046807.00      -9999.00000    
   636202.000       3046807.00      -9999.00000    
   636242.000       3046807.00      -9999.00000    
   636282.000       3046807.00      -9999.00000    
   636322.000       3046807.00      -9999.00000    
   636362.000       3046807.00      -9999.00000    
   636402.000       3046807.00      -9999.00000    
   636442.000       3046807.00      -9999.00000    
   636482.000       3046807.00      -9999.00000    
   636522.000       3046807.00      -9999.00000    
   636562.000       3046807.00      -9999.00000    
   636602.000       3046807.00      -9999.00000    
   636642.000       3046807.00      -9999.00000    
   636682.000       3046807.00      -9999.00000    
   636722.000       3046807.00      -9999.00000    
   636762.000       3046807.00      -9999.00000    
   636802.000       3046807.00      -9999.00000    
   636842.000       3046807.00      -9999.00000    
   636882.000       3046807.00      -9999.00000    
   634122.000       3046847.00      -9999.00000    
   634162.000       3046847.00      -9999.00000    
   634202.000       3046847.00      -9999.00000    
   634242.000       3046847.00      -9999.00000    
   634282.000       3046847.00      -9999.00000    
   634322.000       3046847.00      -9999.00000    
   634362.000       3046847.00      -9999.00000    
   634402.000       3046847.00      -9999.00000    
   634442.000       3046847.00      -9999.00000    
   634482.000       3046847.00      -9999.00000    
   634522.000       3046847.00      -9999.00000    
   634562.000       3046847.00      -9999.00000    
   634602.000       3046847.00      -9999.00000    
   634642.000       3046847.00      -9999.00000    
   634682.000       3046847.00      -9999.00000    
   634722.000       3046847.00      -9999.00000    
   634762.000       3046847.00       329.500000    
   634802.000       3046847.00       328.500000    
   634842.000       3046847.00       326.200012    
   634882.000       3046847.00       322.899994    
   634922.000       3046847.00       319.500000    
   634962.000       3046847.00       316.299988    
   635002.000       3046847.00       313.200012    
   635042.000       3046847.00       309.799988    
   635082.000       3046847.00       306.399994    
   635122.000       3046847.00       303.000000    
   635162.000       3046847.00       299.799988    
   635202.000       3046847.00      -9999.00000    
   635242.000       3046847.00      -9999.00000    
   635282.000       3046847.00      -9999.00000    
   635322.000       3046847.00      -9999.00000    
   635362.000       3046847.00      -9999.00000    
   635402.000       3046847.00      -9999.00000    
   635442.000       3046847.00      -9999.00000    
   635482.000       3046847.00      -9999.00000    
   635522.000       3046847.00      -9999.00000    
   635562.000       3046847.00      -9999.00000    
   635602.000       3046847.00      -9999.00000    
   635642.000       3046847.00      -9999.00000    
   635682.000       3046847.00      -9999.00000    
   635722.000       3046847.00      -9999.00000    
   635762.000       3046847.00      -9999.00000    
   635802.000       3046847.00      -9999.00000    
   635842.000       3046847.00      -9999.00000    
   635882.000       3046847.00      -9999.00000    
   635922.000       3046847.00      -9999.00000    
   635962.000       3046847.00      -9999.00000    
   636002.000       3046847.00      -9999.00000    
   636042.000       3046847.00      -9999.00000    
   636082.000       3046847.00      -9999.00000    
   636122.000       3046847.00      -9999.00000    
   636162.000       3046847.00      -9999.00000    
   636202.000       3046847.00      -9999.00000    
   636242.000       3046847.00      -9999.00000    
   636282.000       3046847.00      -9999.00000    
   636322.000       3046847.00      -9999.00000    
   636362.000       3046847.00      -9999.00000    
   636402.000       3046847.00      -9999.00000    
   636442.000       3046847.00      -9999.00000    
   636482.000       3046847.00      -9999.00000    
   636522.000       3046847.00      -9999.00000    
   636562.000       3046847.00      -9999.00000    
   636602.000       3046847.00      -9999.00000    
   636642.000       3046847.00      -9999.00000    
   636682.000       3046847.00      -9999.00000    
   636722.000       3046847.00      -9999.00000    
   636762.000       3046847.00      -9999.00000    
   636802.000       3046847.00      -9999.00000    
   636842.000       3046847.00      -9999.00000    
   636882.000       3046847.00      -9999.00000    
   634122.000       3046887.00      -9999.00000    
   634162.000       3046887.00      -9999.00000    
   634202.000       3046887.00      -9999.00000    
   634242.000       3046887.00      -9999.00000    
   634282.000       3046887.00      -9999.00000    
   634322.000       3046887.00      -9999.00000    
   634362.000       3046887.00      -9999.00000    
   634402.000       3046887.00      -9999.00000    
   634442.000       3046887.00      -9999.00000    
   634482.000       3046887.00      -9999.00000    
   634522.000       3046887.00      -9999.00000    
   634562.000       3046887.00      -9999.00000    
   634602.000       3046887.00      -9999.00000    
   634642.000       3046887.00      -9999.00000    
   634682.000       3046887.00      -9999.00000    
   634722.000       3046887.00       331.299988    
   634762.000       3046887.00       330.899994    
   634802.000       3046887.00       329.100006    
   634842.000       3046887.00       326.299988    
   634882.000       3046887.00       322.899994    
   634922.000       3046887.00       319.299988    
   634962.000       3046887.00       315.700012    
   635002.000       3046887.00       312.100006    
   635042.000       3046887.00       308.500000    
   635082.000       3046887.00       304.799988    
   635122.000       3046887.00       301.200012    
   635162.000       3046887.00       297.899994    
   635202.000       3046887.00       294.799988    
   635242.000       3046887.00      -9999.00000    
   635282.000       3046887.00      -9999.00000    
   635322.000       3046887.00      -9999.00000    
   635362.000       3046887.00      -9999.00000    
   635402.000       3046887.00      -9999.00000    
   635442.000       3046887.00      -9999.00000    
   635482.000       3046887.00      -9999.00000    
   635522.000       3046887.00      -9999.00000    
   635562.000       3046887.00      -9999.00000    
   635602.000       3046887.00      -9999.00000    
   635642.000       3046887.00      -9999.00000    
   635682.000       3046887.00      -9999.00000    
   635722.000       3046887.00      -9999.00000    
   635762.000       3046887.00      -9999.00000    
   635802.000       3046887.00      -9999.00000    
   635842.000       3046887.00      -9999.00000    
   635882.000       3046887.00      -9999.00000    
   635922.000       3046887.00      -9999.00000    
   635962.000       3046887.00      -9999.00000    
   636002.000       3046887.00      -9999.00000    
   636042.000       3046887.00      -9999.00000    
   636082.000       3046887.00      -9999.00000    
   636122.000       3046887.00      -9999.00000    
   636162.000       3046887.00      -9999.00000    
   636202.000       3046887.00      -9999.00000    
   636242.000       3046887.00      -9999.00000    
   636282.000       3046887.00      -9999.00000    
   636322.000       3046887.00      -9999.00000    
   636362.000       3046887.00      -9999.00000    
   636402.000       3046887.00      -9999.00000    
   636442.000       3046887.00      -9999.00000    
   636482.000       3046887.00      -9999.00000    
   636522.000       3046887.00      -9999.00000    
   636562.000       3046887.00      -9999.00000    
   636602.000       3046887.00      -9999.00000    
   636642.000       3046887.00      -9999.00000    
   636682.000       3046887.00      -9999.00000    
   636722.000       3046887.00      -9999.00000    
   636762.000       3046887.00      -9999.00000    
   636802.000       3046887.00      -9999.00000    
   636842.000       3046887.00      -9999.00000    
   636882.000       3046887.00      -9999.00000    
   634122.000       3046927.00      -9999.00000    
   634162.000       3046927.00      -9999.00000    
   634202.000       3046927.00      -9999.00000    
   634242.000       3046927.00      -9999.00000    
   634282.000       3046927.00      -9999.00000    
   634322.000       3046927.00      -9999.00000    
   634362.000       3046927.00      -9999.00000    
   634402.000       3046927.00      -9999.00000    
   634442.000       3046927.00      -9999.00000    
   634482.000       3046927.00      -9999.00000    
   634522.000       3046927.00      -9999.00000    
   634562.000       3046927.00      -9999.00000    
   634602.000       3046927.00      -9999.00000    
   634642.000       3046927.00      -9999.00000    
   634682.000       3046927.00       330.899994    
   634722.000       3046927.00       331.600006    
   634762.000       3046927.00       330.899994    
   634802.000       3046927.00       328.600006    
   634842.000       3046927.00       325.700012    
   634882.000       3046927.00       322.200012    
   634922.000       3046927.00       318.500000    
   634962.000       3046927.00       314.600006    
   635002.000       3046927.00       310.600006    
   635042.000       3046927.00       306.600006    
   635082.000       3046927.00       302.600006    
   635122.000       3046927.00       298.899994    
   635162.000       3046927.00       295.600006    
   635202.000       3046927.00       292.700012    
   635242.000       3046927.00       290.200012    
   635282.000       3046927.00      -9999.00000    
   635322.000       3046927.00      -9999.00000    
   635362.000       3046927.00      -9999.00000    
   635402.000       3046927.00      -9999.00000    
   635442.000       3046927.00      -9999.00000    
   635482.000       3046927.00      -9999.00000    
   635522.000       3046927.00      -9999.00000    
   635562.000       3046927.00      -9999.00000    
   635602.000       3046927.00      -9999.00000    
   635642.000       3046927.00      -9999.00000    
   635682.000       3046927.00      -9999.00000    
   635722.000       3046927.00      -9999.00000    
   635762.000       3046927.00      -9999.00000    
   635802.000       3046927.00      -9999.00000    
   635842.000       3046927.00      -9999.00000    
   635882.000       3046927.00      -9999.00000    
   635922.000       3046927.00      -9999.00000    
   635962.000       3046927.00      -9999.00000    
   636002.000       3046927.00      -9999.00000    
   636042.000       3046927.00      -9999.00000    
   636082.000       3046927.00      -9999.00000    
   636122.000       3046927.00      -9999.00000    
   636162.000       3046927.00      -9999.00000    
   636202.000       3046927.00      -9999.00000    
   636242.000       3046927.00      -9999.00000    
   636282.000       3046927.00      -9999.00000    
   636322.000       3046927.00      -9999.00000    
   636362.000       3046927.00      -9999.00000    
   636402.000       3046927.00      -9999.00000    
   636442.000       3046927.00      -9999.00000    
   636482.000       3046927.00      -9999.00000    
   636522.000       3046927.00      -9999.00000    
   636562.000       3046927.00      -9999.00000    
   636602.000       3046927.00      -9999.00000    
   636642.000       3046927.00      -9999.00000    
   636682.000       3046927.00      -9999.00000    
   636722.000       3046927.00      -9999.00000    
   636762.000       3046927.00      -9999.00000    
   636802.000       3046927.00      -9999.00000    
   636842.000       3046927.00      -9999.00000    
   636882.000       3046927.00      -9999.00000    
   634122.000       3046967.00      -9999.00000    
   634162.000       3046967.00      -9999.00000    
   634202.000       3046967.00      -9999.00000    
   634242.000       3046967.00      -9999.00000    
   634282.000       3046967.00      -9999.00000    
   634322.000       3046967.00      -9999.00000    
   634362.000       3046967.00      -9999.00000    
   634402.000       3046967.00      -9999.00000    
   634442.000       3046967.00      -9999.00000    
   634482.000       3046967.00      -9999.00000    
   634522.000       3046967.00      -9999.00000    
   634562.000       3046967.00      -9999.00000    
   634602.000       3046967.00      -9999.00000    
   634642.000       3046967.00       329.200012    
   634682.000       3046967.00       329.899994    
   634722.000       3046967.00       329.799988    
   634762.000       3046967.00       328.700012    
   634802.000       3046967.00       326.899994    
   634842.000       3046967.00       324.100006    
   634882.000       3046967.00       320.799988    
   634922.000       3046967.00       317.000000    
   634962.000       3046967.00       312.799988    
   635002.000       3046967.00       308.399994    
   635042.000       3046967.00       304.000000    
   635082.000       3046967.00       299.799988    
   635122.000       3046967.00       296.000000    
   635162.000       3046967.00       292.899994    
   635202.000       3046967.00       290.299988    
   635242.000       3046967.00       288.299988    
   635282.000       3046967.00       286.600006    
   635322.000       3046967.00      -9999.00000    
   635362.000       3046967.00      -9999.00000    
   635402.000       3046967.00      -9999.00000    
   635442.000       3046967.00      -9999.00000    
   635482.000       3046967.00      -9999.00000    
   635522.000       3046967.00      -9999.00000    
   635562.000       3046967.00      -9999.00000    
   635602.000       3046967.00      -9999.00000    
   635642.000       3046967.00      -9999.00000    
   635682.000       3046967.00      -9999.00000    
   635722.000       3046967.00      -9999.00000    
   635762.000       3046967.00      -9999.00000    
   635802.000       3046967.00      -9999.00000    
   635842.000       3046967.00      -9999.00000    
   635882.000       3046967.00      -9999.00000    
   635922.000       3046967.00      -9999.00000    
   635962.000       3046967.00      -9999.00000    
   636002.000       3046967.00      -9999.00000    
   636042.000       3046967.00      -9999.00000    
   636082.000       3046967.00      -9999.00000    
   636122.000       3046967.00      -9999.00000    
   636162.000       3046967.00      -9999.00000    
   636202.000       3046967.00      -9999.00000    
   636242.000       3046967.00      -9999.00000    
   636282.000       3046967.00      -9999.00000    
   636322.000       3046967.00      -9999.00000    
   636362.000       3046967.00      -9999.00000    
   636402.000       3046967.00      -9999.00000    
   636442.000       3046967.00      -9999.00000    
   636482.000       3046967.00      -9999.00000    
   636522.000       3046967.00      -9999.00000    
   636562.000       3046967.00      -9999.00000    
   636602.000       3046967.00      -9999.00000    
   636642.000       3046967.00      -9999.00000    
   636682.000       3046967.00      -9999.00000    
   636722.000       3046967.00      -9999.00000    
   636762.000       3046967.00      -9999.00000    
   636802.000       3046967.00      -9999.00000    
   636842.000       3046967.00      -9999.00000    
   636882.000       3046967.00      -9999.00000    
   634122.000       3047007.00      -9999.00000    
   634162.000       3047007.00      -9999.00000    
   634202.000       3047007.00      -9999.00000    
   634242.000       3047007.00      -9999.00000    
   634282.000       3047007.00      -9999.00000    
   634322.000       3047007.00      -9999.00000    
   634362.000       3047007.00      -9999.00000    
   634402.000       3047007.00      -9999.00000    
   634442.000       3047007.00      -9999.00000    
   634482.000       3047007.00      -9999.00000    
   634522.000       3047007.00      -9999.00000    
   634562.000       3047007.00      -9999.00000    
   634602.000       3047007.00       326.799988    
   634642.000       3047007.00       327.899994    
   634682.000       3047007.00       328.399994    
   634722.000       3047007.00       327.799988    
   634762.000       3047007.00       326.600006    
   634802.000       3047007.00       324.799988    
   634842.000       3047007.00       322.000000    
   634882.000       3047007.00       318.799988    
   634922.000       3047007.00       315.000000    
   634962.000       3047007.00       310.299988    
   635002.000       3047007.00       305.299988    
   635042.000       3047007.00       300.500000    
   635082.000       3047007.00       296.100006    
   635122.000       3047007.00       292.500000    
   635162.000       3047007.00       289.700012    
   635202.000       3047007.00       287.700012    
   635242.000       3047007.00       286.200012    
   635282.000       3047007.00       285.100006    
   635322.000       3047007.00       284.200012    
   635362.000       3047007.00       283.299988    
   635402.000       3047007.00      -9999.00000    
   635442.000       3047007.00      -9999.00000    
   635482.000       3047007.00      -9999.00000    
   635522.000       3047007.00      -9999.00000    
   635562.000       3047007.00      -9999.00000    
   635602.000       3047007.00      -9999.00000    
   635642.000       3047007.00      -9999.00000    
   635682.000       3047007.00      -9999.00000    
   635722.000       3047007.00      -9999.00000    
   635762.000       3047007.00      -9999.00000    
   635802.000       3047007.00      -9999.00000    
   635842.000       3047007.00      -9999.00000    
   635882.000       3047007.00      -9999.00000    
   635922.000       3047007.00      -9999.00000    
   635962.000       3047007.00      -9999.00000    
   636002.000       3047007.00      -9999.00000    
   636042.000       3047007.00      -9999.00000    
   636082.000       3047007.00      -9999.00000    
   636122.000       3047007.00      -9999.00000    
   636162.000       3047007.00      -9999.00000    
   636202.000       3047007.00      -9999.00000    
   636242.000       3047007.00      -9999.00000    
   636282.000       3047007.00      -9999.00000    
   636322.000       3047007.00      -9999.00000    
   636362.000       3047007.00      -9999.00000    
   636402.000       3047007.00      -9999.00000    
   636442.000       3047007.00      -9999.00000    
   636482.000       3047007.00      -9999.00000    
   636522.000       3047007.00      -9999.00000    
   636562.000       3047007.00      -9999.00000    
   636602.000       3047007.00      -9999.00000    
   636642.000       3047007.00      -9999.00000    
   636682.000       3047007.00      -9999.00000    
   636722.000       3047007.00      -9999.00000    
   636762.000       3047007.00      -9999.00000    
   636802.000       3047007.00      -9999.00000    
   636842.000       3047007.00      -9999.00000    
   636882.000       3047007.00      -9999.00000    
   634122.000       3047047.00      -9999.00000    
   634162.000       3047047.00      -9999.00000    
   634202.000       3047047.00      -9999.00000    
   634242.000       3047047.00      -9999.00000    
   634282.000       3047047.00      -9999.00000    
   634322.000       3047047.00      -9999.00000    
   634362.000       3047047.00      -9999.00000    
   634402.000       3047047.00      -9999.00000    
   634442.000       3047047.00      -9999.00000    
   634482.000       3047047.00      -9999.00000    
   634522.000       3047047.00      -9999.00000    
   634562.000       3047047.00      -9999.00000    
   634602.000       3047047.00       324.799988    
   634642.000       3047047.00       326.000000    
   634682.000       3047047.00       326.500000    
   634722.000       3047047.00       326.299988    
   634762.000       3047047.00       325.000000    
   634802.000       3047047.00       322.899994    
   634842.000       3047047.00       320.000000    
   634882.000       3047047.00       316.600006    
   634922.000       3047047.00       312.200012    
   634962.000       3047047.00       306.700012    
   635002.000       3047047.00       301.100006    
   635042.000       3047047.00       296.000000    
   635082.000       3047047.00       291.700012    
   635122.000       3047047.00       288.399994    
   635162.000       3047047.00       286.200012    
   635202.000       3047047.00       284.700012    
   635242.000       3047047.00       283.799988    
   635282.000       3047047.00       283.299988    
   635322.000       3047047.00       283.100006    
   635362.000       3047047.00       283.000000    
   635402.000       3047047.00       282.799988    
   635442.000       3047047.00      -9999.00000    
   635482.000       3047047.00      -9999.00000    
   635522.000       3047047.00      -9999.00000    
   635562.000       3047047.00      -9999.00000    
   635602.000       3047047.00      -9999.00000    
   635642.000       3047047.00      -9999.00000    
   635682.000       3047047.00      -9999.00000    
   635722.000       3047047.00      -9999.00000    
   635762.000       3047047.00      -9999.00000    
   635802.000       3047047.00      -9999.00000    
   635842.000       3047047.00      -9999.00000    
   635882.000       3047047.00      -9999.00000    
   635922.000       3047047.00      -9999.00000    
   635962.000       3047047.00      -9999.00000    
   636002.000       3047047.00      -9999.00000    
   636042.000       3047047.00      -9999.00000    
   636082.000       3047047.00      -9999.00000    
   636122.000       3047047.00      -9999.00000    
   636162.000       3047047.00      -9999.00000    
   636202.000       3047047.00      -9999.00000    
   636242.000       3047047.00      -9999.00000    
   636282.000       3047047.00      -9999.00000    
   636322.000       3047047.00      -9999.00000    
   636362.000       3047047.00      -9999.00000    
   636402.000       3047047.00      -9999.00000    
   636442.000       3047047.00      -9999.00000    
   636482.000       3047047.00      -9999.00000    
   636522.000       3047047.00      -9999.00000    
   636562.000       3047047.00      -9999.00000    
   636602.000       3047047.00      -9999.00000    
   636642.000       3047047.00      -9999.00000    
   636682.000       3047047.00      -9999.00000    
   636722.000       3047047.00      -9999.00000    
   636762.000       3047047.00      -9999.00000    
   636802.000       3047047.00      -9999.00000    
   636842.000       3047047.00      -9999.00000    
   636882.000       3047047.00      -9999.00000    
   634122.000       3047087.00      -9999.00000    
   634162.000       3047087.00      -9999.00000    
   634202.000       3047087.00      -9999.00000    
   634242.000       3047087.00      -9999.00000    
   634282.000       3047087.00      -9999.00000    
   634322.000       3047087.00      -9999.00000    
   634362.000       3047087.00      -9999.00000    
   634402.000       3047087.00      -9999.00000    
   634442.000       3047087.00      -9999.00000    
   634482.000       3047087.00      -9999.00000    
   634522.000       3047087.00      -9999.00000    
   634562.000       3047087.00       320.500000    
   634602.000       3047087.00       322.100006    
   634642.000       3047087.00       323.200012    
   634682.000       3047087.00       323.899994    
   634722.000       3047087.00       323.700012    
   634762.000       3047087.00       322.399994    
   634802.000       3047087.00       320.000000    
   634842.000       3047087.00       316.700012    
   634882.000       3047087.00       312.899994    
   634922.000       3047087.00       307.799988    
   634962.000       3047087.00       301.700012    
   635002.000       3047087.00       295.799988    
   635042.000       3047087.00       290.700012    
   635082.000       3047087.00       286.700012    
   635122.000       3047087.00       283.899994    
   635162.000       3047087.00       282.299988    
   635202.000       3047087.00       281.399994    
   635242.000       3047087.00       281.100006    
   635282.000       3047087.00       281.200012    
   635322.000       3047087.00       281.399994    
   635362.000       3047087.00       281.700012    
   635402.000       3047087.00       281.700012    
   635442.000       3047087.00       281.000000    
   635482.000       3047087.00       279.700012    
   635522.000       3047087.00      -9999.00000    
   635562.000       3047087.00      -9999.00000    
   635602.000       3047087.00      -9999.00000    
   635642.000       3047087.00      -9999.00000    
   635682.000       3047087.00      -9999.00000    
   635722.000       3047087.00      -9999.00000    
   635762.000       3047087.00      -9999.00000    
   635802.000       3047087.00      -9999.00000    
   635842.000       3047087.00      -9999.00000    
   635882.000       3047087.00      -9999.00000    
   635922.000       3047087.00      -9999.00000    
   635962.000       3047087.00      -9999.00000    
   636002.000       3047087.00      -9999.00000    
   636042.000       3047087.00      -9999.00000    
   636082.000       3047087.00      -9999.00000    
   636122.000       3047087.00      -9999.00000    
   636162.000       3047087.00      -9999.00000    
   636202.000       3047087.00      -9999.00000    
   636242.000       3047087.00      -9999.00000    
   636282.000       3047087.00      -9999.00000    
   636322.000       3047087.00      -9999.00000    
   636362.000       3047087.00      -9999.00000    
   636402.000       3047087.00      -9999.00000    
   636442.000       3047087.00      -9999.00000    
   636482.000       3047087.00      -9999.00000    
   636522.000       3047087.00      -9999.00000    
   636562.000       3047087.00      -9999.00000    
   636602.000       3047087.00      -9999.00000    
   636642.000       3047087.00      -9999.00000    
   636682.000       3047087.00      -9999.00000    
   636722.000       3047087.00      -9999.00000    
   636762.000       3047087.00      -9999.00000    
   636802.000       3047087.00      -9999.00000    
   636842.000       3047087.00      -9999.00000    
   636882.000       3047087.00      -9999.00000    
   634122.000       3047127.00      -9999.00000    
   634162.000       3047127.00      -9999.00000    
   634202.000       3047127.00      -9999.00000    
   634242.000       3047127.00      -9999.00000    
   634282.000       3047127.00      -9999.00000    
   634322.000       3047127.00      -9999.00000    
   634362.000       3047127.00      -9999.00000    
   634402.000       3047127.00      -9999.00000    
   634442.000       3047127.00      -9999.00000    
   634482.000       3047127.00      -9999.00000    
   634522.000       3047127.00       316.000000    
   634562.000       3047127.00       317.500000    
   634602.000       3047127.00       318.799988    
   634642.000       3047127.00       319.700012    
   634682.000       3047127.00       320.200012    
   634722.000       3047127.00       319.799988    
   634762.000       3047127.00       318.399994    
   634802.000       3047127.00       315.399994    
   634842.000       3047127.00       311.399994    
   634882.000       3047127.00       306.600006    
   634922.000       3047127.00       301.000000    
   634962.000       3047127.00       295.000000    
   635002.000       3047127.00       289.600006    
   635042.000       3047127.00       285.000000    
   635082.000       3047127.00       281.500000    
   635122.000       3047127.00       279.399994    
   635162.000       3047127.00       278.299988    
   635202.000       3047127.00       278.000000    
   635242.000       3047127.00       278.000000    
   635282.000       3047127.00       278.399994    
   635322.000       3047127.00       278.899994    
   635362.000       3047127.00       279.299988    
   635402.000       3047127.00       279.399994    
   635442.000       3047127.00       279.000000    
   635482.000       3047127.00       278.100006    
   635522.000       3047127.00       276.899994    
   635562.000       3047127.00       275.500000    
   635602.000       3047127.00       274.500000    
   635642.000       3047127.00      -9999.00000    
   635682.000       3047127.00      -9999.00000    
   635722.000       3047127.00      -9999.00000    
   635762.000       3047127.00      -9999.00000    
   635802.000       3047127.00      -9999.00000    
   635842.000       3047127.00      -9999.00000    
   635882.000       3047127.00      -9999.00000    
   635922.000       3047127.00      -9999.00000    
   635962.000       3047127.00      -9999.00000    
   636002.000       3047127.00      -9999.00000    
   636042.000       3047127.00      -9999.00000    
   636082.000       3047127.00      -9999.00000    
   636122.000       3047127.00      -9999.00000    
   636162.000       3047127.00      -9999.00000    
   636202.000       3047127.00      -9999.00000    
   636242.000       3047127.00      -9999.00000    
   636282.000       3047127.00      -9999.00000    
   636322.000       3047127.00      -9999.00000    
   636362.000       3047127.00      -9999.00000    
   636402.000       3047127.00      -9999.00000    
   636442.000       3047127.00      -9999.00000    
   636482.000       3047127.00      -9999.00000    
   636522.000       3047127.00      -9999.00000    
   636562.000       3047127.00      -9999.00000    
   636602.000       3047127.00      -9999.00000    
   636642.000       3047127.00      -9999.00000    
   636682.000       3047127.00      -9999.00000    
   636722.000       3047127.00      -9999.00000    
   636762.000       3047127.00      -9999.00000    
   636802.000       3047127.00      -9999.00000    
   636842.000       3047127.00      -9999.00000    
   636882.000       3047127.00      -9999.00000    
   634122.000       3047167.00      -9999.00000    
   634162.000       3047167.00      -9999.00000    
   634202.000       3047167.00      -9999.00000    
   634242.000       3047167.00      -9999.00000    
   634282.000       3047167.00      -9999.00000    
   634322.000       3047167.00      -9999.00000    
   634362.000       3047167.00      -9999.00000    
   634402.000       3047167.00      -9999.00000    
   634442.000       3047167.00      -9999.00000    
   634482.000       3047167.00       312.799988    
   634522.000       3047167.00       313.700012    
   634562.000       3047167.00       314.600006    
   634602.000       3047167.00       315.299988    
   634642.000       3047167.00       315.700012    
   634682.000       3047167.00       315.600006    
   634722.000       3047167.00       314.700012    
   634762.000       3047167.00       312.700012    
   634802.000       3047167.00       309.100006    
   634842.000       3047167.00       304.299988    
   634882.000       3047167.00       298.899994    
   634922.000       3047167.00       293.000000    
   634962.000       3047167.00       287.500000    
   635002.000       3047167.00       283.000000    
   635042.000       3047167.00       279.399994    
   635082.000       3047167.00       276.799988    
   635122.000       3047167.00       275.299988    
   635162.000       3047167.00       274.600006    
   635202.000       3047167.00       274.500000    
   635242.000       3047167.00       274.700012    
   635282.000       3047167.00       275.100006    
   635322.000       3047167.00       275.600006    
   635362.000       3047167.00       276.000000    
   635402.000       3047167.00       276.100006    
   635442.000       3047167.00       275.899994    
   635482.000       3047167.00       275.399994    
   635522.000       3047167.00       274.600006    
   635562.000       3047167.00       273.899994    
   635602.000       3047167.00       273.500000    
   635642.000       3047167.00       273.500000    
   635682.000       3047167.00       273.600006    
   635722.000       3047167.00       273.500000    
   635762.000       3047167.00       273.100006    
   635802.000       3047167.00       272.200012    
   635842.000       3047167.00      -9999.00000    
   635882.000       3047167.00      -9999.00000    
   635922.000       3047167.00      -9999.00000    
   635962.000       3047167.00      -9999.00000    
   636002.000       3047167.00      -9999.00000    
   636042.000       3047167.00      -9999.00000    
   636082.000       3047167.00      -9999.00000    
   636122.000       3047167.00      -9999.00000    
   636162.000       3047167.00      -9999.00000    
   636202.000       3047167.00      -9999.00000    
   636242.000       3047167.00      -9999.00000    
   636282.000       3047167.00      -9999.00000    
   636322.000       3047167.00      -9999.00000    
   636362.000       3047167.00      -9999.00000    
   636402.000       3047167.00      -9999.00000    
   636442.000       3047167.00      -9999.00000    
   636482.000       3047167.00      -9999.00000    
   636522.000       3047167.00      -9999.00000    
   636562.000       3047167.00      -9999.00000    
   636602.000       3047167.00      -9999.00000    
   636642.000       3047167.00      -9999.00000    
   636682.000       3047167.00      -9999.00000    
   636722.000       3047167.00      -9999.00000    
   636762.000       3047167.00      -9999.00000    
   636802.000       3047167.00      -9999.00000    
   636842.000       3047167.00      -9999.00000    
   636882.000       3047167.00      -9999.00000    
   634122.000       3047207.00      -9999.00000    
   634162.000       3047207.00      -9999.00000    
   634202.000       3047207.00      -9999.00000    
   634242.000       3047207.00      -9999.00000    
   634282.000       3047207.00      -9999.00000    
   634322.000       3047207.00      -9999.00000    
   634362.000       3047207.00      -9999.00000    
   634402.000       3047207.00      -9999.00000    
   634442.000       3047207.00       309.399994    
   634482.000       3047207.00       310.500000    
   634522.000       3047207.00       311.399994    
   634562.000       3047207.00       311.799988    
   634602.000       3047207.00       311.799988    
   634642.000       3047207.00       311.299988    
   634682.000       3047207.00       310.399994    
   634722.000       3047207.00       308.700012    
   634762.000       3047207.00       305.899994    
   634802.000       3047207.00       301.700012    
   634842.000       3047207.00       296.600006    
   634882.000       3047207.00       290.899994    
   634922.000       3047207.00       285.200012    
   634962.000       3047207.00       280.299988    
   635002.000       3047207.00       276.899994    
   635042.000       3047207.00       274.500000    
   635082.000       3047207.00       272.700012    
   635122.000       3047207.00       271.600006    
   635162.000       3047207.00       271.200012    
   635202.000       3047207.00       271.000000    
   635242.000       3047207.00       271.100006    
   635282.000       3047207.00       271.200012    
   635322.000       3047207.00       271.500000    
   635362.000       3047207.00       271.600006    
   635402.000       3047207.00       271.700012    
   635442.000       3047207.00       271.600006    
   635482.000       3047207.00       271.500000    
   635522.000       3047207.00       271.100006    
   635562.000       3047207.00       270.899994    
   635602.000       3047207.00       271.000000    
   635642.000       3047207.00       271.299988    
   635682.000       3047207.00       271.700012    
   635722.000       3047207.00       272.000000    
   635762.000       3047207.00       272.299988    
   635802.000       3047207.00       272.299988    
   635842.000       3047207.00       271.600006    
   635882.000       3047207.00      -9999.00000    
   635922.000       3047207.00      -9999.00000    
   635962.000       3047207.00      -9999.00000    
   636002.000       3047207.00      -9999.00000    
   636042.000       3047207.00      -9999.00000    
   636082.000       3047207.00      -9999.00000    
   636122.000       3047207.00      -9999.00000    
   636162.000       3047207.00      -9999.00000    
   636202.000       3047207.00      -9999.00000    
   636242.000       3047207.00      -9999.00000    
   636282.000       3047207.00      -9999.00000    
   636322.000       3047207.00      -9999.00000    
   636362.000       3047207.00      -9999.00000    
   636402.000       3047207.00      -9999.00000    
   636442.000       3047207.00      -9999.00000    
   636482.000       3047207.00      -9999.00000    
   636522.000       3047207.00      -9999.00000    
   636562.000       3047207.00      -9999.00000    
   636602.000       3047207.00      -9999.00000    
   636642.000       3047207.00      -9999.00000    
   636682.000       3047207.00      -9999.00000    
   636722.000       3047207.00      -9999.00000    
   636762.000       3047207.00      -9999.00000    
   636802.000       3047207.00      -9999.00000    
   636842.000       3047207.00      -9999.00000    
   636882.000       3047207.00      -9999.00000    
   634122.000       3047247.00      -9999.00000    
   634162.000       3047247.00      -9999.00000    
   634202.000       3047247.00      -9999.00000    
   634242.000       3047247.00      -9999.00000    
   634282.000       3047247.00      -9999.00000    
   634322.000       3047247.00      -9999.00000    
   634362.000       3047247.00      -9999.00000    
   634402.000       3047247.00      -9999.00000    
   634442.000       3047247.00       307.100006    
   634482.000       3047247.00       308.200012    
   634522.000       3047247.00       308.899994    
   634562.000       3047247.00       309.000000    
   634602.000       3047247.00       308.100006    
   634642.000       3047247.00       306.799988    
   634682.000       3047247.00       305.100006    
   634722.000       3047247.00       302.700012    
   634762.000       3047247.00       299.000000    
   634802.000       3047247.00       294.299988    
   634842.000       3047247.00       289.100006    
   634882.000       3047247.00       283.899994    
   634922.000       3047247.00       278.899994    
   634962.000       3047247.00       274.899994    
   635002.000       3047247.00       272.299988    
   635042.000       3047247.00       270.500000    
   635082.000       3047247.00       269.200012    
   635122.000       3047247.00       268.399994    
   635162.000       3047247.00       268.000000    
   635202.000       3047247.00       267.600006    
   635242.000       3047247.00       267.200012    
   635282.000       3047247.00       266.899994    
   635322.000       3047247.00       266.600006    
   635362.000       3047247.00       266.399994    
   635402.000       3047247.00       266.299988    
   635442.000       3047247.00       266.299988    
   635482.000       3047247.00       266.299988    
   635522.000       3047247.00       266.200012    
   635562.000       3047247.00       266.399994    
   635602.000       3047247.00       266.700012    
   635642.000       3047247.00       267.299988    
   635682.000       3047247.00       267.899994    
   635722.000       3047247.00       268.100006    
   635762.000       3047247.00       268.600006    
   635802.000       3047247.00       269.700012    
   635842.000       3047247.00       280.892822    
   635882.000       3047247.00      -9999.00000    
   635922.000       3047247.00      -9999.00000    
   635962.000       3047247.00      -9999.00000    
   636002.000       3047247.00      -9999.00000    
   636042.000       3047247.00      -9999.00000    
   636082.000       3047247.00      -9999.00000    
   636122.000       3047247.00      -9999.00000    
   636162.000       3047247.00      -9999.00000    
   636202.000       3047247.00      -9999.00000    
   636242.000       3047247.00      -9999.00000    
   636282.000       3047247.00      -9999.00000    
   636322.000       3047247.00      -9999.00000    
   636362.000       3047247.00      -9999.00000    
   636402.000       3047247.00      -9999.00000    
   636442.000       3047247.00      -9999.00000    
   636482.000       3047247.00      -9999.00000    
   636522.000       3047247.00      -9999.00000    
   636562.000       3047247.00      -9999.00000    
   636602.000       3047247.00      -9999.00000    
   636642.000       3047247.00      -9999.00000    
   636682.000       3047247.00      -9999.00000    
   636722.000       3047247.00      -9999.00000    
   636762.000       3047247.00      -9999.00000    
   636802.000       3047247.00      -9999.00000    
   636842.000       3047247.00      -9999.00000    
   636882.000       3047247.00      -9999.00000    
   634122.000       3047287.00      -9999.00000    
   634162.000       3047287.00      -9999.00000    
   634202.000       3047287.00      -9999.00000    
   634242.000       3047287.00      -9999.00000    
   634282.000       3047287.00      -9999.00000    
   634322.000       3047287.00      -9999.00000    
   634362.000       3047287.00      -9999.00000    
   634402.000       3047287.00       304.299988    
   634442.000       3047287.00       305.299988    
   634482.000       3047287.00       306.100006    
   634522.000       3047287.00       306.399994    
   634562.000       3047287.00       306.000000    
   634602.000       3047287.00       304.700012    
   634642.000       3047287.00       302.799988    
   634682.000       3047287.00       300.399994    
   634722.000       3047287.00       297.100006    
   634762.000       3047287.00       292.899994    
   634802.000       3047287.00       287.899994    
   634842.000       3047287.00       282.799988    
   634882.000       3047287.00       278.100006    
   634922.000       3047287.00       274.100006    
   634962.000       3047287.00       271.100006    
   635002.000       3047287.00       268.899994    
   635042.000       3047287.00       267.399994    
   635082.000       3047287.00       266.299988    
   635122.000       3047287.00       265.600006    
   635162.000       3047287.00       264.899994    
   635202.000       3047287.00       264.100006    
   635242.000       3047287.00       263.100006    
   635282.000       3047287.00       262.200012    
   635322.000       3047287.00       261.399994    
   635362.000       3047287.00       260.700012    
   635402.000       3047287.00       260.200012    
   635442.000       3047287.00       260.000000    
   635482.000       3047287.00       260.000000    
   635522.000       3047287.00       260.100006    
   635562.000       3047287.00       260.399994    
   635602.000       3047287.00       260.799988    
   635642.000       3047287.00       261.500000    
   635682.000       3047287.00       261.899994    
   635722.000       3047287.00       261.399994    
   635762.000       3047287.00       261.500000    
   635802.000       3047287.00       271.578522    
   635842.000       3047287.00       280.839081    
   635882.000       3047287.00      -9999.00000    
   635922.000       3047287.00      -9999.00000    
   635962.000       3047287.00      -9999.00000    
   636002.000       3047287.00      -9999.00000    
   636042.000       3047287.00      -9999.00000    
   636082.000       3047287.00      -9999.00000    
   636122.000       3047287.00      -9999.00000    
   636162.000       3047287.00      -9999.00000    
   636202.000       3047287.00      -9999.00000    
   636242.000       3047287.00      -9999.00000    
   636282.000       3047287.00      -9999.00000    
   636322.000       3047287.00      -9999.00000    
   636362.000       3047287.00      -9999.00000    
   636402.000       3047287.00      -9999.00000    
   636442.000       3047287.00      -9999.00000    
   636482.000       3047287.00      -9999.00000    
   636522.000       3047287.00      -9999.00000    
   636562.000       3047287.00      -9999.00000    
   636602.000       3047287.00      -9999.00000    
   636642.000       3047287.00      -9999.00000    
   636682.000       3047287.00      -9999.00000    
   636722.000       3047287.00      -9999.00000    
   636762.000       3047287.00      -9999.00000    
   636802.000       3047287.00      -9999.00000    
   636842.000       3047287.00      -9999.00000    
   636882.000       3047287.00      -9999.00000    
   634122.000       3047327.00      -9999.00000    
   634162.000       3047327.00      -9999.00000    
   634202.000       3047327.00      -9999.00000    
   634242.000       3047327.00      -9999.00000    
   634282.000       3047327.00      -9999.00000    
   634322.000       3047327.00      -9999.00000    
   634362.000       3047327.00       301.700012    
   634402.000       3047327.00       302.700012    
   634442.000       3047327.00       303.500000    
   634482.000       3047327.00       304.000000    
   634522.000       3047327.00       304.000000    
   634562.000       3047327.00       303.100006    
   634602.000       3047327.00       301.399994    
   634642.000       3047327.00       299.000000    
   634682.000       3047327.00       296.100006    
   634722.000       3047327.00       292.299988    
   634762.000       3047327.00       287.600006    
   634802.000       3047327.00       282.299988    
   634842.000       3047327.00       277.299988    
   634882.000       3047327.00       273.299988    
   634922.000       3047327.00       270.299988    
   634962.000       3047327.00       268.100006    
   635002.000       3047327.00       266.399994    
   635042.000       3047327.00       264.899994    
   635082.000       3047327.00       263.600006    
   635122.000       3047327.00       262.600006    
   635162.000       3047327.00       261.700012    
   635202.000       3047327.00       260.299988    
   635242.000       3047327.00       258.700012    
   635282.000       3047327.00       257.200012    
   635322.000       3047327.00       255.699997    
   635362.000       3047327.00       254.600006    
   635402.000       3047327.00       253.699997    
   635442.000       3047327.00       253.300003    
   635482.000       3047327.00       253.100006    
   635522.000       3047327.00       253.199997    
   635562.000       3047327.00       253.300003    
   635602.000       3047327.00       253.500000    
   635642.000       3047327.00       253.699997    
   635682.000       3047327.00       253.600006    
   635722.000       3047327.00       252.199997    
   635762.000       3047327.00       253.470947    
   635802.000       3047327.00       267.247437    
   635842.000       3047327.00       273.992584    
   635882.000       3047327.00      -9999.00000    
   635922.000       3047327.00      -9999.00000    
   635962.000       3047327.00      -9999.00000    
   636002.000       3047327.00      -9999.00000    
   636042.000       3047327.00      -9999.00000    
   636082.000       3047327.00      -9999.00000    
   636122.000       3047327.00      -9999.00000    
   636162.000       3047327.00      -9999.00000    
   636202.000       3047327.00      -9999.00000    
   636242.000       3047327.00      -9999.00000    
   636282.000       3047327.00      -9999.00000    
   636322.000       3047327.00      -9999.00000    
   636362.000       3047327.00      -9999.00000    
   636402.000       3047327.00      -9999.00000    
   636442.000       3047327.00      -9999.00000    
   636482.000       3047327.00      -9999.00000    
   636522.000       3047327.00      -9999.00000    
   636562.000       3047327.00      -9999.00000    
   636602.000       3047327.00      -9999.00000    
   636642.000       3047327.00      -9999.00000    
   636682.000       3047327.00      -9999.00000    
   636722.000       3047327.00      -9999.00000    
   636762.000       3047327.00      -9999.00000    
   636802.000       3047327.00      -9999.00000    
   636842.000       3047327.00      -9999.00000    
   636882.000       3047327.00      -9999.00000    
   634122.000       3047367.00      -9999.00000    
   634162.000       3047367.00      -9999.00000    
   634202.000       3047367.00      -9999.00000    
   634242.000       3047367.00      -9999.00000    
   634282.000       3047367.00      -9999.00000    
   634322.000       3047367.00       299.299988    
   634362.000       3047367.00       300.200012    
   634402.000       3047367.00       301.000000    
   634442.000       3047367.00       301.500000    
   634482.000       3047367.00       301.799988    
   634522.000       3047367.00       301.500000    
   634562.000       3047367.00       300.100006    
   634602.000       3047367.00       298.000000    
   634642.000       3047367.00       295.200012    
   634682.000       3047367.00       291.899994    
   634722.000       3047367.00       287.899994    
   634762.000       3047367.00       282.799988    
   634802.000       3047367.00       277.500000    
   634842.000       3047367.00       272.600006    
   634882.000       3047367.00       269.100006    
   634922.000       3047367.00       266.899994    
   634962.000       3047367.00       265.500000    
   635002.000       3047367.00       264.100006    
   635042.000       3047367.00       262.399994    
   635082.000       3047367.00       260.799988    
   635122.000       3047367.00       259.299988    
   635162.000       3047367.00       257.799988    
   635202.000       3047367.00       256.000000    
   635242.000       3047367.00       253.800003    
   635282.000       3047367.00       251.800003    
   635322.000       3047367.00       250.000000    
   635362.000       3047367.00       248.500000    
   635402.000       3047367.00       247.300003    
   635442.000       3047367.00       246.600006    
   635482.000       3047367.00       246.199997    
   635522.000       3047367.00       246.000000    
   635562.000       3047367.00       245.699997    
   635602.000       3047367.00       245.500000    
   635642.000       3047367.00       245.100006    
   635682.000       3047367.00       244.399994    
   635722.000       3047367.00       243.399994    
   635762.000       3047367.00       248.925888    
   635802.000       3047367.00       258.900970    
   635842.000       3047367.00       269.100006    
   635882.000       3047367.00      -9999.00000    
   635922.000       3047367.00      -9999.00000    
   635962.000       3047367.00      -9999.00000    
   636002.000       3047367.00      -9999.00000    
   636042.000       3047367.00      -9999.00000    
   636082.000       3047367.00      -9999.00000    
   636122.000       3047367.00      -9999.00000    
   636162.000       3047367.00      -9999.00000    
   636202.000       3047367.00      -9999.00000    
   636242.000       3047367.00      -9999.00000    
   636282.000       3047367.00      -9999.00000    
   636322.000       3047367.00      -9999.00000    
   636362.000       3047367.00      -9999.00000    
   636402.000       3047367.00      -9999.00000    
   636442.000       3047367.00      -9999.00000    
   636482.000       3047367.00      -9999.00000    
   636522.000       3047367.00      -9999.00000    
   636562.000       3047367.00      -9999.00000    
   636602.000       3047367.00      -9999.00000    
   636642.000       3047367.00      -9999.00000    
   636682.000       3047367.00      -9999.00000    
   636722.000       3047367.00      -9999.00000    
   636762.000       3047367.00      -9999.00000    
   636802.000       3047367.00      -9999.00000    
   636842.000       3047367.00      -9999.00000    
   636882.000       3047367.00      -9999.00000    
   634122.000       3047407.00      -9999.00000    
   634162.000       3047407.00      -9999.00000    
   634202.000       3047407.00      -9999.00000    
   634242.000       3047407.00      -9999.00000    
   634282.000       3047407.00       297.100006    
   634322.000       3047407.00       297.899994    
   634362.000       3047407.00       298.700012    
   634402.000       3047407.00       299.100006    
   634442.000       3047407.00       299.299988    
   634482.000       3047407.00       299.299988    
   634522.000       3047407.00       298.600006    
   634562.000       3047407.00       296.899994    
   634602.000       3047407.00       294.399994    
   634642.000       3047407.00       291.299988    
   634682.000       3047407.00       287.600006    
   634722.000       3047407.00       283.200012    
   634762.000       3047407.00       278.200012    
   634802.000       3047407.00       273.100006    
   634842.000       3047407.00       268.600006    
   634882.000       3047407.00       265.299988    
   634922.000       3047407.00       263.600006    
   634962.000       3047407.00       262.700012    
   635002.000       3047407.00       261.299988    
   635042.000       3047407.00       259.399994    
   635082.000       3047407.00       257.399994    
   635122.000       3047407.00       255.500000    
   635162.000       3047407.00       253.399994    
   635202.000       3047407.00       251.000000    
   635242.000       3047407.00       248.600006    
   635282.000       3047407.00       246.300003    
   635322.000       3047407.00       244.399994    
   635362.000       3047407.00       242.699997    
   635402.000       3047407.00       241.399994    
   635442.000       3047407.00       240.399994    
   635482.000       3047407.00       239.699997    
   635522.000       3047407.00       239.000000    
   635562.000       3047407.00       238.399994    
   635602.000       3047407.00       237.600006    
   635642.000       3047407.00       236.800003    
   635682.000       3047407.00       236.199997    
   635722.000       3047407.00       236.399994    
   635762.000       3047407.00       240.888672    
   635802.000       3047407.00       248.500000    
   635842.000       3047407.00       259.899994    
   635882.000       3047407.00      -9999.00000    
   635922.000       3047407.00      -9999.00000    
   635962.000       3047407.00      -9999.00000    
   636002.000       3047407.00      -9999.00000    
   636042.000       3047407.00      -9999.00000    
   636082.000       3047407.00      -9999.00000    
   636122.000       3047407.00      -9999.00000    
   636162.000       3047407.00      -9999.00000    
   636202.000       3047407.00      -9999.00000    
   636242.000       3047407.00      -9999.00000    
   636282.000       3047407.00      -9999.00000    
   636322.000       3047407.00      -9999.00000    
   636362.000       3047407.00      -9999.00000    
   636402.000       3047407.00      -9999.00000    
   636442.000       3047407.00      -9999.00000    
   636482.000       3047407.00      -9999.00000    
   636522.000       3047407.00      -9999.00000    
   636562.000       3047407.00      -9999.00000    
   636602.000       3047407.00      -9999.00000    
   636642.000       3047407.00      -9999.00000    
   636682.000       3047407.00      -9999.00000    
   636722.000       3047407.00      -9999.00000    
   636762.000       3047407.00      -9999.00000    
   636802.000       3047407.00      -9999.00000    
   636842.000       3047407.00      -9999.00000    
   636882.000       3047407.00      -9999.00000    
   634122.000       3047447.00      -9999.00000    
   634162.000       3047447.00      -9999.00000    
   634202.000       3047447.00      -9999.00000    
   634242.000       3047447.00       294.700012    
   634282.000       3047447.00       295.600006    
   634322.000       3047447.00       296.299988    
   634362.000       3047447.00       296.899994    
   634402.000       3047447.00       297.100006    
   634442.000       3047447.00       296.899994    
   634482.000       3047447.00       296.399994    
   634522.000       3047447.00       295.399994    
   634562.000       3047447.00       293.500000    
   634602.000       3047447.00       290.700012    
   634642.000       3047447.00       287.200012    
   634682.000       3047447.00       283.200012    
   634722.000       3047447.00       278.700012    
   634762.000       3047447.00       273.899994    
   634802.000       3047447.00       269.100006    
   634842.000       3047447.00       265.100006    
   634882.000       3047447.00       262.200012    
   634922.000       3047447.00       260.500000    
   634962.000       3047447.00       259.299988    
   635002.000       3047447.00       257.799988    
   635042.000       3047447.00       255.800003    
   635082.000       3047447.00       253.600006    
   635122.000       3047447.00       251.300003    
   635162.000       3047447.00       248.699997    
   635202.000       3047447.00       245.899994    
   635242.000       3047447.00       243.199997    
   635282.000       3047447.00       240.899994    
   635322.000       3047447.00       238.899994    
   635362.000       3047447.00       237.300003    
   635402.000       3047447.00       235.899994    
   635442.000       3047447.00       234.800003    
   635482.000       3047447.00       233.800003    
   635522.000       3047447.00       232.800003    
   635562.000       3047447.00       231.699997    
   635602.000       3047447.00       230.600006    
   635642.000       3047447.00       229.500000    
   635682.000       3047447.00       228.899994    
   635722.000       3047447.00       229.600006    
   635762.000       3047447.00       233.000000    
   635802.000       3047447.00       239.500000    
   635842.000       3047447.00       244.199997    
   635882.000       3047447.00       241.000000    
   635922.000       3047447.00      -9999.00000    
   635962.000       3047447.00      -9999.00000    
   636002.000       3047447.00      -9999.00000    
   636042.000       3047447.00      -9999.00000    
   636082.000       3047447.00      -9999.00000    
   636122.000       3047447.00      -9999.00000    
   636162.000       3047447.00      -9999.00000    
   636202.000       3047447.00      -9999.00000    
   636242.000       3047447.00      -9999.00000    
   636282.000       3047447.00      -9999.00000    
   636322.000       3047447.00      -9999.00000    
   636362.000       3047447.00      -9999.00000    
   636402.000       3047447.00      -9999.00000    
   636442.000       3047447.00      -9999.00000    
   636482.000       3047447.00      -9999.00000    
   636522.000       3047447.00      -9999.00000    
   636562.000       3047447.00      -9999.00000    
   636602.000       3047447.00      -9999.00000    
   636642.000       3047447.00      -9999.00000    
   636682.000       3047447.00      -9999.00000    
   636722.000       3047447.00      -9999.00000    
   636762.000       3047447.00      -9999.00000    
   636802.000       3047447.00      -9999.00000    
   636842.000       3047447.00      -9999.00000    
   636882.000       3047447.00      -9999.00000    
   634122.000       3047487.00      -9999.00000    
   634162.000       3047487.00      -9999.00000    
   634202.000       3047487.00      -9999.00000    
   634242.000       3047487.00       292.899994    
   634282.000       3047487.00       293.799988    
   634322.000       3047487.00       294.399994    
   634362.000       3047487.00       294.899994    
   634402.000       3047487.00       295.000000    
   634442.000       3047487.00       294.600006    
   634482.000       3047487.00       293.600006    
   634522.000       3047487.00       292.399994    
   634562.000       3047487.00       290.100006    
   634602.000       3047487.00       287.000000    
   634642.000       3047487.00       283.200012    
   634682.000       3047487.00       279.000000    
   634722.000       3047487.00       274.500000    
   634762.000       3047487.00       270.000000    
   634802.000       3047487.00       265.700012    
   634842.000       3047487.00       262.200012    
   634882.000       3047487.00       259.600006    
   634922.000       3047487.00       257.700012    
   634962.000       3047487.00       256.100006    
   635002.000       3047487.00       254.199997    
   635042.000       3047487.00       252.000000    
   635082.000       3047487.00       249.600006    
   635122.000       3047487.00       247.000000    
   635162.000       3047487.00       244.000000    
   635202.000       3047487.00       240.899994    
   635242.000       3047487.00       238.000000    
   635282.000       3047487.00       235.699997    
   635322.000       3047487.00       233.800003    
   635362.000       3047487.00       232.300003    
   635402.000       3047487.00       230.899994    
   635442.000       3047487.00       229.800003    
   635482.000       3047487.00       228.600006    
   635522.000       3047487.00       227.399994    
   635562.000       3047487.00       226.100006    
   635602.000       3047487.00       224.699997    
   635642.000       3047487.00       223.300003    
   635682.000       3047487.00       222.399994    
   635722.000       3047487.00       222.399994    
   635762.000       3047487.00       224.300003    
   635802.000       3047487.00       227.699997    
   635842.000       3047487.00       229.000000    
   635882.000       3047487.00       225.300003    
   635922.000       3047487.00      -9999.00000    
   635962.000       3047487.00      -9999.00000    
   636002.000       3047487.00      -9999.00000    
   636042.000       3047487.00      -9999.00000    
   636082.000       3047487.00      -9999.00000    
   636122.000       3047487.00      -9999.00000    
   636162.000       3047487.00      -9999.00000    
   636202.000       3047487.00      -9999.00000    
   636242.000       3047487.00      -9999.00000    
   636282.000       3047487.00      -9999.00000    
   636322.000       3047487.00      -9999.00000    
   636362.000       3047487.00      -9999.00000    
   636402.000       3047487.00      -9999.00000    
   636442.000       3047487.00      -9999.00000    
   636482.000       3047487.00      -9999.00000    
   636522.000       3047487.00      -9999.00000    
   636562.000       3047487.00      -9999.00000    
   636602.000       3047487.00      -9999.00000    
   636642.000       3047487.00      -9999.00000    
   636682.000       3047487.00      -9999.00000    
   636722.000       3047487.00      -9999.00000    
   636762.000       3047487.00      -9999.00000    
   636802.000       3047487.00      -9999.00000    
   636842.000       3047487.00      -9999.00000    
   636882.000       3047487.00      -9999.00000    
   634122.000       3047527.00      -9999.00000    
   634162.000       3047527.00      -9999.00000    
   634202.000       3047527.00      -9999.00000    
   634242.000       3047527.00       291.000000    
   634282.000       3047527.00       291.700012    
   634322.000       3047527.00       292.299988    
   634362.000       3047527.00       292.799988    
   634402.000       3047527.00       293.000000    
   634442.000       3047527.00       292.600006    
   634482.000       3047527.00       291.200012    
   634522.000       3047527.00       289.399994    
   634562.000       3047527.00       286.700012    
   634602.000       3047527.00       283.299988    
   634642.000       3047527.00       279.399994    
   634682.000       3047527.00       275.100006    
   634722.000       3047527.00       270.799988    
   634762.000       3047527.00       266.700012    
   634802.000       3047527.00       262.899994    
   634842.000       3047527.00       259.600006    
   634882.000       3047527.00       257.100006    
   634922.000       3047527.00       254.899994    
   634962.000       3047527.00       252.800003    
   635002.000       3047527.00       250.600006    
   635042.000       3047527.00       248.199997    
   635082.000       3047527.00       245.600006    
   635122.000       3047527.00       242.699997    
   635162.000       3047527.00       239.600006    
   635202.000       3047527.00       236.199997    
   635242.000       3047527.00       233.100006    
   635282.000       3047527.00       230.899994    
   635322.000       3047527.00       229.199997    
   635362.000       3047527.00       227.699997    
   635402.000       3047527.00       226.500000    
   635442.000       3047527.00       225.300003    
   635482.000       3047527.00       224.199997    
   635522.000       3047527.00       222.800003    
   635562.000       3047527.00       221.399994    
   635602.000       3047527.00       219.899994    
   635642.000       3047527.00       218.300003    
   635682.000       3047527.00       216.899994    
   635722.000       3047527.00       216.199997    
   635762.000       3047527.00       216.600006    
   635802.000       3047527.00       217.600006    
   635842.000       3047527.00       217.100006    
   635882.000       3047527.00       213.899994    
   635922.000       3047527.00      -9999.00000    
   635962.000       3047527.00      -9999.00000    
   636002.000       3047527.00      -9999.00000    
   636042.000       3047527.00      -9999.00000    
   636082.000       3047527.00      -9999.00000    
   636122.000       3047527.00      -9999.00000    
   636162.000       3047527.00      -9999.00000    
   636202.000       3047527.00      -9999.00000    
   636242.000       3047527.00      -9999.00000    
   636282.000       3047527.00      -9999.00000    
   636322.000       3047527.00      -9999.00000    
   636362.000       3047527.00      -9999.00000    
   636402.000       3047527.00      -9999.00000    
   636442.000       3047527.00      -9999.00000    
   636482.000       3047527.00      -9999.00000    
   636522.000       3047527.00      -9999.00000    
   636562.000       3047527.00      -9999.00000    
   636602.000       3047527.00      -9999.00000    
   636642.000       3047527.00      -9999.00000    
   636682.000       3047527.00      -9999.00000    
   636722.000       3047527.00      -9999.00000    
   636762.000       3047527.00      -9999.00000    
   636802.000       3047527.00      -9999.00000    
   636842.000       3047527.00      -9999.00000    
   636882.000       3047527.00      -9999.00000    
   634122.000       3047567.00      -9999.00000    
   634162.000       3047567.00      -9999.00000    
   634202.000       3047567.00       288.200012    
   634242.000       3047567.00       289.000000    
   634282.000       3047567.00       289.600006    
   634322.000       3047567.00       290.100006    
   634362.000       3047567.00       290.500000    
   634402.000       3047567.00       290.700012    
   634442.000       3047567.00       290.000000    
   634482.000       3047567.00       288.500000    
   634522.000       3047567.00       286.200012    
   634562.000       3047567.00       283.200012    
   634602.000       3047567.00       279.700012    
   634642.000       3047567.00       275.799988    
   634682.000       3047567.00       271.600006    
   634722.000       3047567.00       267.399994    
   634762.000       3047567.00       263.700012    
   634802.000       3047567.00       260.200012    
   634842.000       3047567.00       257.100006    
   634882.000       3047567.00       254.300003    
   634922.000       3047567.00       251.800003    
   634962.000       3047567.00       249.300003    
   635002.000       3047567.00       246.800003    
   635042.000       3047567.00       244.100006    
   635082.000       3047567.00       241.399994    
   635122.000       3047567.00       238.500000    
   635162.000       3047567.00       235.399994    
   635202.000       3047567.00       232.000000    
   635242.000       3047567.00       229.100006    
   635282.000       3047567.00       226.800003    
   635322.000       3047567.00       225.000000    
   635362.000       3047567.00       223.600006    
   635402.000       3047567.00       222.399994    
   635442.000       3047567.00       221.300003    
   635482.000       3047567.00       220.199997    
   635522.000       3047567.00       218.899994    
   635562.000       3047567.00       217.500000    
   635602.000       3047567.00       216.100006    
   635642.000       3047567.00       214.399994    
   635682.000       3047567.00       212.600006    
   635722.000       3047567.00       211.300003    
   635762.000       3047567.00       210.699997    
   635802.000       3047567.00       210.300003    
   635842.000       3047567.00       209.100006    
   635882.000       3047567.00       206.600006    
   635922.000       3047567.00       203.699997    
   635962.000       3047567.00      -9999.00000    
   636002.000       3047567.00      -9999.00000    
   636042.000       3047567.00      -9999.00000    
   636082.000       3047567.00      -9999.00000    
   636122.000       3047567.00      -9999.00000    
   636162.000       3047567.00      -9999.00000    
   636202.000       3047567.00      -9999.00000    
   636242.000       3047567.00      -9999.00000    
   636282.000       3047567.00      -9999.00000    
   636322.000       3047567.00      -9999.00000    
   636362.000       3047567.00      -9999.00000    
   636402.000       3047567.00      -9999.00000    
   636442.000       3047567.00      -9999.00000    
   636482.000       3047567.00      -9999.00000    
   636522.000       3047567.00      -9999.00000    
   636562.000       3047567.00      -9999.00000    
   636602.000       3047567.00      -9999.00000    
   636642.000       3047567.00      -9999.00000    
   636682.000       3047567.00      -9999.00000    
   636722.000       3047567.00      -9999.00000    
   636762.000       3047567.00      -9999.00000    
   636802.000       3047567.00      -9999.00000    
   636842.000       3047567.00      -9999.00000    
   636882.000       3047567.00      -9999.00000    
   634122.000       3047607.00      -9999.00000    
   634162.000       3047607.00      -9999.00000    
   634202.000       3047607.00       286.100006    
   634242.000       3047607.00       286.799988    
   634282.000       3047607.00       287.399994    
   634322.000       3047607.00       287.799988    
   634362.000       3047607.00       288.100006    
   634402.000       3047607.00       287.899994    
   634442.000       3047607.00       287.100006    
   634482.000       3047607.00       285.299988    
   634522.000       3047607.00       282.799988    
   634562.000       3047607.00       279.600006    
   634602.000       3047607.00       276.200012    
   634642.000       3047607.00       272.500000    
   634682.000       3047607.00       268.500000    
   634722.000       3047607.00       264.500000    
   634762.000       3047607.00       260.899994    
   634802.000       3047607.00       257.399994    
   634842.000       3047607.00       254.100006    
   634882.000       3047607.00       251.000000    
   634922.000       3047607.00       248.100006    
   634962.000       3047607.00       245.300003    
   635002.000       3047607.00       242.199997    
   635042.000       3047607.00       239.300003    
   635082.000       3047607.00       236.699997    
   635122.000       3047607.00       234.100006    
   635162.000       3047607.00       231.000000    
   635202.000       3047607.00       227.899994    
   635242.000       3047607.00       225.100006    
   635282.000       3047607.00       222.899994    
   635322.000       3047607.00       221.199997    
   635362.000       3047607.00       219.800003    
   635402.000       3047607.00       218.600006    
   635442.000       3047607.00       217.500000    
   635482.000       3047607.00       216.500000    
   635522.000       3047607.00       215.300003    
   635562.000       3047607.00       214.100006    
   635602.000       3047607.00       212.800003    
   635642.000       3047607.00       211.100006    
   635682.000       3047607.00       209.199997    
   635722.000       3047607.00       207.600006    
   635762.000       3047607.00       206.399994    
   635802.000       3047607.00       205.399994    
   635842.000       3047607.00       204.100006    
   635882.000       3047607.00       202.399994    
   635922.000       3047607.00       200.699997    
   635962.000       3047607.00      -9999.00000    
   636002.000       3047607.00      -9999.00000    
   636042.000       3047607.00      -9999.00000    
   636082.000       3047607.00      -9999.00000    
   636122.000       3047607.00      -9999.00000    
   636162.000       3047607.00      -9999.00000    
   636202.000       3047607.00      -9999.00000    
   636242.000       3047607.00      -9999.00000    
   636282.000       3047607.00      -9999.00000    
   636322.000       3047607.00      -9999.00000    
   636362.000       3047607.00      -9999.00000    
   636402.000       3047607.00      -9999.00000    
   636442.000       3047607.00      -9999.00000    
   636482.000       3047607.00      -9999.00000    
   636522.000       3047607.00      -9999.00000    
   636562.000       3047607.00      -9999.00000    
   636602.000       3047607.00      -9999.00000    
   636642.000       3047607.00      -9999.00000    
   636682.000       3047607.00      -9999.00000    
   636722.000       3047607.00      -9999.00000    
   636762.000       3047607.00      -9999.00000    
   636802.000       3047607.00      -9999.00000    
   636842.000       3047607.00      -9999.00000    
   636882.000       3047607.00      -9999.00000    
   634122.000       3047647.00      -9999.00000    
   634162.000       3047647.00       283.100006    
   634202.000       3047647.00       283.899994    
   634242.000       3047647.00       284.500000    
   634282.000       3047647.00       285.000000    
   634322.000       3047647.00       285.299988    
   634362.000       3047647.00       285.299988    
   634402.000       3047647.00       285.000000    
   634442.000       3047647.00       283.899994    
   634482.000       3047647.00       282.000000    
   634522.000       3047647.00       279.399994    
   634562.000       3047647.00       276.200012    
   634602.000       3047647.00       272.899994    
   634642.000       3047647.00       269.200012    
   634682.000       3047647.00       265.299988    
   634722.000       3047647.00       261.299988    
   634762.000       3047647.00       257.600006    
   634802.000       3047647.00       253.899994    
   634842.000       3047647.00       250.199997    
   634882.000       3047647.00       246.800003    
   634922.000       3047647.00       243.300003    
   634962.000       3047647.00       239.800003    
   635002.000       3047647.00       236.300003    
   635042.000       3047647.00       233.500000    
   635082.000       3047647.00       231.199997    
   635122.000       3047647.00       228.899994    
   635162.000       3047647.00       226.100006    
   635202.000       3047647.00       223.300003    
   635242.000       3047647.00       220.899994    
   635282.000       3047647.00       218.899994    
   635322.000       3047647.00       217.300003    
   635362.000       3047647.00       216.100006    
   635402.000       3047647.00       215.000000    
   635442.000       3047647.00       214.000000    
   635482.000       3047647.00       213.000000    
   635522.000       3047647.00       211.899994    
   635562.000       3047647.00       210.699997    
   635602.000       3047647.00       209.500000    
   635642.000       3047647.00       207.899994    
   635682.000       3047647.00       206.199997    
   635722.000       3047647.00       204.800003    
   635762.000       3047647.00       203.500000    
   635802.000       3047647.00       202.399994    
   635842.000       3047647.00       201.199997    
   635882.000       3047647.00       200.000000    
   635922.000       3047647.00       199.199997    
   635962.000       3047647.00       198.899994    
   636002.000       3047647.00      -9999.00000    
   636042.000       3047647.00      -9999.00000    
   636082.000       3047647.00      -9999.00000    
   636122.000       3047647.00      -9999.00000    
   636162.000       3047647.00      -9999.00000    
   636202.000       3047647.00      -9999.00000    
   636242.000       3047647.00      -9999.00000    
   636282.000       3047647.00      -9999.00000    
   636322.000       3047647.00      -9999.00000    
   636362.000       3047647.00      -9999.00000    
   636402.000       3047647.00      -9999.00000    
   636442.000       3047647.00      -9999.00000    
   636482.000       3047647.00      -9999.00000    
   636522.000       3047647.00      -9999.00000    
   636562.000       3047647.00      -9999.00000    
   636602.000       3047647.00      -9999.00000    
   636642.000       3047647.00      -9999.00000    
   636682.000       3047647.00      -9999.00000    
   636722.000       3047647.00      -9999.00000    
   636762.000       3047647.00      -9999.00000    
   636802.000       3047647.00      -9999.00000    
   636842.000       3047647.00      -9999.00000    
   636882.000       3047647.00      -9999.00000    
   634122.000       3047687.00      -9999.00000    
   634162.000       3047687.00       280.700012    
   634202.000       3047687.00       281.399994    
   634242.000       3047687.00       281.899994    
   634282.000       3047687.00       282.200012    
   634322.000       3047687.00       282.299988    
   634362.000       3047687.00       282.200012    
   634402.000       3047687.00       281.600006    
   634442.000       3047687.00       280.399994    
   634482.000       3047687.00       278.500000    
   634522.000       3047687.00       275.899994    
   634562.000       3047687.00       272.899994    
   634602.000       3047687.00       269.500000    
   634642.000       3047687.00       265.700012    
   634682.000       3047687.00       261.700012    
   634722.000       3047687.00       257.600006    
   634762.000       3047687.00       253.500000    
   634802.000       3047687.00       249.500000    
   634842.000       3047687.00       245.399994    
   634882.000       3047687.00       241.399994    
   634922.000       3047687.00       237.300003    
   634962.000       3047687.00       233.100006    
   635002.000       3047687.00       229.399994    
   635042.000       3047687.00       226.899994    
   635082.000       3047687.00       224.899994    
   635122.000       3047687.00       222.800003    
   635162.000       3047687.00       220.500000    
   635202.000       3047687.00       218.199997    
   635242.000       3047687.00       216.300003    
   635282.000       3047687.00       214.699997    
   635322.000       3047687.00       213.399994    
   635362.000       3047687.00       212.300003    
   635402.000       3047687.00       211.300003    
   635442.000       3047687.00       210.399994    
   635482.000       3047687.00       209.600006    
   635522.000       3047687.00       208.600006    
   635562.000       3047687.00       207.500000    
   635602.000       3047687.00       206.300003    
   635642.000       3047687.00       204.899994    
   635682.000       3047687.00       203.600006    
   635722.000       3047687.00       202.399994    
   635762.000       3047687.00       201.399994    
   635802.000       3047687.00       200.500000    
   635842.000       3047687.00       199.600006    
   635882.000       3047687.00       198.800003    
   635922.000       3047687.00       198.399994    
   635962.000       3047687.00       198.500000    
   636002.000       3047687.00       199.100006    
   636042.000       3047687.00      -9999.00000    
   636082.000       3047687.00      -9999.00000    
   636122.000       3047687.00      -9999.00000    
   636162.000       3047687.00      -9999.00000    
   636202.000       3047687.00      -9999.00000    
   636242.000       3047687.00      -9999.00000    
   636282.000       3047687.00      -9999.00000    
   636322.000       3047687.00      -9999.00000    
   636362.000       3047687.00      -9999.00000    
   636402.000       3047687.00      -9999.00000    
   636442.000       3047687.00      -9999.00000    
   636482.000       3047687.00      -9999.00000    
   636522.000       3047687.00      -9999.00000    
   636562.000       3047687.00      -9999.00000    
   636602.000       3047687.00      -9999.00000    
   636642.000       3047687.00      -9999.00000    
   636682.000       3047687.00      -9999.00000    
   636722.000       3047687.00      -9999.00000    
   636762.000       3047687.00      -9999.00000    
   636802.000       3047687.00      -9999.00000    
   636842.000       3047687.00      -9999.00000    
   636882.000       3047687.00      -9999.00000    
   634122.000       3047727.00       277.600006    
   634162.000       3047727.00       278.200012    
   634202.000       3047727.00       278.600006    
   634242.000       3047727.00       278.899994    
   634282.000       3047727.00       279.000000    
   634322.000       3047727.00       278.899994    
   634362.000       3047727.00       278.500000    
   634402.000       3047727.00       277.799988    
   634442.000       3047727.00       276.500000    
   634482.000       3047727.00       274.600006    
   634522.000       3047727.00       272.000000    
   634562.000       3047727.00       269.000000    
   634602.000       3047727.00       265.500000    
   634642.000       3047727.00       261.600006    
   634682.000       3047727.00       257.399994    
   634722.000       3047727.00       253.199997    
   634762.000       3047727.00       248.800003    
   634802.000       3047727.00       244.300003    
   634842.000       3047727.00       239.699997    
   634882.000       3047727.00       235.199997    
   634922.000       3047727.00       230.800003    
   634962.000       3047727.00       226.500000    
   635002.000       3047727.00       223.000000    
   635042.000       3047727.00       220.399994    
   635082.000       3047727.00       218.399994    
   635122.000       3047727.00       216.500000    
   635162.000       3047727.00       214.600006    
   635202.000       3047727.00       212.800003    
   635242.000       3047727.00       211.300003    
   635282.000       3047727.00       210.199997    
   635322.000       3047727.00       209.300003    
   635362.000       3047727.00       208.399994    
   635402.000       3047727.00       207.600006    
   635442.000       3047727.00       206.899994    
   635482.000       3047727.00       206.100006    
   635522.000       3047727.00       205.300003    
   635562.000       3047727.00       204.399994    
   635602.000       3047727.00       203.199997    
   635642.000       3047727.00       202.100006    
   635682.000       3047727.00       201.100006    
   635722.000       3047727.00       200.399994    
   635762.000       3047727.00       199.800003    
   635802.000       3047727.00       199.199997    
   635842.000       3047727.00       198.600006    
   635882.000       3047727.00       198.100006    
   635922.000       3047727.00       197.899994    
   635962.000       3047727.00       198.300003    
   636002.000       3047727.00       199.000000    
   636042.000       3047727.00       199.899994    
   636082.000       3047727.00       200.500000    
   636122.000       3047727.00      -9999.00000    
   636162.000       3047727.00      -9999.00000    
   636202.000       3047727.00      -9999.00000    
   636242.000       3047727.00      -9999.00000    
   636282.000       3047727.00      -9999.00000    
   636322.000       3047727.00      -9999.00000    
   636362.000       3047727.00      -9999.00000    
   636402.000       3047727.00      -9999.00000    
   636442.000       3047727.00      -9999.00000    
   636482.000       3047727.00      -9999.00000    
   636522.000       3047727.00      -9999.00000    
   636562.000       3047727.00      -9999.00000    
   636602.000       3047727.00      -9999.00000    
   636642.000       3047727.00      -9999.00000    
   636682.000       3047727.00      -9999.00000    
   636722.000       3047727.00      -9999.00000    
   636762.000       3047727.00      -9999.00000    
   636802.000       3047727.00      -9999.00000    
   636842.000       3047727.00      -9999.00000    
   636882.000       3047727.00      -9999.00000    
   634122.000       3047767.00      -9999.00000    
   634162.000       3047767.00       275.299988    
   634202.000       3047767.00       275.600006    
   634242.000       3047767.00       275.700012    
   634282.000       3047767.00       275.500000    
   634322.000       3047767.00       275.100006    
   634362.000       3047767.00       274.500000    
   634402.000       3047767.00       273.500000    
   634442.000       3047767.00       272.100006    
   634482.000       3047767.00       270.100006    
   634522.000       3047767.00       267.500000    
   634562.000       3047767.00       264.299988    
   634602.000       3047767.00       260.700012    
   634642.000       3047767.00       256.700012    
   634682.000       3047767.00       252.500000    
   634722.000       3047767.00       248.199997    
   634762.000       3047767.00       243.600006    
   634802.000       3047767.00       238.699997    
   634842.000       3047767.00       233.600006    
   634882.000       3047767.00       228.699997    
   634922.000       3047767.00       224.199997    
   634962.000       3047767.00       220.199997    
   635002.000       3047767.00       216.800003    
   635042.000       3047767.00       214.300003    
   635082.000       3047767.00       212.399994    
   635122.000       3047767.00       210.699997    
   635162.000       3047767.00       208.899994    
   635202.000       3047767.00       207.300003    
   635242.000       3047767.00       206.300003    
   635282.000       3047767.00       205.600006    
   635322.000       3047767.00       205.000000    
   635362.000       3047767.00       204.399994    
   635402.000       3047767.00       203.899994    
   635442.000       3047767.00       203.300003    
   635482.000       3047767.00       202.699997    
   635522.000       3047767.00       202.000000    
   635562.000       3047767.00       201.199997    
   635602.000       3047767.00       200.300003    
   635642.000       3047767.00       199.399994    
   635682.000       3047767.00       198.600006    
   635722.000       3047767.00       198.199997    
   635762.000       3047767.00       198.000000    
   635802.000       3047767.00       197.899994    
   635842.000       3047767.00       197.600006    
   635882.000       3047767.00       197.399994    
   635922.000       3047767.00       197.399994    
   635962.000       3047767.00       197.899994    
   636002.000       3047767.00       198.800003    
   636042.000       3047767.00       199.800003    
   636082.000       3047767.00       200.699997    
   636122.000       3047767.00       201.300003    
   636162.000       3047767.00      -9999.00000    
   636202.000       3047767.00      -9999.00000    
   636242.000       3047767.00      -9999.00000    
   636282.000       3047767.00      -9999.00000    
   636322.000       3047767.00      -9999.00000    
   636362.000       3047767.00      -9999.00000    
   636402.000       3047767.00      -9999.00000    
   636442.000       3047767.00      -9999.00000    
   636482.000       3047767.00      -9999.00000    
   636522.000       3047767.00      -9999.00000    
   636562.000       3047767.00      -9999.00000    
   636602.000       3047767.00      -9999.00000    
   636642.000       3047767.00      -9999.00000    
   636682.000       3047767.00      -9999.00000    
   636722.000       3047767.00      -9999.00000    
   636762.000       3047767.00      -9999.00000    
   636802.000       3047767.00      -9999.00000    
   636842.000       3047767.00      -9999.00000    
   636882.000       3047767.00      -9999.00000    
   634122.000       3047807.00      -9999.00000    
   634162.000       3047807.00       272.299988    
   634202.000       3047807.00       272.399994    
   634242.000       3047807.00       272.200012    
   634282.000       3047807.00       271.600006    
   634322.000       3047807.00       270.799988    
   634362.000       3047807.00       269.899994    
   634402.000       3047807.00       268.700012    
   634442.000       3047807.00       267.000000    
   634482.000       3047807.00       264.899994    
   634522.000       3047807.00       262.200012    
   634562.000       3047807.00       258.899994    
   634602.000       3047807.00       255.199997    
   634642.000       3047807.00       251.100006    
   634682.000       3047807.00       246.899994    
   634722.000       3047807.00       242.800003    
   634762.000       3047807.00       238.000000    
   634802.000       3047807.00       232.800003    
   634842.000       3047807.00       227.300003    
   634882.000       3047807.00       222.199997    
   634922.000       3047807.00       217.899994    
   634962.000       3047807.00       214.300003    
   635002.000       3047807.00       211.300003    
   635042.000       3047807.00       209.100006    
   635082.000       3047807.00       207.300003    
   635122.000       3047807.00       205.500000    
   635162.000       3047807.00       203.699997    
   635202.000       3047807.00       202.399994    
   635242.000       3047807.00       201.600006    
   635282.000       3047807.00       201.199997    
   635322.000       3047807.00       200.800003    
   635362.000       3047807.00       200.500000    
   635402.000       3047807.00       200.100006    
   635442.000       3047807.00       199.699997    
   635482.000       3047807.00       199.199997    
   635522.000       3047807.00       198.600006    
   635562.000       3047807.00       198.000000    
   635602.000       3047807.00       197.399994    
   635642.000       3047807.00       196.800003    
   635682.000       3047807.00       196.399994    
   635722.000       3047807.00       196.199997    
   635762.000       3047807.00       196.199997    
   635802.000       3047807.00       196.300003    
   635842.000       3047807.00       196.300003    
   635882.000       3047807.00       196.399994    
   635922.000       3047807.00       196.699997    
   635962.000       3047807.00       197.300003    
   636002.000       3047807.00       198.399994    
   636042.000       3047807.00       199.500000    
   636082.000       3047807.00       200.600006    
   636122.000       3047807.00       201.600006    
   636162.000       3047807.00       202.500000    
   636202.000       3047807.00       203.300003    
   636242.000       3047807.00       204.100006    
   636282.000       3047807.00      -9999.00000    
   636322.000       3047807.00      -9999.00000    
   636362.000       3047807.00      -9999.00000    
   636402.000       3047807.00      -9999.00000    
   636442.000       3047807.00      -9999.00000    
   636482.000       3047807.00      -9999.00000    
   636522.000       3047807.00      -9999.00000    
   636562.000       3047807.00      -9999.00000    
   636602.000       3047807.00      -9999.00000    
   636642.000       3047807.00      -9999.00000    
   636682.000       3047807.00      -9999.00000    
   636722.000       3047807.00      -9999.00000    
   636762.000       3047807.00      -9999.00000    
   636802.000       3047807.00      -9999.00000    
   636842.000       3047807.00      -9999.00000    
   636882.000       3047807.00      -9999.00000    
   634122.000       3047847.00      -9999.00000    
   634162.000       3047847.00       269.100006    
   634202.000       3047847.00       268.899994    
   634242.000       3047847.00       268.299988    
   634282.000       3047847.00       267.399994    
   634322.000       3047847.00       266.200012    
   634362.000       3047847.00       264.799988    
   634402.000       3047847.00       263.299988    
   634442.000       3047847.00       261.299988    
   634482.000       3047847.00       259.000000    
   634522.000       3047847.00       256.200012    
   634562.000       3047847.00       252.899994    
   634602.000       3047847.00       249.199997    
   634642.000       3047847.00       245.300003    
   634682.000       3047847.00       241.300003    
   634722.000       3047847.00       237.199997    
   634762.000       3047847.00       232.199997    
   634802.000       3047847.00       226.699997    
   634842.000       3047847.00       221.100006    
   634882.000       3047847.00       216.000000    
   634922.000       3047847.00       211.899994    
   634962.000       3047847.00       208.899994    
   635002.000       3047847.00       206.600006    
   635042.000       3047847.00       204.800003    
   635082.000       3047847.00       202.899994    
   635122.000       3047847.00       201.000000    
   635162.000       3047847.00       199.300003    
   635202.000       3047847.00       198.000000    
   635242.000       3047847.00       197.300003    
   635282.000       3047847.00       197.000000    
   635322.000       3047847.00       196.800003    
   635362.000       3047847.00       196.600006    
   635402.000       3047847.00       196.399994    
   635442.000       3047847.00       196.100006    
   635482.000       3047847.00       195.699997    
   635522.000       3047847.00       195.300003    
   635562.000       3047847.00       194.899994    
   635602.000       3047847.00       194.600006    
   635642.000       3047847.00       194.500000    
   635682.000       3047847.00       194.399994    
   635722.000       3047847.00       194.399994    
   635762.000       3047847.00       194.399994    
   635802.000       3047847.00       194.500000    
   635842.000       3047847.00       194.699997    
   635882.000       3047847.00       195.100006    
   635922.000       3047847.00       195.699997    
   635962.000       3047847.00       196.600006    
   636002.000       3047847.00       197.699997    
   636042.000       3047847.00       199.000000    
   636082.000       3047847.00       200.399994    
   636122.000       3047847.00       201.699997    
   636162.000       3047847.00       203.100006    
   636202.000       3047847.00       204.600006    
   636242.000       3047847.00       206.500000    
   636282.000       3047847.00       209.100006    
   636322.000       3047847.00      -9999.00000    
   636362.000       3047847.00      -9999.00000    
   636402.000       3047847.00      -9999.00000    
   636442.000       3047847.00      -9999.00000    
   636482.000       3047847.00      -9999.00000    
   636522.000       3047847.00      -9999.00000    
   636562.000       3047847.00      -9999.00000    
   636602.000       3047847.00      -9999.00000    
   636642.000       3047847.00      -9999.00000    
   636682.000       3047847.00      -9999.00000    
   636722.000       3047847.00      -9999.00000    
   636762.000       3047847.00      -9999.00000    
   636802.000       3047847.00      -9999.00000    
   636842.000       3047847.00      -9999.00000    
   636882.000       3047847.00      -9999.00000    
   634122.000       3047887.00       265.600006    
   634162.000       3047887.00       265.500000    
   634202.000       3047887.00       265.100006    
   634242.000       3047887.00       264.200012    
   634282.000       3047887.00       262.700012    
   634322.000       3047887.00       261.100006    
   634362.000       3047887.00       259.399994    
   634402.000       3047887.00       257.399994    
   634442.000       3047887.00       255.100006    
   634482.000       3047887.00       252.500000    
   634522.000       3047887.00       249.600006    
   634562.000       3047887.00       246.399994    
   634602.000       3047887.00       242.800003    
   634642.000       3047887.00       239.000000    
   634682.000       3047887.00       235.199997    
   634722.000       3047887.00       231.199997    
   634762.000       3047887.00       225.899994    
   634802.000       3047887.00       220.199997    
   634842.000       3047887.00       214.699997    
   634882.000       3047887.00       210.000000    
   634922.000       3047887.00       206.399994    
   634962.000       3047887.00       203.800003    
   635002.000       3047887.00       202.000000    
   635042.000       3047887.00       200.699997    
   635082.000       3047887.00       198.699997    
   635122.000       3047887.00       196.699997    
   635162.000       3047887.00       195.100006    
   635202.000       3047887.00       194.000000    
   635242.000       3047887.00       193.399994    
   635282.000       3047887.00       193.100006    
   635322.000       3047887.00       193.000000    
   635362.000       3047887.00       193.000000    
   635402.000       3047887.00       192.899994    
   635442.000       3047887.00       192.699997    
   635482.000       3047887.00       192.399994    
   635522.000       3047887.00       192.100006    
   635562.000       3047887.00       191.800003    
   635602.000       3047887.00       191.800003    
   635642.000       3047887.00       192.199997    
   635682.000       3047887.00       192.600006    
   635722.000       3047887.00       192.500000    
   635762.000       3047887.00       192.399994    
   635802.000       3047887.00       192.500000    
   635842.000       3047887.00       192.899994    
   635882.000       3047887.00       193.600006    
   635922.000       3047887.00       194.399994    
   635962.000       3047887.00       195.500000    
   636002.000       3047887.00       196.800003    
   636042.000       3047887.00       198.300003    
   636082.000       3047887.00       199.800003    
   636122.000       3047887.00       201.500000    
   636162.000       3047887.00       203.300003    
   636202.000       3047887.00       205.600006    
   636242.000       3047887.00       208.500000    
   636282.000       3047887.00       212.300003    
   636322.000       3047887.00       217.100006    
   636362.000       3047887.00      -9999.00000    
   636402.000       3047887.00      -9999.00000    
   636442.000       3047887.00      -9999.00000    
   636482.000       3047887.00      -9999.00000    
   636522.000       3047887.00      -9999.00000    
   636562.000       3047887.00      -9999.00000    
   636602.000       3047887.00      -9999.00000    
   636642.000       3047887.00      -9999.00000    
   636682.000       3047887.00      -9999.00000    
   636722.000       3047887.00      -9999.00000    
   636762.000       3047887.00      -9999.00000    
   636802.000       3047887.00      -9999.00000    
   636842.000       3047887.00      -9999.00000    
   636882.000       3047887.00      -9999.00000    
   634122.000       3047927.00       261.799988    
   634162.000       3047927.00       261.600006    
   634202.000       3047927.00       260.799988    
   634242.000       3047927.00       259.500000    
   634282.000       3047927.00       257.500000    
   634322.000       3047927.00       255.600006    
   634362.000       3047927.00       253.600006    
   634402.000       3047927.00       251.199997    
   634442.000       3047927.00       248.500000    
   634482.000       3047927.00       245.800003    
   634522.000       3047927.00       242.699997    
   634562.000       3047927.00       239.399994    
   634602.000       3047927.00       235.699997    
   634642.000       3047927.00       231.800003    
   634682.000       3047927.00       227.800003    
   634722.000       3047927.00       223.500000    
   634762.000       3047927.00       218.399994    
   634802.000       3047927.00       213.000000    
   634842.000       3047927.00       208.100006    
   634882.000       3047927.00       204.000000    
   634922.000       3047927.00       200.899994    
   634962.000       3047927.00       198.600006    
   635002.000       3047927.00       196.899994    
   635042.000       3047927.00       195.500000    
   635082.000       3047927.00       193.800003    
   635122.000       3047927.00       192.100006    
   635162.000       3047927.00       190.899994    
   635202.000       3047927.00       190.100006    
   635242.000       3047927.00       189.699997    
   635282.000       3047927.00       189.500000    
   635322.000       3047927.00       189.500000    
   635362.000       3047927.00       189.500000    
   635402.000       3047927.00       189.500000    
   635442.000       3047927.00       189.399994    
   635482.000       3047927.00       189.199997    
   635522.000       3047927.00       189.100006    
   635562.000       3047927.00       188.899994    
   635602.000       3047927.00       189.000000    
   635642.000       3047927.00       189.899994    
   635682.000       3047927.00       190.699997    
   635722.000       3047927.00       190.399994    
   635762.000       3047927.00       190.100006    
   635802.000       3047927.00       190.300003    
   635842.000       3047927.00       190.899994    
   635882.000       3047927.00       191.800003    
   635922.000       3047927.00       192.899994    
   635962.000       3047927.00       194.199997    
   636002.000       3047927.00       195.600006    
   636042.000       3047927.00       197.199997    
   636082.000       3047927.00       199.000000    
   636122.000       3047927.00       201.000000    
   636162.000       3047927.00       203.399994    
   636202.000       3047927.00       206.300003    
   636242.000       3047927.00       210.100006    
   636282.000       3047927.00       214.899994    
   636322.000       3047927.00       220.699997    
   636362.000       3047927.00       227.600006    
   636402.000       3047927.00       235.399994    
   636442.000       3047927.00      -9999.00000    
   636482.000       3047927.00      -9999.00000    
   636522.000       3047927.00       265.091370    
   636562.000       3047927.00       281.467316    
   636602.000       3047927.00       286.922241    
   636642.000       3047927.00      -9999.00000    
   636682.000       3047927.00      -9999.00000    
   636722.000       3047927.00      -9999.00000    
   636762.000       3047927.00      -9999.00000    
   636802.000       3047927.00      -9999.00000    
   636842.000       3047927.00      -9999.00000    
   636882.000       3047927.00      -9999.00000    
   634122.000       3047967.00       257.600006    
   634162.000       3047967.00       257.100006    
   634202.000       3047967.00       255.899994    
   634242.000       3047967.00       254.100006    
   634282.000       3047967.00       251.899994    
   634322.000       3047967.00       250.100006    
   634362.000       3047967.00       247.699997    
   634402.000       3047967.00       244.800003    
   634442.000       3047967.00       241.899994    
   634482.000       3047967.00       238.899994    
   634522.000       3047967.00       235.800003    
   634562.000       3047967.00       232.199997    
   634602.000       3047967.00       228.199997    
   634642.000       3047967.00       223.899994    
   634682.000       3047967.00       219.500000    
   634722.000       3047967.00       214.899994    
   634762.000       3047967.00       210.100006    
   634802.000       3047967.00       205.399994    
   634842.000       3047967.00       201.300003    
   634882.000       3047967.00       197.899994    
   634922.000       3047967.00       195.300003    
   634962.000       3047967.00       193.300003    
   635002.000       3047967.00       191.699997    
   635042.000       3047967.00       190.100006    
   635082.000       3047967.00       188.699997    
   635122.000       3047967.00       187.500000    
   635162.000       3047967.00       186.800003    
   635202.000       3047967.00       186.399994    
   635242.000       3047967.00       186.199997    
   635282.000       3047967.00       186.199997    
   635322.000       3047967.00       186.300003    
   635362.000       3047967.00       186.399994    
   635402.000       3047967.00       186.399994    
   635442.000       3047967.00       186.399994    
   635482.000       3047967.00       186.300003    
   635522.000       3047967.00       186.300003    
   635562.000       3047967.00       186.300003    
   635602.000       3047967.00       186.699997    
   635642.000       3047967.00       187.399994    
   635682.000       3047967.00       188.000000    
   635722.000       3047967.00       187.800003    
   635762.000       3047967.00       187.600006    
   635802.000       3047967.00       188.000000    
   635842.000       3047967.00       188.800003    
   635882.000       3047967.00       189.899994    
   635922.000       3047967.00       191.199997    
   635962.000       3047967.00       192.600006    
   636002.000       3047967.00       194.199997    
   636042.000       3047967.00       195.899994    
   636082.000       3047967.00       197.899994    
   636122.000       3047967.00       200.300003    
   636162.000       3047967.00       203.100006    
   636202.000       3047967.00       206.699997    
   636242.000       3047967.00       211.199997    
   636282.000       3047967.00       216.899994    
   636322.000       3047967.00       223.500000    
   636362.000       3047967.00       230.899994    
   636402.000       3047967.00       239.000000    
   636442.000       3047967.00       247.399994    
   636482.000       3047967.00       255.899994    
   636522.000       3047967.00       263.899994    
   636562.000       3047967.00       276.633484    
   636602.000       3047967.00       280.237549    
   636642.000       3047967.00       278.500000    
   636682.000       3047967.00      -9999.00000    
   636722.000       3047967.00      -9999.00000    
   636762.000       3047967.00      -9999.00000    
   636802.000       3047967.00      -9999.00000    
   636842.000       3047967.00      -9999.00000    
   636882.000       3047967.00      -9999.00000    
   634122.000       3048007.00       252.899994    
   634162.000       3048007.00       252.300003    
   634202.000       3048007.00       250.800003    
   634242.000       3048007.00       248.800003    
   634282.000       3048007.00       246.600006    
   634322.000       3048007.00       244.500000    
   634362.000       3048007.00       241.800003    
   634402.000       3048007.00       238.699997    
   634442.000       3048007.00       235.600006    
   634482.000       3048007.00       232.500000    
   634522.000       3048007.00       229.199997    
   634562.000       3048007.00       225.300003    
   634602.000       3048007.00       221.000000    
   634642.000       3048007.00       216.100006    
   634682.000       3048007.00       211.199997    
   634722.000       3048007.00       206.399994    
   634762.000       3048007.00       201.899994    
   634802.000       3048007.00       198.000000    
   634842.000       3048007.00       194.699997    
   634882.000       3048007.00       192.100006    
   634922.000       3048007.00       190.000000    
   634962.000       3048007.00       188.300003    
   635002.000       3048007.00       186.699997    
   635042.000       3048007.00       185.100006    
   635082.000       3048007.00       183.800003    
   635122.000       3048007.00       183.300003    
   635162.000       3048007.00       183.000000    
   635202.000       3048007.00       183.000000    
   635242.000       3048007.00       183.000000    
   635282.000       3048007.00       183.100006    
   635322.000       3048007.00       183.199997    
   635362.000       3048007.00       183.399994    
   635402.000       3048007.00       183.500000    
   635442.000       3048007.00       183.600006    
   635482.000       3048007.00       183.600006    
   635522.000       3048007.00       183.699997    
   635562.000       3048007.00       183.899994    
   635602.000       3048007.00       184.199997    
   635642.000       3048007.00       184.800003    
   635682.000       3048007.00       185.199997    
   635722.000       3048007.00       185.300003    
   635762.000       3048007.00       185.399994    
   635802.000       3048007.00       186.000000    
   635842.000       3048007.00       186.800003    
   635882.000       3048007.00       188.000000    
   635922.000       3048007.00       189.300003    
   635962.000       3048007.00       190.800003    
   636002.000       3048007.00       192.500000    
   636042.000       3048007.00       194.399994    
   636082.000       3048007.00       196.600006    
   636122.000       3048007.00       199.199997    
   636162.000       3048007.00       202.500000    
   636202.000       3048007.00       206.600006    
   636242.000       3048007.00       211.800003    
   636282.000       3048007.00       218.100006    
   636322.000       3048007.00       225.300003    
   636362.000       3048007.00       233.199997    
   636402.000       3048007.00       241.399994    
   636442.000       3048007.00       249.800003    
   636482.000       3048007.00       258.299988    
   636522.000       3048007.00       266.399994    
   636562.000       3048007.00       273.500000    
   636602.000       3048007.00       279.000000    
   636642.000       3048007.00       282.299988    
   636682.000       3048007.00       283.299988    
   636722.000       3048007.00      -9999.00000    
   636762.000       3048007.00      -9999.00000    
   636802.000       3048007.00      -9999.00000    
   636842.000       3048007.00      -9999.00000    
   636882.000       3048007.00      -9999.00000    
   634122.000       3048047.00       248.000000    
   634162.000       3048047.00       247.399994    
   634202.000       3048047.00       245.699997    
   634242.000       3048047.00       243.699997    
   634282.000       3048047.00       241.500000    
   634322.000       3048047.00       239.199997    
   634362.000       3048047.00       236.600006    
   634402.000       3048047.00       233.500000    
   634442.000       3048047.00       230.199997    
   634482.000       3048047.00       227.100006    
   634522.000       3048047.00       223.500000    
   634562.000       3048047.00       219.300003    
   634602.000       3048047.00       214.500000    
   634642.000       3048047.00       209.300003    
   634682.000       3048047.00       204.000000    
   634722.000       3048047.00       199.000000    
   634762.000       3048047.00       194.699997    
   634802.000       3048047.00       191.399994    
   634842.000       3048047.00       188.899994    
   634882.000       3048047.00       187.000000    
   634922.000       3048047.00       185.300003    
   634962.000       3048047.00       183.899994    
   635002.000       3048047.00       182.500000    
   635042.000       3048047.00       181.100006    
   635082.000       3048047.00       180.100006    
   635122.000       3048047.00       179.800003    
   635162.000       3048047.00       179.800003    
   635202.000       3048047.00       179.899994    
   635242.000       3048047.00       180.100006    
   635282.000       3048047.00       180.199997    
   635322.000       3048047.00       180.399994    
   635362.000       3048047.00       180.600006    
   635402.000       3048047.00       180.800003    
   635442.000       3048047.00       180.899994    
   635482.000       3048047.00       181.000000    
   635522.000       3048047.00       181.100006    
   635562.000       3048047.00       181.300003    
   635602.000       3048047.00       181.699997    
   635642.000       3048047.00       182.100006    
   635682.000       3048047.00       182.600006    
   635722.000       3048047.00       182.899994    
   635762.000       3048047.00       183.300003    
   635802.000       3048047.00       184.000000    
   635842.000       3048047.00       184.899994    
   635882.000       3048047.00       186.100006    
   635922.000       3048047.00       187.399994    
   635962.000       3048047.00       189.000000    
   636002.000       3048047.00       190.699997    
   636042.000       3048047.00       192.600006    
   636082.000       3048047.00       195.000000    
   636122.000       3048047.00       197.899994    
   636162.000       3048047.00       201.500000    
   636202.000       3048047.00       206.000000    
   636242.000       3048047.00       211.600006    
   636282.000       3048047.00       218.399994    
   636322.000       3048047.00       226.100006    
   636362.000       3048047.00       234.399994    
   636402.000       3048047.00       242.699997    
   636442.000       3048047.00       251.000000    
   636482.000       3048047.00       259.500000    
   636522.000       3048047.00       267.899994    
   636562.000       3048047.00       275.600006    
   636602.000       3048047.00       281.899994    
   636642.000       3048047.00       286.100006    
   636682.000       3048047.00       287.700012    
   636722.000       3048047.00       287.500000    
   636762.000       3048047.00      -9999.00000    
   636802.000       3048047.00      -9999.00000    
   636842.000       3048047.00      -9999.00000    
   636882.000       3048047.00      -9999.00000    
   634122.000       3048087.00       243.600006    
   634162.000       3048087.00       242.800003    
   634202.000       3048087.00       241.199997    
   634242.000       3048087.00       239.300003    
   634282.000       3048087.00       237.199997    
   634322.000       3048087.00       234.899994    
   634362.000       3048087.00       232.399994    
   634402.000       3048087.00       229.600006    
   634442.000       3048087.00       226.399994    
   634482.000       3048087.00       222.899994    
   634522.000       3048087.00       218.800003    
   634562.000       3048087.00       214.300003    
   634602.000       3048087.00       209.199997    
   634642.000       3048087.00       203.800003    
   634682.000       3048087.00       198.300003    
   634722.000       3048087.00       193.100006    
   634762.000       3048087.00       189.000000    
   634802.000       3048087.00       186.399994    
   634842.000       3048087.00       184.399994    
   634882.000       3048087.00       182.899994    
   634922.000       3048087.00       181.500000    
   634962.000       3048087.00       180.300003    
   635002.000       3048087.00       179.000000    
   635042.000       3048087.00       177.899994    
   635082.000       3048087.00       177.199997    
   635122.000       3048087.00       177.000000    
   635162.000       3048087.00       177.000000    
   635202.000       3048087.00       177.199997    
   635242.000       3048087.00       177.300003    
   635282.000       3048087.00       177.500000    
   635322.000       3048087.00       177.699997    
   635362.000       3048087.00       177.899994    
   635402.000       3048087.00       178.100006    
   635442.000       3048087.00       178.300003    
   635482.000       3048087.00       178.399994    
   635522.000       3048087.00       178.600006    
   635562.000       3048087.00       178.800003    
   635602.000       3048087.00       179.100006    
   635642.000       3048087.00       179.500000    
   635682.000       3048087.00       180.000000    
   635722.000       3048087.00       180.600006    
   635762.000       3048087.00       181.199997    
   635802.000       3048087.00       182.000000    
   635842.000       3048087.00       183.000000    
   635882.000       3048087.00       184.199997    
   635922.000       3048087.00       185.500000    
   635962.000       3048087.00       187.000000    
   636002.000       3048087.00       188.699997    
   636042.000       3048087.00       190.800003    
   636082.000       3048087.00       193.199997    
   636122.000       3048087.00       196.300003    
   636162.000       3048087.00       200.100006    
   636202.000       3048087.00       204.899994    
   636242.000       3048087.00       210.800003    
   636282.000       3048087.00       217.899994    
   636322.000       3048087.00       225.899994    
   636362.000       3048087.00       234.399994    
   636402.000       3048087.00       242.600006    
   636442.000       3048087.00       251.000000    
   636482.000       3048087.00       259.700012    
   636522.000       3048087.00       268.600006    
   636562.000       3048087.00       277.100006    
   636602.000       3048087.00       284.299988    
   636642.000       3048087.00       289.600006    
   636682.000       3048087.00       292.100006    
   636722.000       3048087.00       292.299988    
   636762.000       3048087.00       292.100006    
   636802.000       3048087.00      -9999.00000    
   636842.000       3048087.00      -9999.00000    
   636882.000       3048087.00      -9999.00000    
   634122.000       3048127.00       240.399994    
   634162.000       3048127.00       239.600006    
   634202.000       3048127.00       237.899994    
   634242.000       3048127.00       235.899994    
   634282.000       3048127.00       233.800003    
   634322.000       3048127.00       231.600006    
   634362.000       3048127.00       229.300003    
   634402.000       3048127.00       226.800003    
   634442.000       3048127.00       223.600006    
   634482.000       3048127.00       219.600006    
   634522.000       3048127.00       215.100006    
   634562.000       3048127.00       210.199997    
   634602.000       3048127.00       205.000000    
   634642.000       3048127.00       199.500000    
   634682.000       3048127.00       194.100006    
   634722.000       3048127.00       189.300003    
   634762.000       3048127.00       185.600006    
   634802.000       3048127.00       183.100006    
   634842.000       3048127.00       181.399994    
   634882.000       3048127.00       180.000000    
   634922.000       3048127.00       178.699997    
   634962.000       3048127.00       177.399994    
   635002.000       3048127.00       176.300003    
   635042.000       3048127.00       175.300003    
   635082.000       3048127.00       174.600006    
   635122.000       3048127.00       174.300003    
   635162.000       3048127.00       174.300003    
   635202.000       3048127.00       174.399994    
   635242.000       3048127.00       174.600006    
   635282.000       3048127.00       174.800003    
   635322.000       3048127.00       175.000000    
   635362.000       3048127.00       175.199997    
   635402.000       3048127.00       175.500000    
   635442.000       3048127.00       175.699997    
   635482.000       3048127.00       175.899994    
   635522.000       3048127.00       176.000000    
   635562.000       3048127.00       176.199997    
   635602.000       3048127.00       176.500000    
   635642.000       3048127.00       176.899994    
   635682.000       3048127.00       177.500000    
   635722.000       3048127.00       178.199997    
   635762.000       3048127.00       179.100006    
   635802.000       3048127.00       180.000000    
   635842.000       3048127.00       181.100006    
   635882.000       3048127.00       182.199997    
   635922.000       3048127.00       183.600006    
   635962.000       3048127.00       185.100006    
   636002.000       3048127.00       186.800003    
   636042.000       3048127.00       188.899994    
   636082.000       3048127.00       191.399994    
   636122.000       3048127.00       194.600006    
   636162.000       3048127.00       198.600006    
   636202.000       3048127.00       203.600006    
   636242.000       3048127.00       209.600006    
   636282.000       3048127.00       216.699997    
   636322.000       3048127.00       224.600006    
   636362.000       3048127.00       233.000000    
   636402.000       3048127.00       241.500000    
   636442.000       3048127.00       250.100006    
   636482.000       3048127.00       259.000000    
   636522.000       3048127.00       268.500000    
   636562.000       3048127.00       277.799988    
   636602.000       3048127.00       286.100006    
   636642.000       3048127.00       292.299988    
   636682.000       3048127.00       295.700012    
   636722.000       3048127.00       296.700012    
   636762.000       3048127.00       297.500000    
   636802.000       3048127.00       301.056763    
   636842.000       3048127.00      -9999.00000    
   636882.000       3048127.00      -9999.00000    
   634122.000       3048167.00       239.100006    
   634162.000       3048167.00       238.100006    
   634202.000       3048167.00       236.199997    
   634242.000       3048167.00       234.000000    
   634282.000       3048167.00       231.600006    
   634322.000       3048167.00       229.100006    
   634362.000       3048167.00       226.699997    
   634402.000       3048167.00       224.399994    
   634442.000       3048167.00       221.199997    
   634482.000       3048167.00       216.699997    
   634522.000       3048167.00       211.800003    
   634562.000       3048167.00       206.699997    
   634602.000       3048167.00       201.500000    
   634642.000       3048167.00       196.199997    
   634682.000       3048167.00       191.199997    
   634722.000       3048167.00       186.899994    
   634762.000       3048167.00       183.500000    
   634802.000       3048167.00       181.199997    
   634842.000       3048167.00       179.500000    
   634882.000       3048167.00       178.100006    
   634922.000       3048167.00       176.699997    
   634962.000       3048167.00       175.300003    
   635002.000       3048167.00       174.100006    
   635042.000       3048167.00       173.000000    
   635082.000       3048167.00       172.199997    
   635122.000       3048167.00       171.699997    
   635162.000       3048167.00       171.600006    
   635202.000       3048167.00       171.800003    
   635242.000       3048167.00       171.899994    
   635282.000       3048167.00       172.100006    
   635322.000       3048167.00       172.199997    
   635362.000       3048167.00       172.500000    
   635402.000       3048167.00       172.800003    
   635442.000       3048167.00       173.100006    
   635482.000       3048167.00       173.300003    
   635522.000       3048167.00       173.500000    
   635562.000       3048167.00       173.699997    
   635602.000       3048167.00       174.000000    
   635642.000       3048167.00       174.399994    
   635682.000       3048167.00       175.000000    
   635722.000       3048167.00       175.899994    
   635762.000       3048167.00       176.899994    
   635802.000       3048167.00       177.899994    
   635842.000       3048167.00       179.000000    
   635882.000       3048167.00       180.300003    
   635922.000       3048167.00       181.699997    
   635962.000       3048167.00       183.199997    
   636002.000       3048167.00       185.000000    
   636042.000       3048167.00       187.199997    
   636082.000       3048167.00       189.800003    
   636122.000       3048167.00       193.100006    
   636162.000       3048167.00       197.199997    
   636202.000       3048167.00       202.300003    
   636242.000       3048167.00       208.399994    
   636282.000       3048167.00       215.500000    
   636322.000       3048167.00       223.199997    
   636362.000       3048167.00       231.500000    
   636402.000       3048167.00       240.000000    
   636442.000       3048167.00       248.899994    
   636482.000       3048167.00       258.200012    
   636522.000       3048167.00       268.299988    
   636562.000       3048167.00       278.500000    
   636602.000       3048167.00       287.399994    
   636642.000       3048167.00       294.100006    
   636682.000       3048167.00       298.100006    
   636722.000       3048167.00       300.299988    
   636762.000       3048167.00       302.399994    
   636802.000       3048167.00       306.100006    
   636842.000       3048167.00       314.228302    
   636882.000       3048167.00      -9999.00000    
   634122.000       3048207.00      -9999.00000    
   634162.000       3048207.00       239.100006    
   634202.000       3048207.00       236.800003    
   634242.000       3048207.00       234.100006    
   634282.000       3048207.00       230.899994    
   634322.000       3048207.00       227.399994    
   634362.000       3048207.00       224.100006    
   634402.000       3048207.00       221.300003    
   634442.000       3048207.00       217.899994    
   634482.000       3048207.00       213.199997    
   634522.000       3048207.00       208.300003    
   634562.000       3048207.00       203.300003    
   634602.000       3048207.00       198.399994    
   634642.000       3048207.00       193.500000    
   634682.000       3048207.00       189.000000    
   634722.000       3048207.00       185.100006    
   634762.000       3048207.00       182.100006    
   634802.000       3048207.00       179.899994    
   634842.000       3048207.00       178.300003    
   634882.000       3048207.00       176.800003    
   634922.000       3048207.00       175.300003    
   634962.000       3048207.00       173.699997    
   635002.000       3048207.00       172.300003    
   635042.000       3048207.00       171.100006    
   635082.000       3048207.00       170.199997    
   635122.000       3048207.00       169.500000    
   635162.000       3048207.00       169.300003    
   635202.000       3048207.00       169.300003    
   635242.000       3048207.00       169.199997    
   635282.000       3048207.00       169.199997    
   635322.000       3048207.00       169.399994    
   635362.000       3048207.00       169.699997    
   635402.000       3048207.00       170.199997    
   635442.000       3048207.00       170.500000    
   635482.000       3048207.00       170.800003    
   635522.000       3048207.00       171.100006    
   635562.000       3048207.00       171.300003    
   635602.000       3048207.00       171.600006    
   635642.000       3048207.00       172.000000    
   635682.000       3048207.00       172.600006    
   635722.000       3048207.00       173.500000    
   635762.000       3048207.00       174.500000    
   635802.000       3048207.00       175.600006    
   635842.000       3048207.00       176.899994    
   635882.000       3048207.00       178.300003    
   635922.000       3048207.00       179.800003    
   635962.000       3048207.00       181.500000    
   636002.000       3048207.00       183.500000    
   636042.000       3048207.00       185.699997    
   636082.000       3048207.00       188.399994    
   636122.000       3048207.00       191.899994    
   636162.000       3048207.00       196.199997    
   636202.000       3048207.00       201.500000    
   636242.000       3048207.00       207.699997    
   636282.000       3048207.00       214.699997    
   636322.000       3048207.00       222.300003    
   636362.000       3048207.00       230.399994    
   636402.000       3048207.00       239.100006    
   636442.000       3048207.00       248.399994    
   636482.000       3048207.00       258.399994    
   636522.000       3048207.00       269.100006    
   636562.000       3048207.00       279.899994    
   636602.000       3048207.00       289.100006    
   636642.000       3048207.00       296.000000    
   636682.000       3048207.00       300.500000    
   636722.000       3048207.00       303.399994    
   636762.000       3048207.00       306.500000    
   636802.000       3048207.00       311.700012    
   636842.000       3048207.00       320.600006    
   636882.000       3048207.00       334.600006    
   634122.000       3048247.00      -9999.00000    
   634162.000       3048247.00       243.300003    
   634202.000       3048247.00       240.699997    
   634242.000       3048247.00       237.000000    
   634282.000       3048247.00       232.199997    
   634322.000       3048247.00       226.600006    
   634362.000       3048247.00       221.300003    
   634402.000       3048247.00       217.199997    
   634442.000       3048247.00       213.399994    
   634482.000       3048247.00       209.199997    
   634522.000       3048247.00       204.600006    
   634562.000       3048247.00       200.100006    
   634602.000       3048247.00       195.600006    
   634642.000       3048247.00       191.199997    
   634682.000       3048247.00       187.100006    
   634722.000       3048247.00       183.600006    
   634762.000       3048247.00       180.800003    
   634802.000       3048247.00       178.800003    
   634842.000       3048247.00       177.100006    
   634882.000       3048247.00       175.699997    
   634922.000       3048247.00       173.899994    
   634962.000       3048247.00       172.100006    
   635002.000       3048247.00       170.500000    
   635042.000       3048247.00       169.300003    
   635082.000       3048247.00       168.500000    
   635122.000       3048247.00       167.899994    
   635162.000       3048247.00       167.300003    
   635202.000       3048247.00       166.699997    
   635242.000       3048247.00       166.199997    
   635282.000       3048247.00       166.100006    
   635322.000       3048247.00       166.399994    
   635362.000       3048247.00       166.899994    
   635402.000       3048247.00       167.399994    
   635442.000       3048247.00       168.000000    
   635482.000       3048247.00       168.300003    
   635522.000       3048247.00       168.600006    
   635562.000       3048247.00       168.899994    
   635602.000       3048247.00       169.100006    
   635642.000       3048247.00       169.600006    
   635682.000       3048247.00       170.199997    
   635722.000       3048247.00       171.100006    
   635762.000       3048247.00       172.100006    
   635802.000       3048247.00       173.399994    
   635842.000       3048247.00       174.899994    
   635882.000       3048247.00       176.399994    
   635922.000       3048247.00       178.100006    
   635962.000       3048247.00       180.000000    
   636002.000       3048247.00       182.199997    
   636042.000       3048247.00       184.600006    
   636082.000       3048247.00       187.500000    
   636122.000       3048247.00       191.199997    
   636162.000       3048247.00       195.899994    
   636202.000       3048247.00       201.500000    
   636242.000       3048247.00       207.800003    
   636282.000       3048247.00       214.699997    
   636322.000       3048247.00       222.199997    
   636362.000       3048247.00       230.300003    
   636402.000       3048247.00       239.000000    
   636442.000       3048247.00       248.600006    
   636482.000       3048247.00       259.399994    
   636522.000       3048247.00       270.899994    
   636562.000       3048247.00       282.200012    
   636602.000       3048247.00       291.799988    
   636642.000       3048247.00       298.799988    
   636682.000       3048247.00       303.200012    
   636722.000       3048247.00       306.100006    
   636762.000       3048247.00       309.500000    
   636802.000       3048247.00       315.299988    
   636842.000       3048247.00       325.000000    
   636882.000       3048247.00       339.899994    
   634122.000       3048287.00      -9999.00000    
   634162.000       3048287.00       250.199997    
   634202.000       3048287.00       247.600006    
   634242.000       3048287.00       242.300003    
   634282.000       3048287.00       235.199997    
   634322.000       3048287.00       227.199997    
   634362.000       3048287.00       219.300003    
   634402.000       3048287.00       213.800003    
   634442.000       3048287.00       209.500000    
   634482.000       3048287.00       205.300003    
   634522.000       3048287.00       201.100006    
   634562.000       3048287.00       197.000000    
   634602.000       3048287.00       192.899994    
   634642.000       3048287.00       189.100006    
   634682.000       3048287.00       185.399994    
   634722.000       3048287.00       182.100006    
   634762.000       3048287.00       179.500000    
   634802.000       3048287.00       177.500000    
   634842.000       3048287.00       175.699997    
   634882.000       3048287.00       174.000000    
   634922.000       3048287.00       172.100006    
   634962.000       3048287.00       170.100006    
   635002.000       3048287.00       168.399994    
   635042.000       3048287.00       167.300003    
   635082.000       3048287.00       166.699997    
   635122.000       3048287.00       166.100006    
   635162.000       3048287.00       164.899994    
   635202.000       3048287.00       163.399994    
   635242.000       3048287.00       162.899994    
   635282.000       3048287.00       163.000000    
   635322.000       3048287.00       163.399994    
   635362.000       3048287.00       164.000000    
   635402.000       3048287.00       164.699997    
   635442.000       3048287.00       165.399994    
   635482.000       3048287.00       165.800003    
   635522.000       3048287.00       166.199997    
   635562.000       3048287.00       166.399994    
   635602.000       3048287.00       166.699997    
   635642.000       3048287.00       167.199997    
   635682.000       3048287.00       167.899994    
   635722.000       3048287.00       168.800003    
   635762.000       3048287.00       169.899994    
   635802.000       3048287.00       171.300003    
   635842.000       3048287.00       172.800003    
   635882.000       3048287.00       174.699997    
   635922.000       3048287.00       176.600006    
   635962.000       3048287.00       178.800003    
   636002.000       3048287.00       181.199997    
   636042.000       3048287.00       184.000000    
   636082.000       3048287.00       187.199997    
   636122.000       3048287.00       191.300003    
   636162.000       3048287.00       196.399994    
   636202.000       3048287.00       202.300003    
   636242.000       3048287.00       208.899994    
   636282.000       3048287.00       215.899994    
   636322.000       3048287.00       223.300003    
   636362.000       3048287.00       231.100006    
   636402.000       3048287.00       239.699997    
   636442.000       3048287.00       249.399994    
   636482.000       3048287.00       260.799988    
   636522.000       3048287.00       273.299988    
   636562.000       3048287.00       285.399994    
   636602.000       3048287.00       295.600006    
   636642.000       3048287.00       302.500000    
   636682.000       3048287.00       306.399994    
   636722.000       3048287.00       308.500000    
   636762.000       3048287.00       311.299988    
   636802.000       3048287.00       316.700012    
   636842.000       3048287.00       332.404938    
   636882.000       3048287.00       345.217773    
   634122.000       3048327.00      -9999.00000    
   634162.000       3048327.00      -9999.00000    
   634202.000       3048327.00      -9999.00000    
   634242.000       3048327.00       247.800003    
   634282.000       3048327.00       239.100006    
   634322.000       3048327.00       229.300003    
   634362.000       3048327.00       219.699997    
   634402.000       3048327.00       212.300003    
   634442.000       3048327.00       206.699997    
   634482.000       3048327.00       202.000000    
   634522.000       3048327.00       197.800003    
   634562.000       3048327.00       194.000000    
   634602.000       3048327.00       190.399994    
   634642.000       3048327.00       186.899994    
   634682.000       3048327.00       183.699997    
   634722.000       3048327.00       180.699997    
   634762.000       3048327.00       178.100006    
   634802.000       3048327.00       175.800003    
   634842.000       3048327.00       173.699997    
   634882.000       3048327.00       171.600006    
   634922.000       3048327.00       169.500000    
   634962.000       3048327.00       167.399994    
   635002.000       3048327.00       165.800003    
   635042.000       3048327.00       164.899994    
   635082.000       3048327.00       164.699997    
   635122.000       3048327.00       163.600006    
   635162.000       3048327.00       161.000000    
   635202.000       3048327.00       159.800003    
   635242.000       3048327.00       159.699997    
   635282.000       3048327.00       160.100006    
   635322.000       3048327.00       160.699997    
   635362.000       3048327.00       161.300003    
   635402.000       3048327.00       162.000000    
   635442.000       3048327.00       162.699997    
   635482.000       3048327.00       163.199997    
   635522.000       3048327.00       163.600006    
   635562.000       3048327.00       163.899994    
   635602.000       3048327.00       164.300003    
   635642.000       3048327.00       164.800003    
   635682.000       3048327.00       165.600006    
   635722.000       3048327.00       166.600006    
   635762.000       3048327.00       167.899994    
   635802.000       3048327.00       169.399994    
   635842.000       3048327.00       171.100006    
   635882.000       3048327.00       173.100006    
   635922.000       3048327.00       175.300003    
   635962.000       3048327.00       177.899994    
   636002.000       3048327.00       180.699997    
   636042.000       3048327.00       183.899994    
   636082.000       3048327.00       187.699997    
   636122.000       3048327.00       192.199997    
   636162.000       3048327.00       197.800003    
   636202.000       3048327.00       204.100006    
   636242.000       3048327.00       210.899994    
   636282.000       3048327.00       218.000000    
   636322.000       3048327.00       225.399994    
   636362.000       3048327.00       233.000000    
   636402.000       3048327.00       241.000000    
   636442.000       3048327.00       250.399994    
   636482.000       3048327.00       262.200012    
   636522.000       3048327.00       275.899994    
   636562.000       3048327.00       289.399994    
   636602.000       3048327.00       300.399994    
   636642.000       3048327.00       307.299988    
   636682.000       3048327.00       310.200012    
   636722.000       3048327.00       310.899994    
   636762.000       3048327.00       312.200012    
   636802.000       3048327.00       328.352539    
   636842.000       3048327.00       347.223083    
   636882.000       3048327.00      -9999.00000    
   634122.000       3048367.00      -9999.00000    
   634162.000       3048367.00      -9999.00000    
   634202.000       3048367.00      -9999.00000    
   634242.000       3048367.00      -9999.00000    
   634282.000       3048367.00       242.000000    
   634322.000       3048367.00       231.500000    
   634362.000       3048367.00       220.800003    
   634402.000       3048367.00       211.500000    
   634442.000       3048367.00       204.500000    
   634482.000       3048367.00       199.000000    
   634522.000       3048367.00       194.600006    
   634562.000       3048367.00       190.899994    
   634602.000       3048367.00       187.600006    
   634642.000       3048367.00       184.500000    
   634682.000       3048367.00       181.699997    
   634722.000       3048367.00       179.000000    
   634762.000       3048367.00       176.300003    
   634802.000       3048367.00       173.699997    
   634842.000       3048367.00       171.300003    
   634882.000       3048367.00       168.899994    
   634922.000       3048367.00       166.500000    
   634962.000       3048367.00       164.300003    
   635002.000       3048367.00       162.699997    
   635042.000       3048367.00       161.899994    
   635082.000       3048367.00       163.000000    
   635122.000       3048367.00       162.899994    
   635162.000       3048367.00       159.399994    
   635202.000       3048367.00       158.199997    
   635242.000       3048367.00       157.899994    
   635282.000       3048367.00       158.100006    
   635322.000       3048367.00       158.399994    
   635362.000       3048367.00       158.899994    
   635402.000       3048367.00       159.399994    
   635442.000       3048367.00       159.899994    
   635482.000       3048367.00       160.500000    
   635522.000       3048367.00       161.000000    
   635562.000       3048367.00       161.500000    
   635602.000       3048367.00       162.000000    
   635642.000       3048367.00       162.699997    
   635682.000       3048367.00       163.500000    
   635722.000       3048367.00       164.699997    
   635762.000       3048367.00       165.899994    
   635802.000       3048367.00       167.500000    
   635842.000       3048367.00       169.500000    
   635882.000       3048367.00       171.699997    
   635922.000       3048367.00       174.300003    
   635962.000       3048367.00       177.199997    
   636002.000       3048367.00       180.500000    
   636042.000       3048367.00       184.300003    
   636082.000       3048367.00       188.600006    
   636122.000       3048367.00       193.699997    
   636162.000       3048367.00       199.800003    
   636202.000       3048367.00       206.500000    
   636242.000       3048367.00       213.600006    
   636282.000       3048367.00       220.899994    
   636322.000       3048367.00       228.199997    
   636362.000       3048367.00       235.600006    
   636402.000       3048367.00       243.199997    
   636442.000       3048367.00       251.800003    
   636482.000       3048367.00       263.500000    
   636522.000       3048367.00       278.399994    
   636562.000       3048367.00       293.899994    
   636602.000       3048367.00       306.200012    
   636642.000       3048367.00       312.899994    
   636682.000       3048367.00       314.200012    
   636722.000       3048367.00       312.500000    
   636762.000       3048367.00       325.762329    
   636802.000       3048367.00       343.400635    
   636842.000       3048367.00      -9999.00000    
   636882.000       3048367.00      -9999.00000    
   634122.000       3048407.00      -9999.00000    
   634162.000       3048407.00      -9999.00000    
   634202.000       3048407.00      -9999.00000    
   634242.000       3048407.00      -9999.00000    
   634282.000       3048407.00      -9999.00000    
   634322.000       3048407.00       231.399994    
   634362.000       3048407.00       219.600006    
   634402.000       3048407.00       209.199997    
   634442.000       3048407.00       201.500000    
   634482.000       3048407.00       195.600006    
   634522.000       3048407.00       191.000000    
   634562.000       3048407.00       187.300003    
   634602.000       3048407.00       184.199997    
   634642.000       3048407.00       181.500000    
   634682.000       3048407.00       179.100006    
   634722.000       3048407.00       176.699997    
   634762.000       3048407.00       173.800003    
   634802.000       3048407.00       171.000000    
   634842.000       3048407.00       168.199997    
   634882.000       3048407.00       165.600006    
   634922.000       3048407.00       163.199997    
   634962.000       3048407.00       161.100006    
   635002.000       3048407.00       159.600006    
   635042.000       3048407.00       159.000000    
   635082.000       3048407.00       160.600006    
   635122.000       3048407.00       161.600006    
   635162.000       3048407.00       160.100006    
   635202.000       3048407.00       158.699997    
   635242.000       3048407.00       158.100006    
   635282.000       3048407.00       157.100006    
   635322.000       3048407.00       156.600006    
   635362.000       3048407.00       156.600006    
   635402.000       3048407.00       156.800003    
   635442.000       3048407.00       157.199997    
   635482.000       3048407.00       157.800003    
   635522.000       3048407.00       158.399994    
   635562.000       3048407.00       159.100006    
   635602.000       3048407.00       159.800003    
   635642.000       3048407.00       160.600006    
   635682.000       3048407.00       161.600006    
   635722.000       3048407.00       162.800003    
   635762.000       3048407.00       164.199997    
   635802.000       3048407.00       165.899994    
   635842.000       3048407.00       168.100006    
   635882.000       3048407.00       170.500000    
   635922.000       3048407.00       173.399994    
   635962.000       3048407.00       176.699997    
   636002.000       3048407.00       180.500000    
   636042.000       3048407.00       184.699997    
   636082.000       3048407.00       189.500000    
   636122.000       3048407.00       195.199997    
   636162.000       3048407.00       201.800003    
   636202.000       3048407.00       208.899994    
   636242.000       3048407.00       216.399994    
   636282.000       3048407.00       224.000000    
   636322.000       3048407.00       231.399994    
   636362.000       3048407.00       238.600006    
   636402.000       3048407.00       245.500000    
   636442.000       3048407.00       252.800003    
   636482.000       3048407.00       263.299988    
   636522.000       3048407.00       279.899994    
   636562.000       3048407.00       298.200012    
   636602.000       3048407.00       312.299988    
   636642.000       3048407.00       318.500000    
   636682.000       3048407.00       317.500000    
   636722.000       3048407.00       325.618195    
   636762.000       3048407.00      -9999.00000    
   636802.000       3048407.00      -9999.00000    
   636842.000       3048407.00      -9999.00000    
   636882.000       3048407.00      -9999.00000    
   634122.000       3048447.00      -9999.00000    
   634162.000       3048447.00      -9999.00000    
   634202.000       3048447.00      -9999.00000    
   634242.000       3048447.00      -9999.00000    
   634282.000       3048447.00      -9999.00000    
   634322.000       3048447.00      -9999.00000    
   634362.000       3048447.00       214.100006    
   634402.000       3048447.00       204.100006    
   634442.000       3048447.00       196.899994    
   634482.000       3048447.00       191.199997    
   634522.000       3048447.00       186.600006    
   634562.000       3048447.00       182.899994    
   634602.000       3048447.00       180.100006    
   634642.000       3048447.00       177.699997    
   634682.000       3048447.00       175.699997    
   634722.000       3048447.00       173.399994    
   634762.000       3048447.00       170.600006    
   634802.000       3048447.00       167.699997    
   634842.000       3048447.00       164.699997    
   634882.000       3048447.00       162.000000    
   634922.000       3048447.00       159.600006    
   634962.000       3048447.00       157.600006    
   635002.000       3048447.00       156.399994    
   635042.000       3048447.00       156.199997    
   635082.000       3048447.00       157.100006    
   635122.000       3048447.00       157.000000    
   635162.000       3048447.00       155.699997    
   635202.000       3048447.00       156.600006    
   635242.000       3048447.00       157.899994    
   635282.000       3048447.00       155.699997    
   635322.000       3048447.00       154.500000    
   635362.000       3048447.00       154.300003    
   635402.000       3048447.00       154.500000    
   635442.000       3048447.00       154.699997    
   635482.000       3048447.00       155.199997    
   635522.000       3048447.00       155.899994    
   635562.000       3048447.00       156.800003    
   635602.000       3048447.00       157.600006    
   635642.000       3048447.00       158.399994    
   635682.000       3048447.00       159.600006    
   635722.000       3048447.00       161.000000    
   635762.000       3048447.00       162.600006    
   635802.000       3048447.00       164.500000    
   635842.000       3048447.00       166.699997    
   635882.000       3048447.00       169.500000    
   635922.000       3048447.00       172.600006    
   635962.000       3048447.00       176.199997    
   636002.000       3048447.00       180.300003    
   636042.000       3048447.00       184.800003    
   636082.000       3048447.00       190.000000    
   636122.000       3048447.00       196.100006    
   636162.000       3048447.00       203.100006    
   636202.000       3048447.00       210.800003    
   636242.000       3048447.00       218.600006    
   636282.000       3048447.00       226.399994    
   636322.000       3048447.00       234.000000    
   636362.000       3048447.00       241.199997    
   636402.000       3048447.00       247.399994    
   636442.000       3048447.00       254.371628    
   636482.000       3048447.00       267.571594    
   636522.000       3048447.00      -9999.00000    
   636562.000       3048447.00      -9999.00000    
   636602.000       3048447.00      -9999.00000    
   636642.000       3048447.00      -9999.00000    
   636682.000       3048447.00      -9999.00000    
   636722.000       3048447.00      -9999.00000    
   636762.000       3048447.00      -9999.00000    
   636802.000       3048447.00      -9999.00000    
   636842.000       3048447.00      -9999.00000    
   636882.000       3048447.00      -9999.00000    
   634122.000       3048487.00      -9999.00000    
   634162.000       3048487.00      -9999.00000    
   634202.000       3048487.00      -9999.00000    
   634242.000       3048487.00      -9999.00000    
   634282.000       3048487.00      -9999.00000    
   634322.000       3048487.00      -9999.00000    
   634362.000       3048487.00       206.000000    
   634402.000       3048487.00       196.699997    
   634442.000       3048487.00       190.600006    
   634482.000       3048487.00       185.399994    
   634522.000       3048487.00       181.000000    
   634562.000       3048487.00       177.699997    
   634602.000       3048487.00       174.699997    
   634642.000       3048487.00       172.699997    
   634682.000       3048487.00       171.000000    
   634722.000       3048487.00       169.100006    
   634762.000       3048487.00       166.399994    
   634802.000       3048487.00       163.399994    
   634842.000       3048487.00       160.600006    
   634882.000       3048487.00       157.899994    
   634922.000       3048487.00       155.699997    
   634962.000       3048487.00       153.899994    
   635002.000       3048487.00       152.699997    
   635042.000       3048487.00       152.500000    
   635082.000       3048487.00       153.000000    
   635122.000       3048487.00       153.800003    
   635162.000       3048487.00       156.600006    
   635202.000       3048487.00       157.699997    
   635242.000       3048487.00       154.300003    
   635282.000       3048487.00       151.899994    
   635322.000       3048487.00       151.500000    
   635362.000       3048487.00       152.000000    
   635402.000       3048487.00       152.300003    
   635442.000       3048487.00       152.500000    
   635482.000       3048487.00       152.800003    
   635522.000       3048487.00       153.699997    
   635562.000       3048487.00       154.699997    
   635602.000       3048487.00       155.500000    
   635642.000       3048487.00       156.500000    
   635682.000       3048487.00       157.899994    
   635722.000       3048487.00       159.399994    
   635762.000       3048487.00       161.199997    
   635802.000       3048487.00       163.199997    
   635842.000       3048487.00       165.600006    
   635882.000       3048487.00       168.300003    
   635922.000       3048487.00       171.699997    
   635962.000       3048487.00       175.500000    
   636002.000       3048487.00       179.800003    
   636042.000       3048487.00       184.500000    
   636082.000       3048487.00       189.800003    
   636122.000       3048487.00       196.000000    
   636162.000       3048487.00       203.300003    
   636202.000       3048487.00       211.300003    
   636242.000       3048487.00       219.399994    
   636282.000       3048487.00       227.199997    
   636322.000       3048487.00       235.100006    
   636362.000       3048487.00       242.600006    
   636402.000       3048487.00       248.899994    
   636442.000       3048487.00       253.399994    
   636482.000       3048487.00      -9999.00000    
   636522.000       3048487.00      -9999.00000    
   636562.000       3048487.00      -9999.00000    
   636602.000       3048487.00      -9999.00000    
   636642.000       3048487.00      -9999.00000    
   636682.000       3048487.00      -9999.00000    
   636722.000       3048487.00      -9999.00000    
   636762.000       3048487.00      -9999.00000    
   636802.000       3048487.00      -9999.00000    
   636842.000       3048487.00      -9999.00000    
   636882.000       3048487.00      -9999.00000    
   634122.000       3048527.00      -9999.00000    
   634162.000       3048527.00      -9999.00000    
   634202.000       3048527.00      -9999.00000    
   634242.000       3048527.00      -9999.00000    
   634282.000       3048527.00      -9999.00000    
   634322.000       3048527.00      -9999.00000    
   634362.000       3048527.00      -9999.00000    
   634402.000       3048527.00       188.699997    
   634442.000       3048527.00       182.800003    
   634482.000       3048527.00       178.000000    
   634522.000       3048527.00       173.899994    
   634562.000       3048527.00       170.600006    
   634602.000       3048527.00       168.300003    
   634642.000       3048527.00       166.500000    
   634682.000       3048527.00       164.899994    
   634722.000       3048527.00       163.100006    
   634762.000       3048527.00       160.800003    
   634802.000       3048527.00       158.300003    
   634842.000       3048527.00       155.800003    
   634882.000       3048527.00       153.500000    
   634922.000       3048527.00       151.399994    
   634962.000       3048527.00       149.699997    
   635002.000       3048527.00       148.500000    
   635042.000       3048527.00       148.000000    
   635082.000       3048527.00       148.000000    
   635122.000       3048527.00       148.500000    
   635162.000       3048527.00       149.199997    
   635202.000       3048527.00       149.000000    
   635242.000       3048527.00       147.800003    
   635282.000       3048527.00       146.699997    
   635322.000       3048527.00       148.500000    
   635362.000       3048527.00       149.899994    
   635402.000       3048527.00       150.800003    
   635442.000       3048527.00       151.000000    
   635482.000       3048527.00       150.899994    
   635522.000       3048527.00       151.500000    
   635562.000       3048527.00       152.399994    
   635602.000       3048527.00       153.199997    
   635642.000       3048527.00       154.399994    
   635682.000       3048527.00       156.000000    
   635722.000       3048527.00       158.000000    
   635762.000       3048527.00       159.899994    
   635802.000       3048527.00       161.899994    
   635842.000       3048527.00       164.300003    
   635882.000       3048527.00       167.199997    
   635922.000       3048527.00       170.699997    
   635962.000       3048527.00       174.500000    
   636002.000       3048527.00       178.800003    
   636042.000       3048527.00       183.399994    
   636082.000       3048527.00       188.699997    
   636122.000       3048527.00       194.699997    
   636162.000       3048527.00       201.800003    
   636202.000       3048527.00       209.800003    
   636242.000       3048527.00       217.899994    
   636282.000       3048527.00       225.800003    
   636322.000       3048527.00       233.600006    
   636362.000       3048527.00       241.000000    
   636402.000       3048527.00       247.100006    
   636442.000       3048527.00       251.300003    
   636482.000       3048527.00       262.920654    
   636522.000       3048527.00      -9999.00000    
   636562.000       3048527.00      -9999.00000    
   636602.000       3048527.00      -9999.00000    
   636642.000       3048527.00      -9999.00000    
   636682.000       3048527.00       318.310486    
   636722.000       3048527.00       323.574097    
   636762.000       3048527.00       328.353546    
   636802.000       3048527.00       332.564240    
   636842.000       3048527.00      -9999.00000    
   636882.000       3048527.00      -9999.00000    
   634122.000       3048567.00      -9999.00000    
   634162.000       3048567.00      -9999.00000    
   634202.000       3048567.00      -9999.00000    
   634242.000       3048567.00      -9999.00000    
   634282.000       3048567.00      -9999.00000    
   634322.000       3048567.00      -9999.00000    
   634362.000       3048567.00      -9999.00000    
   634402.000       3048567.00       180.300003    
   634442.000       3048567.00       174.399994    
   634482.000       3048567.00       169.699997    
   634522.000       3048567.00       165.699997    
   634562.000       3048567.00       162.699997    
   634602.000       3048567.00       160.600006    
   634642.000       3048567.00       159.100006    
   634682.000       3048567.00       157.800003    
   634722.000       3048567.00       156.100006    
   634762.000       3048567.00       154.300003    
   634802.000       3048567.00       152.500000    
   634842.000       3048567.00       150.699997    
   634882.000       3048567.00       148.899994    
   634922.000       3048567.00       147.100006    
   634962.000       3048567.00       145.399994    
   635002.000       3048567.00       144.100006    
   635042.000       3048567.00       143.300003    
   635082.000       3048567.00       142.800003    
   635122.000       3048567.00       142.100006    
   635162.000       3048567.00       141.100006    
   635202.000       3048567.00       141.000000    
   635242.000       3048567.00       142.500000    
   635282.000       3048567.00       144.100006    
   635322.000       3048567.00       146.399994    
   635362.000       3048567.00       147.800003    
   635402.000       3048567.00       149.899994    
   635442.000       3048567.00       149.000000    
   635482.000       3048567.00       148.899994    
   635522.000       3048567.00       149.000000    
   635562.000       3048567.00       149.500000    
   635602.000       3048567.00       150.699997    
   635642.000       3048567.00       152.500000    
   635682.000       3048567.00       154.500000    
   635722.000       3048567.00       156.600006    
   635762.000       3048567.00       158.800003    
   635802.000       3048567.00       160.899994    
   635842.000       3048567.00       163.199997    
   635882.000       3048567.00       166.100006    
   635922.000       3048567.00       169.600006    
   635962.000       3048567.00       173.399994    
   636002.000       3048567.00       177.500000    
   636042.000       3048567.00       181.899994    
   636082.000       3048567.00       186.800003    
   636122.000       3048567.00       192.500000    
   636162.000       3048567.00       199.000000    
   636202.000       3048567.00       206.600006    
   636242.000       3048567.00       214.500000    
   636282.000       3048567.00       222.199997    
   636322.000       3048567.00       229.600006    
   636362.000       3048567.00       236.199997    
   636402.000       3048567.00       241.399994    
   636442.000       3048567.00       245.300003    
   636482.000       3048567.00       252.824905    
   636522.000       3048567.00       264.701569    
   636562.000       3048567.00      -9999.00000    
   636602.000       3048567.00      -9999.00000    
   636642.000       3048567.00      -9999.00000    
   636682.000       3048567.00       301.079071    
   636722.000       3048567.00       306.576935    
   636762.000       3048567.00       311.199219    
   636802.000       3048567.00       314.861633    
   636842.000       3048567.00      -9999.00000    
   636882.000       3048567.00      -9999.00000    
   634122.000       3048607.00      -9999.00000    
   634162.000       3048607.00      -9999.00000    
   634202.000       3048607.00      -9999.00000    
   634242.000       3048607.00      -9999.00000    
   634282.000       3048607.00      -9999.00000    
   634322.000       3048607.00      -9999.00000    
   634362.000       3048607.00      -9999.00000    
   634402.000       3048607.00      -9999.00000    
   634442.000       3048607.00       168.364883    
   634482.000       3048607.00       161.054459    
   634522.000       3048607.00       156.300003    
   634562.000       3048607.00       153.800003    
   634602.000       3048607.00       151.699997    
   634642.000       3048607.00       150.500000    
   634682.000       3048607.00       149.600006    
   634722.000       3048607.00       148.699997    
   634762.000       3048607.00       147.899994    
   634802.000       3048607.00       146.899994    
   634842.000       3048607.00       145.699997    
   634882.000       3048607.00       144.500000    
   634922.000       3048607.00       143.000000    
   634962.000       3048607.00       141.300003    
   635002.000       3048607.00       139.899994    
   635042.000       3048607.00       138.800003    
   635082.000       3048607.00       138.100006    
   635122.000       3048607.00       137.500000    
   635162.000       3048607.00       136.899994    
   635202.000       3048607.00       137.500000    
   635242.000       3048607.00       139.800003    
   635282.000       3048607.00       142.300003    
   635322.000       3048607.00       143.600006    
   635362.000       3048607.00       143.800003    
   635402.000       3048607.00       139.699997    
   635442.000       3048607.00       145.899994    
   635482.000       3048607.00       146.399994    
   635522.000       3048607.00       146.600006    
   635562.000       3048607.00       147.199997    
   635602.000       3048607.00       148.699997    
   635642.000       3048607.00       150.800003    
   635682.000       3048607.00       153.199997    
   635722.000       3048607.00       155.500000    
   635762.000       3048607.00       157.699997    
   635802.000       3048607.00       159.800003    
   635842.000       3048607.00       162.199997    
   635882.000       3048607.00       165.100006    
   635922.000       3048607.00       168.500000    
   635962.000       3048607.00       172.199997    
   636002.000       3048607.00       176.100006    
   636042.000       3048607.00       180.300003    
   636082.000       3048607.00       184.899994    
   636122.000       3048607.00       190.000000    
   636162.000       3048607.00       195.800003    
   636202.000       3048607.00       203.000000    
   636242.000       3048607.00       210.300003    
   636282.000       3048607.00       217.500000    
   636322.000       3048607.00       224.000000    
   636362.000       3048607.00       229.800003    
   636402.000       3048607.00       234.399994    
   636442.000       3048607.00       237.699997    
   636482.000       3048607.00       240.300003    
   636522.000       3048607.00       246.410599    
   636562.000       3048607.00       255.339142    
   636602.000       3048607.00       263.708191    
   636642.000       3048607.00       271.273193    
   636682.000       3048607.00       278.059479    
   636722.000       3048607.00       284.079346    
   636762.000       3048607.00       289.143524    
   636802.000       3048607.00      -9999.00000    
   636842.000       3048607.00      -9999.00000    
   636882.000       3048607.00      -9999.00000    
   634122.000       3048647.00      -9999.00000    
   634162.000       3048647.00      -9999.00000    
   634202.000       3048647.00      -9999.00000    
   634242.000       3048647.00      -9999.00000    
   634282.000       3048647.00      -9999.00000    
   634322.000       3048647.00      -9999.00000    
   634362.000       3048647.00      -9999.00000    
   634402.000       3048647.00      -9999.00000    
   634442.000       3048647.00       166.632828    
   634482.000       3048647.00       159.263626    
   634522.000       3048647.00       151.333115    
   634562.000       3048647.00       143.500000    
   634602.000       3048647.00       142.100006    
   634642.000       3048647.00       141.500000    
   634682.000       3048647.00       141.199997    
   634722.000       3048647.00       141.100006    
   634762.000       3048647.00       141.199997    
   634802.000       3048647.00       141.199997    
   634842.000       3048647.00       140.899994    
   634882.000       3048647.00       140.600006    
   634922.000       3048647.00       139.600006    
   634962.000       3048647.00       137.800003    
   635002.000       3048647.00       136.500000    
   635042.000       3048647.00       135.199997    
   635082.000       3048647.00       134.600006    
   635122.000       3048647.00       134.300003    
   635162.000       3048647.00       134.399994    
   635202.000       3048647.00       135.199997    
   635242.000       3048647.00       137.199997    
   635282.000       3048647.00       139.300003    
   635322.000       3048647.00       140.199997    
   635362.000       3048647.00       141.399994    
   635402.000       3048647.00       142.600006    
   635442.000       3048647.00       143.300003    
   635482.000       3048647.00       143.399994    
   635522.000       3048647.00       143.899994    
   635562.000       3048647.00       145.199997    
   635602.000       3048647.00       147.100006    
   635642.000       3048647.00       149.500000    
   635682.000       3048647.00       152.100006    
   635722.000       3048647.00       154.399994    
   635762.000       3048647.00       156.699997    
   635802.000       3048647.00       158.899994    
   635842.000       3048647.00       161.300003    
   635882.000       3048647.00       164.300003    
   635922.000       3048647.00       167.600006    
   635962.000       3048647.00       171.300003    
   636002.000       3048647.00       175.100006    
   636042.000       3048647.00       179.100006    
   636082.000       3048647.00       183.399994    
   636122.000       3048647.00       188.100006    
   636162.000       3048647.00       193.500000    
   636202.000       3048647.00       199.800003    
   636242.000       3048647.00       206.300003    
   636282.000       3048647.00       212.500000    
   636322.000       3048647.00       218.300003    
   636362.000       3048647.00       223.300003    
   636402.000       3048647.00       227.500000    
   636442.000       3048647.00       230.600006    
   636482.000       3048647.00       232.500000    
   636522.000       3048647.00       234.300003    
   636562.000       3048647.00       237.500000    
   636602.000       3048647.00       242.899994    
   636642.000       3048647.00       248.199997    
   636682.000       3048647.00       251.199997    
   636722.000       3048647.00       258.094269    
   636762.000       3048647.00       264.094635    
   636802.000       3048647.00       268.404663    
   636842.000       3048647.00      -9999.00000    
   636882.000       3048647.00      -9999.00000    
   634122.000       3048687.00      -9999.00000    
   634162.000       3048687.00      -9999.00000    
   634202.000       3048687.00      -9999.00000    
   634242.000       3048687.00      -9999.00000    
   634282.000       3048687.00      -9999.00000    
   634322.000       3048687.00      -9999.00000    
   634362.000       3048687.00      -9999.00000    
   634402.000       3048687.00      -9999.00000    
   634442.000       3048687.00      -9999.00000    
   634482.000       3048687.00      -9999.00000    
   634522.000       3048687.00       146.783218    
   634562.000       3048687.00       136.607361    
   634602.000       3048687.00       131.899994    
   634642.000       3048687.00       131.899994    
   634682.000       3048687.00       132.199997    
   634722.000       3048687.00       132.600006    
   634762.000       3048687.00       133.199997    
   634802.000       3048687.00       134.100006    
   634842.000       3048687.00       134.800003    
   634882.000       3048687.00       135.699997    
   634922.000       3048687.00       136.100006    
   634962.000       3048687.00       134.800003    
   635002.000       3048687.00       133.899994    
   635042.000       3048687.00       133.399994    
   635082.000       3048687.00       133.199997    
   635122.000       3048687.00       132.300003    
   635162.000       3048687.00       133.100006    
   635202.000       3048687.00       133.300003    
   635242.000       3048687.00       134.199997    
   635282.000       3048687.00       133.500000    
   635322.000       3048687.00       135.899994    
   635362.000       3048687.00       137.600006    
   635402.000       3048687.00       136.899994    
   635442.000       3048687.00       138.300003    
   635482.000       3048687.00       139.699997    
   635522.000       3048687.00       141.300003    
   635562.000       3048687.00       143.100006    
   635602.000       3048687.00       145.300003    
   635642.000       3048687.00       148.199997    
   635682.000       3048687.00       151.000000    
   635722.000       3048687.00       153.500000    
   635762.000       3048687.00       155.800003    
   635802.000       3048687.00       158.000000    
   635842.000       3048687.00       160.699997    
   635882.000       3048687.00       163.600006    
   635922.000       3048687.00       167.000000    
   635962.000       3048687.00       170.600006    
   636002.000       3048687.00       174.399994    
   636042.000       3048687.00       178.300003    
   636082.000       3048687.00       182.500000    
   636122.000       3048687.00       187.000000    
   636162.000       3048687.00       192.000000    
   636202.000       3048687.00       197.399994    
   636242.000       3048687.00       203.000000    
   636282.000       3048687.00       208.300003    
   636322.000       3048687.00       213.100006    
   636362.000       3048687.00       217.600006    
   636402.000       3048687.00       221.600006    
   636442.000       3048687.00       224.699997    
   636482.000       3048687.00       226.899994    
   636522.000       3048687.00       228.899994    
   636562.000       3048687.00       231.600006    
   636602.000       3048687.00       235.399994    
   636642.000       3048687.00       239.300003    
   636682.000       3048687.00       242.399994    
   636722.000       3048687.00       244.500000    
   636762.000       3048687.00       246.399994    
   636802.000       3048687.00       249.100006    
   636842.000       3048687.00      -9999.00000    
   636882.000       3048687.00      -9999.00000    
   634122.000       3048727.00      -9999.00000    
   634162.000       3048727.00      -9999.00000    
   634202.000       3048727.00      -9999.00000    
   634242.000       3048727.00      -9999.00000    
   634282.000       3048727.00      -9999.00000    
   634322.000       3048727.00      -9999.00000    
   634362.000       3048727.00      -9999.00000    
   634402.000       3048727.00      -9999.00000    
   634442.000       3048727.00      -9999.00000    
   634482.000       3048727.00      -9999.00000    
   634522.000       3048727.00      -9999.00000    
   634562.000       3048727.00       129.579788    
   634602.000       3048727.00       120.771446    
   634642.000       3048727.00       121.800003    
   634682.000       3048727.00       123.000000    
   634722.000       3048727.00       124.000000    
   634762.000       3048727.00       125.000000    
   634802.000       3048727.00       126.000000    
   634842.000       3048727.00       127.099998    
   634882.000       3048727.00       129.000000    
   634922.000       3048727.00       131.300003    
   634962.000       3048727.00       132.600006    
   635002.000       3048727.00       131.199997    
   635042.000       3048727.00       132.199997    
   635082.000       3048727.00       131.100006    
   635122.000       3048727.00       131.199997    
   635162.000       3048727.00       131.199997    
   635202.000       3048727.00       129.699997    
   635242.000       3048727.00       130.199997    
   635282.000       3048727.00       131.100006    
   635322.000       3048727.00       131.899994    
   635362.000       3048727.00       134.699997    
   635402.000       3048727.00       135.199997    
   635442.000       3048727.00       136.000000    
   635482.000       3048727.00       137.399994    
   635522.000       3048727.00       139.199997    
   635562.000       3048727.00       141.100006    
   635602.000       3048727.00       143.300003    
   635642.000       3048727.00       146.600006    
   635682.000       3048727.00       149.800003    
   635722.000       3048727.00       152.399994    
   635762.000       3048727.00       154.800003    
   635802.000       3048727.00       157.300003    
   635842.000       3048727.00       160.000000    
   635882.000       3048727.00       163.100006    
   635922.000       3048727.00       166.500000    
   635962.000       3048727.00       170.199997    
   636002.000       3048727.00       174.100006    
   636042.000       3048727.00       178.000000    
   636082.000       3048727.00       182.100006    
   636122.000       3048727.00       186.500000    
   636162.000       3048727.00       191.100006    
   636202.000       3048727.00       195.899994    
   636242.000       3048727.00       200.600006    
   636282.000       3048727.00       205.199997    
   636322.000       3048727.00       209.399994    
   636362.000       3048727.00       213.399994    
   636402.000       3048727.00       217.399994    
   636442.000       3048727.00       220.699997    
   636482.000       3048727.00       223.399994    
   636522.000       3048727.00       225.800003    
   636562.000       3048727.00       228.300003    
   636602.000       3048727.00       231.300003    
   636642.000       3048727.00       234.500000    
   636682.000       3048727.00       237.500000    
   636722.000       3048727.00       239.899994    
   636762.000       3048727.00       242.500000    
   636802.000       3048727.00       245.600006    
   636842.000       3048727.00      -9999.00000    
   636882.000       3048727.00      -9999.00000    
   634122.000       3048767.00      -9999.00000    
   634162.000       3048767.00      -9999.00000    
   634202.000       3048767.00      -9999.00000    
   634242.000       3048767.00      -9999.00000    
   634282.000       3048767.00      -9999.00000    
   634322.000       3048767.00      -9999.00000    
   634362.000       3048767.00      -9999.00000    
   634402.000       3048767.00      -9999.00000    
   634442.000       3048767.00      -9999.00000    
   634482.000       3048767.00      -9999.00000    
   634522.000       3048767.00      -9999.00000    
   634562.000       3048767.00      -9999.00000    
   634602.000       3048767.00       114.618851    
   634642.000       3048767.00      -9999.00000    
   634682.000       3048767.00       113.300003    
   634722.000       3048767.00       115.000000    
   634762.000       3048767.00       116.599998    
   634802.000       3048767.00       118.300003    
   634842.000       3048767.00       120.099998    
   634882.000       3048767.00       123.099998    
   634922.000       3048767.00       125.400002    
   634962.000       3048767.00       127.900002    
   635002.000       3048767.00       129.899994    
   635042.000       3048767.00       130.000000    
   635082.000       3048767.00       130.399994    
   635122.000       3048767.00       127.900002    
   635162.000       3048767.00       128.399994    
   635202.000       3048767.00       125.800003    
   635242.000       3048767.00       126.199997    
   635282.000       3048767.00       127.800003    
   635322.000       3048767.00       128.699997    
   635362.000       3048767.00       129.500000    
   635402.000       3048767.00       131.199997    
   635442.000       3048767.00       134.100006    
   635482.000       3048767.00       135.699997    
   635522.000       3048767.00       137.399994    
   635562.000       3048767.00       139.199997    
   635602.000       3048767.00       141.300003    
   635642.000       3048767.00       144.399994    
   635682.000       3048767.00       148.000000    
   635722.000       3048767.00       151.100006    
   635762.000       3048767.00       153.899994    
   635802.000       3048767.00       156.699997    
   635842.000       3048767.00       159.600006    
   635882.000       3048767.00       162.899994    
   635922.000       3048767.00       166.300003    
   635962.000       3048767.00       170.100006    
   636002.000       3048767.00       174.000000    
   636042.000       3048767.00       178.000000    
   636082.000       3048767.00       182.199997    
   636122.000       3048767.00       186.500000    
   636162.000       3048767.00       190.899994    
   636202.000       3048767.00       195.199997    
   636242.000       3048767.00       199.399994    
   636282.000       3048767.00       203.300003    
   636322.000       3048767.00       207.199997    
   636362.000       3048767.00       211.000000    
   636402.000       3048767.00       214.800003    
   636442.000       3048767.00       218.300003    
   636482.000       3048767.00       221.500000    
   636522.000       3048767.00       224.399994    
   636562.000       3048767.00       226.899994    
   636602.000       3048767.00       229.500000    
   636642.000       3048767.00       232.199997    
   636682.000       3048767.00       235.000000    
   636722.000       3048767.00       237.600006    
   636762.000       3048767.00       240.300003    
   636802.000       3048767.00       243.300003    
   636842.000       3048767.00       246.899994    
   636882.000       3048767.00      -9999.00000    
   634122.000       3048807.00      -9999.00000    
   634162.000       3048807.00      -9999.00000    
   634202.000       3048807.00      -9999.00000    
   634242.000       3048807.00      -9999.00000    
   634282.000       3048807.00      -9999.00000    
   634322.000       3048807.00      -9999.00000    
   634362.000       3048807.00      -9999.00000    
   634402.000       3048807.00      -9999.00000    
   634442.000       3048807.00      -9999.00000    
   634482.000       3048807.00      -9999.00000    
   634522.000       3048807.00      -9999.00000    
   634562.000       3048807.00      -9999.00000    
   634602.000       3048807.00      -9999.00000    
   634642.000       3048807.00      -9999.00000    
   634682.000       3048807.00      -9999.00000    
   634722.000       3048807.00       105.099998    
   634762.000       3048807.00       107.599998    
   634802.000       3048807.00       110.599998    
   634842.000       3048807.00       113.599998    
   634882.000       3048807.00       116.500000    
   634922.000       3048807.00       119.099998    
   634962.000       3048807.00       122.199997    
   635002.000       3048807.00       124.699997    
   635042.000       3048807.00       124.900002    
   635082.000       3048807.00       125.500000    
   635122.000       3048807.00       125.800003    
   635162.000       3048807.00       123.199997    
   635202.000       3048807.00       125.199997    
   635242.000       3048807.00       123.300003    
   635282.000       3048807.00       122.099998    
   635322.000       3048807.00       124.599998    
   635362.000       3048807.00       124.300003    
   635402.000       3048807.00       127.300003    
   635442.000       3048807.00       131.300003    
   635482.000       3048807.00       133.500000    
   635522.000       3048807.00       135.199997    
   635562.000       3048807.00       137.300003    
   635602.000       3048807.00       139.800003    
   635642.000       3048807.00       142.899994    
   635682.000       3048807.00       146.399994    
   635722.000       3048807.00       149.600006    
   635762.000       3048807.00       152.899994    
   635802.000       3048807.00       156.100006    
   635842.000       3048807.00       159.500000    
   635882.000       3048807.00       162.800003    
   635922.000       3048807.00       166.500000    
   635962.000       3048807.00       170.399994    
   636002.000       3048807.00       174.399994    
   636042.000       3048807.00       178.500000    
   636082.000       3048807.00       182.600006    
   636122.000       3048807.00       186.899994    
   636162.000       3048807.00       191.199997    
   636202.000       3048807.00       195.199997    
   636242.000       3048807.00       198.899994    
   636282.000       3048807.00       202.600006    
   636322.000       3048807.00       206.199997    
   636362.000       3048807.00       209.800003    
   636402.000       3048807.00       213.500000    
   636442.000       3048807.00       217.000000    
   636482.000       3048807.00       220.500000    
   636522.000       3048807.00       223.800003    
   636562.000       3048807.00       226.399994    
   636602.000       3048807.00       228.899994    
   636642.000       3048807.00       231.500000    
   636682.000       3048807.00       234.199997    
   636722.000       3048807.00       236.800003    
   636762.000       3048807.00       239.199997    
   636802.000       3048807.00       241.699997    
   636842.000       3048807.00       244.199997    
   636882.000       3048807.00      -9999.00000    
   634122.000       3048847.00      -9999.00000    
   634162.000       3048847.00      -9999.00000    
   634202.000       3048847.00      -9999.00000    
   634242.000       3048847.00      -9999.00000    
   634282.000       3048847.00      -9999.00000    
   634322.000       3048847.00      -9999.00000    
   634362.000       3048847.00      -9999.00000    
   634402.000       3048847.00      -9999.00000    
   634442.000       3048847.00      -9999.00000    
   634482.000       3048847.00      -9999.00000    
   634522.000       3048847.00      -9999.00000    
   634562.000       3048847.00      -9999.00000    
   634602.000       3048847.00      -9999.00000    
   634642.000       3048847.00      -9999.00000    
   634682.000       3048847.00      -9999.00000    
   634722.000       3048847.00      -9999.00000    
   634762.000       3048847.00       97.0999985    
   634802.000       3048847.00       101.599998    
   634842.000       3048847.00       106.099998    
   634882.000       3048847.00       109.900002    
   634922.000       3048847.00       113.199997    
   634962.000       3048847.00       117.199997    
   635002.000       3048847.00       119.199997    
   635042.000       3048847.00       120.199997    
   635082.000       3048847.00       121.099998    
   635122.000       3048847.00       121.099998    
   635162.000       3048847.00       120.699997    
   635202.000       3048847.00       119.800003    
   635242.000       3048847.00       119.199997    
   635282.000       3048847.00       119.900002    
   635322.000       3048847.00       120.300003    
   635362.000       3048847.00       121.699997    
   635402.000       3048847.00       122.800003    
   635442.000       3048847.00       127.800003    
   635482.000       3048847.00       130.500000    
   635522.000       3048847.00       132.800003    
   635562.000       3048847.00       135.500000    
   635602.000       3048847.00       138.699997    
   635642.000       3048847.00       142.100006    
   635682.000       3048847.00       145.399994    
   635722.000       3048847.00       148.699997    
   635762.000       3048847.00       152.100006    
   635802.000       3048847.00       155.800003    
   635842.000       3048847.00       159.399994    
   635882.000       3048847.00       163.000000    
   635922.000       3048847.00       166.800003    
   635962.000       3048847.00       170.800003    
   636002.000       3048847.00       175.100006    
   636042.000       3048847.00       178.899994    
   636082.000       3048847.00       183.199997    
   636122.000       3048847.00       187.399994    
   636162.000       3048847.00       191.600006    
   636202.000       3048847.00       195.500000    
   636242.000       3048847.00       199.000000    
   636282.000       3048847.00       202.500000    
   636322.000       3048847.00       206.000000    
   636362.000       3048847.00       209.600006    
   636402.000       3048847.00       213.100006    
   636442.000       3048847.00       216.600006    
   636482.000       3048847.00       220.000000    
   636522.000       3048847.00       223.199997    
   636562.000       3048847.00       226.100006    
   636602.000       3048847.00       228.800003    
   636642.000       3048847.00       231.600006    
   636682.000       3048847.00       234.399994    
   636722.000       3048847.00       236.800003    
   636762.000       3048847.00       238.699997    
   636802.000       3048847.00       240.399994    
   636842.000       3048847.00       241.899994    
   636882.000       3048847.00      -9999.00000    
   634122.000       3048887.00      -9999.00000    
   634162.000       3048887.00      -9999.00000    
   634202.000       3048887.00      -9999.00000    
   634242.000       3048887.00      -9999.00000    
   634282.000       3048887.00      -9999.00000    
   634322.000       3048887.00      -9999.00000    
   634362.000       3048887.00      -9999.00000    
   634402.000       3048887.00      -9999.00000    
   634442.000       3048887.00      -9999.00000    
   634482.000       3048887.00      -9999.00000    
   634522.000       3048887.00      -9999.00000    
   634562.000       3048887.00      -9999.00000    
   634602.000       3048887.00      -9999.00000    
   634642.000       3048887.00      -9999.00000    
   634682.000       3048887.00      -9999.00000    
   634722.000       3048887.00      -9999.00000    
   634762.000       3048887.00      -9999.00000    
   634802.000       3048887.00       91.0999985    
   634842.000       3048887.00       97.3000031    
   634882.000       3048887.00       103.599998    
   634922.000       3048887.00       109.099998    
   634962.000       3048887.00       112.800003    
   635002.000       3048887.00       113.599998    
   635042.000       3048887.00       114.699997    
   635082.000       3048887.00       115.000000    
   635122.000       3048887.00       114.699997    
   635162.000       3048887.00       115.000000    
   635202.000       3048887.00       115.300003    
   635242.000       3048887.00       115.800003    
   635282.000       3048887.00       116.000000    
   635322.000       3048887.00       117.500000    
   635362.000       3048887.00       117.199997    
   635402.000       3048887.00       120.500000    
   635442.000       3048887.00       123.400002    
   635482.000       3048887.00       126.500000    
   635522.000       3048887.00       129.699997    
   635562.000       3048887.00       133.500000    
   635602.000       3048887.00       137.800003    
   635642.000       3048887.00       141.699997    
   635682.000       3048887.00       145.199997    
   635722.000       3048887.00       148.500000    
   635762.000       3048887.00       152.199997    
   635802.000       3048887.00       155.899994    
   635842.000       3048887.00       159.600006    
   635882.000       3048887.00       163.399994    
   635922.000       3048887.00       167.199997    
   635962.000       3048887.00       171.399994    
   636002.000       3048887.00       175.600006    
   636042.000       3048887.00       179.699997    
   636082.000       3048887.00       184.000000    
   636122.000       3048887.00       188.100006    
   636162.000       3048887.00       192.100006    
   636202.000       3048887.00       195.899994    
   636242.000       3048887.00       199.500000    
   636282.000       3048887.00       203.000000    
   636322.000       3048887.00       206.399994    
   636362.000       3048887.00       209.899994    
   636402.000       3048887.00       213.300003    
   636442.000       3048887.00       216.600006    
   636482.000       3048887.00       219.800003    
   636522.000       3048887.00       223.000000    
   636562.000       3048887.00       226.000000    
   636602.000       3048887.00       228.899994    
   636642.000       3048887.00       231.899994    
   636682.000       3048887.00       234.699997    
   636722.000       3048887.00       237.100006    
   636762.000       3048887.00       238.600006    
   636802.000       3048887.00       239.600006    
   636842.000       3048887.00       240.399994    
   636882.000       3048887.00      -9999.00000    
   634122.000       3048927.00      -9999.00000    
   634162.000       3048927.00      -9999.00000    
   634202.000       3048927.00      -9999.00000    
   634242.000       3048927.00      -9999.00000    
   634282.000       3048927.00      -9999.00000    
   634322.000       3048927.00      -9999.00000    
   634362.000       3048927.00      -9999.00000    
   634402.000       3048927.00      -9999.00000    
   634442.000       3048927.00      -9999.00000    
   634482.000       3048927.00      -9999.00000    
   634522.000       3048927.00      -9999.00000    
   634562.000       3048927.00      -9999.00000    
   634602.000       3048927.00      -9999.00000    
   634642.000       3048927.00      -9999.00000    
   634682.000       3048927.00      -9999.00000    
   634722.000       3048927.00      -9999.00000    
   634762.000       3048927.00      -9999.00000    
   634802.000       3048927.00      -9999.00000    
   634842.000       3048927.00       89.3000031    
   634882.000       3048927.00       95.8000031    
   634922.000       3048927.00       103.699997    
   634962.000       3048927.00       109.000000    
   635002.000       3048927.00       109.800003    
   635042.000       3048927.00       108.800003    
   635082.000       3048927.00       109.300003    
   635122.000       3048927.00       109.099998    
   635162.000       3048927.00       110.000000    
   635202.000       3048927.00       109.599998    
   635242.000       3048927.00       110.199997    
   635282.000       3048927.00       111.699997    
   635322.000       3048927.00       113.500000    
   635362.000       3048927.00       113.500000    
   635402.000       3048927.00       116.400002    
   635442.000       3048927.00       118.599998    
   635482.000       3048927.00       121.699997    
   635522.000       3048927.00       125.599998    
   635562.000       3048927.00       131.000000    
   635602.000       3048927.00       136.800003    
   635642.000       3048927.00       141.199997    
   635682.000       3048927.00       145.300003    
   635722.000       3048927.00       149.699997    
   635762.000       3048927.00       153.000000    
   635802.000       3048927.00       156.199997    
   635842.000       3048927.00       159.899994    
   635882.000       3048927.00       163.899994    
   635922.000       3048927.00       168.000000    
   635962.000       3048927.00       172.199997    
   636002.000       3048927.00       176.399994    
   636042.000       3048927.00       180.600006    
   636082.000       3048927.00       184.699997    
   636122.000       3048927.00       188.800003    
   636162.000       3048927.00       192.699997    
   636202.000       3048927.00       196.500000    
   636242.000       3048927.00       200.199997    
   636282.000       3048927.00       203.699997    
   636322.000       3048927.00       207.199997    
   636362.000       3048927.00       210.600006    
   636402.000       3048927.00       213.800003    
   636442.000       3048927.00       216.899994    
   636482.000       3048927.00       219.899994    
   636522.000       3048927.00       223.000000    
   636562.000       3048927.00       226.000000    
   636602.000       3048927.00       229.000000    
   636642.000       3048927.00       232.000000    
   636682.000       3048927.00       234.800003    
   636722.000       3048927.00       237.000000    
   636762.000       3048927.00       238.399994    
   636802.000       3048927.00       239.100006    
   636842.000       3048927.00       239.399994    
   636882.000       3048927.00      -9999.00000    
   634122.000       3048967.00      -9999.00000    
   634162.000       3048967.00      -9999.00000    
   634202.000       3048967.00      -9999.00000    
   634242.000       3048967.00      -9999.00000    
   634282.000       3048967.00      -9999.00000    
   634322.000       3048967.00      -9999.00000    
   634362.000       3048967.00      -9999.00000    
   634402.000       3048967.00      -9999.00000    
   634442.000       3048967.00      -9999.00000    
   634482.000       3048967.00      -9999.00000    
   634522.000       3048967.00      -9999.00000    
   634562.000       3048967.00      -9999.00000    
   634602.000       3048967.00      -9999.00000    
   634642.000       3048967.00      -9999.00000    
   634682.000       3048967.00      -9999.00000    
   634722.000       3048967.00      -9999.00000    
   634762.000       3048967.00      -9999.00000    
   634802.000       3048967.00       80.5000000    
   634842.000       3048967.00       83.3000031    
   634882.000       3048967.00       89.1999969    
   634922.000       3048967.00       95.0999985    
   634962.000       3048967.00       99.6999969    
   635002.000       3048967.00       102.599998    
   635042.000       3048967.00       103.699997    
   635082.000       3048967.00       103.699997    
   635122.000       3048967.00       102.800003    
   635162.000       3048967.00       103.000000    
   635202.000       3048967.00       104.599998    
   635242.000       3048967.00       106.900002    
   635282.000       3048967.00       107.699997    
   635322.000       3048967.00       108.900002    
   635362.000       3048967.00       109.599998    
   635402.000       3048967.00       113.300003    
   635442.000       3048967.00       114.699997    
   635482.000       3048967.00       116.599998    
   635522.000       3048967.00       121.900002    
   635562.000       3048967.00       128.699997    
   635602.000       3048967.00       135.500000    
   635642.000       3048967.00       139.399994    
   635682.000       3048967.00       144.000000    
   635722.000       3048967.00       150.600006    
   635762.000       3048967.00       153.399994    
   635802.000       3048967.00       156.300003    
   635842.000       3048967.00       160.199997    
   635882.000       3048967.00       164.500000    
   635922.000       3048967.00       168.800003    
   635962.000       3048967.00       173.199997    
   636002.000       3048967.00       177.399994    
   636042.000       3048967.00       181.600006    
   636082.000       3048967.00       185.600006    
   636122.000       3048967.00       189.600006    
   636162.000       3048967.00       193.600006    
   636202.000       3048967.00       197.399994    
   636242.000       3048967.00       201.000000    
   636282.000       3048967.00       204.600006    
   636322.000       3048967.00       208.000000    
   636362.000       3048967.00       211.300003    
   636402.000       3048967.00       214.399994    
   636442.000       3048967.00       217.399994    
   636482.000       3048967.00       220.300003    
   636522.000       3048967.00       223.199997    
   636562.000       3048967.00       226.100006    
   636602.000       3048967.00       229.199997    
   636642.000       3048967.00       232.100006    
   636682.000       3048967.00       234.699997    
   636722.000       3048967.00       236.699997    
   636762.000       3048967.00       238.100006    
   636802.000       3048967.00       238.800003    
   636842.000       3048967.00       239.000000    
   636882.000       3048967.00      -9999.00000    
   634122.000       3049007.00      -9999.00000    
   634162.000       3049007.00      -9999.00000    
   634202.000       3049007.00      -9999.00000    
   634242.000       3049007.00      -9999.00000    
   634282.000       3049007.00      -9999.00000    
   634322.000       3049007.00      -9999.00000    
   634362.000       3049007.00      -9999.00000    
   634402.000       3049007.00      -9999.00000    
   634442.000       3049007.00      -9999.00000    
   634482.000       3049007.00      -9999.00000    
   634522.000       3049007.00      -9999.00000    
   634562.000       3049007.00      -9999.00000    
   634602.000       3049007.00      -9999.00000    
   634642.000       3049007.00      -9999.00000    
   634682.000       3049007.00      -9999.00000    
   634722.000       3049007.00      -9999.00000    
   634762.000       3049007.00      -9999.00000    
   634802.000       3049007.00      -9999.00000    
   634842.000       3049007.00       77.3000031    
   634882.000       3049007.00       80.9000015    
   634922.000       3049007.00       84.1999969    
   634962.000       3049007.00       89.5999985    
   635002.000       3049007.00       94.5999985    
   635042.000       3049007.00       97.4000015    
   635082.000       3049007.00       97.8000031    
   635122.000       3049007.00       96.6999969    
   635162.000       3049007.00       97.3000031    
   635202.000       3049007.00       98.1999969    
   635242.000       3049007.00       101.500000    
   635282.000       3049007.00       102.800003    
   635322.000       3049007.00       104.099998    
   635362.000       3049007.00       106.699997    
   635402.000       3049007.00       107.300003    
   635442.000       3049007.00       111.099998    
   635482.000       3049007.00       115.699997    
   635522.000       3049007.00       119.900002    
   635562.000       3049007.00       125.800003    
   635602.000       3049007.00       132.399994    
   635642.000       3049007.00       138.800003    
   635682.000       3049007.00       143.800003    
   635722.000       3049007.00       149.699997    
   635762.000       3049007.00       152.600006    
   635802.000       3049007.00       156.199997    
   635842.000       3049007.00       160.500000    
   635882.000       3049007.00       165.199997    
   635922.000       3049007.00       169.699997    
   635962.000       3049007.00       174.100006    
   636002.000       3049007.00       178.500000    
   636042.000       3049007.00       182.699997    
   636082.000       3049007.00       186.699997    
   636122.000       3049007.00       190.699997    
   636162.000       3049007.00       194.600006    
   636202.000       3049007.00       198.300003    
   636242.000       3049007.00       202.000000    
   636282.000       3049007.00       205.500000    
   636322.000       3049007.00       208.899994    
   636362.000       3049007.00       212.100006    
   636402.000       3049007.00       215.199997    
   636442.000       3049007.00       218.100006    
   636482.000       3049007.00       220.899994    
   636522.000       3049007.00       223.699997    
   636562.000       3049007.00       226.500000    
   636602.000       3049007.00       229.500000    
   636642.000       3049007.00       232.300003    
   636682.000       3049007.00       234.699997    
   636722.000       3049007.00       236.600006    
   636762.000       3049007.00       238.000000    
   636802.000       3049007.00       238.899994    
   636842.000       3049007.00       239.199997    
   636882.000       3049007.00      -9999.00000    
   634122.000       3049047.00      -9999.00000    
   634162.000       3049047.00      -9999.00000    
   634202.000       3049047.00      -9999.00000    
   634242.000       3049047.00      -9999.00000    
   634282.000       3049047.00      -9999.00000    
   634322.000       3049047.00      -9999.00000    
   634362.000       3049047.00      -9999.00000    
   634402.000       3049047.00      -9999.00000    
   634442.000       3049047.00      -9999.00000    
   634482.000       3049047.00      -9999.00000    
   634522.000       3049047.00      -9999.00000    
   634562.000       3049047.00      -9999.00000    
   634602.000       3049047.00      -9999.00000    
   634642.000       3049047.00      -9999.00000    
   634682.000       3049047.00      -9999.00000    
   634722.000       3049047.00      -9999.00000    
   634762.000       3049047.00      -9999.00000    
   634802.000       3049047.00      -9999.00000    
   634842.000       3049047.00      -9999.00000    
   634882.000       3049047.00      -9999.00000    
   634922.000       3049047.00       69.5999985    
   634962.000       3049047.00       80.5000000    
   635002.000       3049047.00       89.0000000    
   635042.000       3049047.00       90.9000015    
   635082.000       3049047.00       91.3000031    
   635122.000       3049047.00       89.4000015    
   635162.000       3049047.00       91.4000015    
   635202.000       3049047.00       93.5999985    
   635242.000       3049047.00       94.5999985    
   635282.000       3049047.00       96.5000000    
   635322.000       3049047.00       98.8000031    
   635362.000       3049047.00       101.800003    
   635402.000       3049047.00       103.400002    
   635442.000       3049047.00       105.400002    
   635482.000       3049047.00       109.300003    
   635522.000       3049047.00       114.300003    
   635562.000       3049047.00       119.099998    
   635602.000       3049047.00       125.800003    
   635642.000       3049047.00       134.199997    
   635682.000       3049047.00       141.100006    
   635722.000       3049047.00       147.699997    
   635762.000       3049047.00       153.100006    
   635802.000       3049047.00       155.899994    
   635842.000       3049047.00       160.399994    
   635882.000       3049047.00       165.500000    
   635922.000       3049047.00       170.399994    
   635962.000       3049047.00       175.100006    
   636002.000       3049047.00       179.600006    
   636042.000       3049047.00       183.899994    
   636082.000       3049047.00       188.000000    
   636122.000       3049047.00       191.899994    
   636162.000       3049047.00       195.699997    
   636202.000       3049047.00       199.399994    
   636242.000       3049047.00       202.899994    
   636282.000       3049047.00       206.500000    
   636322.000       3049047.00       209.800003    
   636362.000       3049047.00       213.000000    
   636402.000       3049047.00       216.000000    
   636442.000       3049047.00       218.899994    
   636482.000       3049047.00       221.800003    
   636522.000       3049047.00       224.500000    
   636562.000       3049047.00       227.300003    
   636602.000       3049047.00       230.100006    
   636642.000       3049047.00       232.699997    
   636682.000       3049047.00       235.000000    
   636722.000       3049047.00       236.800003    
   636762.000       3049047.00       238.199997    
   636802.000       3049047.00       239.300003    
   636842.000       3049047.00       239.800003    
   636882.000       3049047.00      -9999.00000    
   634122.000       3049087.00      -9999.00000    
   634162.000       3049087.00      -9999.00000    
   634202.000       3049087.00      -9999.00000    
   634242.000       3049087.00      -9999.00000    
   634282.000       3049087.00      -9999.00000    
   634322.000       3049087.00      -9999.00000    
   634362.000       3049087.00      -9999.00000    
   634402.000       3049087.00      -9999.00000    
   634442.000       3049087.00      -9999.00000    
   634482.000       3049087.00      -9999.00000    
   634522.000       3049087.00      -9999.00000    
   634562.000       3049087.00      -9999.00000    
   634602.000       3049087.00      -9999.00000    
   634642.000       3049087.00      -9999.00000    
   634682.000       3049087.00      -9999.00000    
   634722.000       3049087.00      -9999.00000    
   634762.000       3049087.00      -9999.00000    
   634802.000       3049087.00      -9999.00000    
   634842.000       3049087.00      -9999.00000    
   634882.000       3049087.00      -9999.00000    
   634922.000       3049087.00       61.2999992    
   634962.000       3049087.00       70.9000015    
   635002.000       3049087.00       76.0999985    
   635042.000       3049087.00       81.5999985    
   635082.000       3049087.00       80.5999985    
   635122.000       3049087.00       81.9000015    
   635162.000       3049087.00       83.0999985    
   635202.000       3049087.00       85.3000031    
   635242.000       3049087.00       85.3000031    
   635282.000       3049087.00       91.0000000    
   635322.000       3049087.00       94.0999985    
   635362.000       3049087.00       94.6999969    
   635402.000       3049087.00       98.0999985    
   635442.000       3049087.00       99.5999985    
   635482.000       3049087.00       101.800003    
   635522.000       3049087.00       106.699997    
   635562.000       3049087.00       111.000000    
   635602.000       3049087.00       116.900002    
   635642.000       3049087.00       125.699997    
   635682.000       3049087.00       134.100006    
   635722.000       3049087.00       141.699997    
   635762.000       3049087.00       148.300003    
   635802.000       3049087.00       154.000000    
   635842.000       3049087.00       159.600006    
   635882.000       3049087.00       165.399994    
   635922.000       3049087.00       170.899994    
   635962.000       3049087.00       176.100006    
   636002.000       3049087.00       180.800003    
   636042.000       3049087.00       185.199997    
   636082.000       3049087.00       189.399994    
   636122.000       3049087.00       193.300003    
   636162.000       3049087.00       196.899994    
   636202.000       3049087.00       200.399994    
   636242.000       3049087.00       203.899994    
   636282.000       3049087.00       207.300003    
   636322.000       3049087.00       210.699997    
   636362.000       3049087.00       213.800003    
   636402.000       3049087.00       216.899994    
   636442.000       3049087.00       219.899994    
   636482.000       3049087.00       222.800003    
   636522.000       3049087.00       225.500000    
   636562.000       3049087.00       228.300003    
   636602.000       3049087.00       230.899994    
   636642.000       3049087.00       233.399994    
   636682.000       3049087.00       235.500000    
   636722.000       3049087.00       237.300003    
   636762.000       3049087.00       238.800003    
   636802.000       3049087.00       240.000000    
   636842.000       3049087.00       240.800003    
   636882.000       3049087.00      -9999.00000    
   634122.000       3049127.00      -9999.00000    
   634162.000       3049127.00      -9999.00000    
   634202.000       3049127.00      -9999.00000    
   634242.000       3049127.00      -9999.00000    
   634282.000       3049127.00      -9999.00000    
   634322.000       3049127.00      -9999.00000    
   634362.000       3049127.00      -9999.00000    
   634402.000       3049127.00      -9999.00000    
   634442.000       3049127.00      -9999.00000    
   634482.000       3049127.00      -9999.00000    
   634522.000       3049127.00      -9999.00000    
   634562.000       3049127.00      -9999.00000    
   634602.000       3049127.00      -9999.00000    
   634642.000       3049127.00      -9999.00000    
   634682.000       3049127.00      -9999.00000    
   634722.000       3049127.00      -9999.00000    
   634762.000       3049127.00      -9999.00000    
   634802.000       3049127.00      -9999.00000    
   634842.000       3049127.00      -9999.00000    
   634882.000       3049127.00      -9999.00000    
   634922.000       3049127.00       55.5000000    
   634962.000       3049127.00       58.7000008    
   635002.000       3049127.00       62.5999985    
   635042.000       3049127.00       64.3000031    
   635082.000       3049127.00       67.5999985    
   635122.000       3049127.00       69.9000015    
   635162.000       3049127.00       75.5999985    
   635202.000       3049127.00       79.3000031    
   635242.000       3049127.00       81.6999969    
   635282.000       3049127.00       82.5999985    
   635322.000       3049127.00       86.0000000    
   635362.000       3049127.00       88.3000031    
   635402.000       3049127.00       91.8000031    
   635442.000       3049127.00       95.0000000    
   635482.000       3049127.00       98.1999969    
   635522.000       3049127.00       102.300003    
   635562.000       3049127.00       106.500000    
   635602.000       3049127.00       112.000000    
   635642.000       3049127.00       120.099998    
   635682.000       3049127.00       128.699997    
   635722.000       3049127.00       137.000000    
   635762.000       3049127.00       144.699997    
   635802.000       3049127.00       152.000000    
   635842.000       3049127.00       158.899994    
   635882.000       3049127.00       165.399994    
   635922.000       3049127.00       171.500000    
   635962.000       3049127.00       177.100006    
   636002.000       3049127.00       182.199997    
   636042.000       3049127.00       186.800003    
   636082.000       3049127.00       191.000000    
   636122.000       3049127.00       194.800003    
   636162.000       3049127.00       198.300003    
   636202.000       3049127.00       201.600006    
   636242.000       3049127.00       204.899994    
   636282.000       3049127.00       208.199997    
   636322.000       3049127.00       211.500000    
   636362.000       3049127.00       214.699997    
   636402.000       3049127.00       217.800003    
   636442.000       3049127.00       220.899994    
   636482.000       3049127.00       223.800003    
   636522.000       3049127.00       226.600006    
   636562.000       3049127.00       229.300003    
   636602.000       3049127.00       231.899994    
   636642.000       3049127.00       234.300003    
   636682.000       3049127.00       236.399994    
   636722.000       3049127.00       238.100006    
   636762.000       3049127.00       239.699997    
   636802.000       3049127.00       240.899994    
   636842.000       3049127.00       241.699997    
   636882.000       3049127.00      -9999.00000    
   634122.000       3049167.00      -9999.00000    
   634162.000       3049167.00      -9999.00000    
   634202.000       3049167.00      -9999.00000    
   634242.000       3049167.00      -9999.00000    
   634282.000       3049167.00      -9999.00000    
   634322.000       3049167.00      -9999.00000    
   634362.000       3049167.00      -9999.00000    
   634402.000       3049167.00      -9999.00000    
   634442.000       3049167.00      -9999.00000    
   634482.000       3049167.00      -9999.00000    
   634522.000       3049167.00      -9999.00000    
   634562.000       3049167.00      -9999.00000    
   634602.000       3049167.00      -9999.00000    
   634642.000       3049167.00      -9999.00000    
   634682.000       3049167.00      -9999.00000    
   634722.000       3049167.00      -9999.00000    
   634762.000       3049167.00      -9999.00000    
   634802.000       3049167.00      -9999.00000    
   634842.000       3049167.00      -9999.00000    
   634882.000       3049167.00      -9999.00000    
   634922.000       3049167.00       41.2000008    
   634962.000       3049167.00       46.4000015    
   635002.000       3049167.00       45.7999992    
   635042.000       3049167.00       51.5000000    
   635082.000       3049167.00       58.4000015    
   635122.000       3049167.00       60.7999992    
   635162.000       3049167.00       67.6999969    
   635202.000       3049167.00       70.9000015    
   635242.000       3049167.00       74.5999985    
   635282.000       3049167.00       77.9000015    
   635322.000       3049167.00       80.0000000    
   635362.000       3049167.00       81.6999969    
   635402.000       3049167.00       86.8000031    
   635442.000       3049167.00       91.4000015    
   635482.000       3049167.00       95.3000031    
   635522.000       3049167.00       99.9000015    
   635562.000       3049167.00       105.099998    
   635602.000       3049167.00       111.099998    
   635642.000       3049167.00       118.199997    
   635682.000       3049167.00       126.199997    
   635722.000       3049167.00       134.600006    
   635762.000       3049167.00       142.899994    
   635802.000       3049167.00       150.899994    
   635842.000       3049167.00       158.600006    
   635882.000       3049167.00       165.800003    
   635922.000       3049167.00       172.500000    
   635962.000       3049167.00       178.500000    
   636002.000       3049167.00       183.899994    
   636042.000       3049167.00       188.699997    
   636082.000       3049167.00       192.800003    
   636122.000       3049167.00       196.600006    
   636162.000       3049167.00       200.000000    
   636202.000       3049167.00       203.000000    
   636242.000       3049167.00       206.100006    
   636282.000       3049167.00       209.300003    
   636322.000       3049167.00       212.500000    
   636362.000       3049167.00       215.699997    
   636402.000       3049167.00       218.800003    
   636442.000       3049167.00       221.899994    
   636482.000       3049167.00       224.899994    
   636522.000       3049167.00       227.699997    
   636562.000       3049167.00       230.399994    
   636602.000       3049167.00       233.000000    
   636642.000       3049167.00       235.399994    
   636682.000       3049167.00       237.399994    
   636722.000       3049167.00       239.199997    
   636762.000       3049167.00       240.600006    
   636802.000       3049167.00       241.699997    
   636842.000       3049167.00       242.500000    
   636882.000       3049167.00      -9999.00000    
   634122.000       3049207.00      -9999.00000    
   634162.000       3049207.00      -9999.00000    
   634202.000       3049207.00      -9999.00000    
   634242.000       3049207.00      -9999.00000    
   634282.000       3049207.00      -9999.00000    
   634322.000       3049207.00      -9999.00000    
   634362.000       3049207.00      -9999.00000    
   634402.000       3049207.00      -9999.00000    
   634442.000       3049207.00      -9999.00000    
   634482.000       3049207.00      -9999.00000    
   634522.000       3049207.00      -9999.00000    
   634562.000       3049207.00      -9999.00000    
   634602.000       3049207.00      -9999.00000    
   634642.000       3049207.00      -9999.00000    
   634682.000       3049207.00      -9999.00000    
   634722.000       3049207.00      -9999.00000    
   634762.000       3049207.00      -9999.00000    
   634802.000       3049207.00      -9999.00000    
   634842.000       3049207.00      -9999.00000    
   634882.000       3049207.00      -9999.00000    
   634922.000       3049207.00      -9999.00000    
   634962.000       3049207.00       33.7999992    
   635002.000       3049207.00      -9999.00000    
   635042.000       3049207.00      -9999.00000    
   635082.000       3049207.00      -9999.00000    
   635122.000       3049207.00      -9999.00000    
   635162.000       3049207.00       60.0999985    
   635202.000       3049207.00       62.7000008    
   635242.000       3049207.00       68.5999985    
   635282.000       3049207.00       72.9000015    
   635322.000       3049207.00       75.1999969    
   635362.000       3049207.00       78.4000015    
   635402.000       3049207.00       84.6999969    
   635442.000       3049207.00       90.6999969    
   635482.000       3049207.00       95.1999969    
   635522.000       3049207.00       99.5000000    
   635562.000       3049207.00       105.199997    
   635602.000       3049207.00       111.300003    
   635642.000       3049207.00       118.000000    
   635682.000       3049207.00       125.599998    
   635722.000       3049207.00       133.899994    
   635762.000       3049207.00       142.500000    
   635802.000       3049207.00       151.000000    
   635842.000       3049207.00       159.100006    
   635882.000       3049207.00       166.699997    
   635922.000       3049207.00       173.800003    
   635962.000       3049207.00       180.199997    
   636002.000       3049207.00       185.899994    
   636042.000       3049207.00       190.899994    
   636082.000       3049207.00       195.000000    
   636122.000       3049207.00       198.500000    
   636162.000       3049207.00       201.800003    
   636202.000       3049207.00       204.899994    
   636242.000       3049207.00       207.899994    
   636282.000       3049207.00       210.899994    
   636322.000       3049207.00       213.899994    
   636362.000       3049207.00       217.000000    
   636402.000       3049207.00       220.100006    
   636442.000       3049207.00       223.100006    
   636482.000       3049207.00       226.100006    
   636522.000       3049207.00       229.000000    
   636562.000       3049207.00       231.699997    
   636602.000       3049207.00       234.300003    
   636642.000       3049207.00       236.600006    
   636682.000       3049207.00       238.500000    
   636722.000       3049207.00       240.100006    
   636762.000       3049207.00       241.399994    
   636802.000       3049207.00       242.399994    
   636842.000       3049207.00       243.000000    
   636882.000       3049207.00      -9999.00000    
   634122.000       3049247.00      -9999.00000    
   634162.000       3049247.00      -9999.00000    
   634202.000       3049247.00      -9999.00000    
   634242.000       3049247.00      -9999.00000    
   634282.000       3049247.00      -9999.00000    
   634322.000       3049247.00      -9999.00000    
   634362.000       3049247.00      -9999.00000    
   634402.000       3049247.00      -9999.00000    
   634442.000       3049247.00      -9999.00000    
   634482.000       3049247.00      -9999.00000    
   634522.000       3049247.00      -9999.00000    
   634562.000       3049247.00      -9999.00000    
   634602.000       3049247.00      -9999.00000    
   634642.000       3049247.00      -9999.00000    
   634682.000       3049247.00      -9999.00000    
   634722.000       3049247.00      -9999.00000    
   634762.000       3049247.00      -9999.00000    
   634802.000       3049247.00      -9999.00000    
   634842.000       3049247.00      -9999.00000    
   634882.000       3049247.00      -9999.00000    
   634922.000       3049247.00      -9999.00000    
   634962.000       3049247.00      -9999.00000    
   635002.000       3049247.00      -9999.00000    
   635042.000       3049247.00      -9999.00000    
   635082.000       3049247.00      -9999.00000    
   635122.000       3049247.00      -9999.00000    
   635162.000       3049247.00      -9999.00000    
   635202.000       3049247.00       49.0999985    
   635242.000       3049247.00       52.0000000    
   635282.000       3049247.00       67.0999985    
   635322.000       3049247.00       73.0000000    
   635362.000       3049247.00       76.5999985    
   635402.000       3049247.00       83.5000000    
   635442.000       3049247.00       88.5000000    
   635482.000       3049247.00       93.0000000    
   635522.000       3049247.00       99.5999985    
   635562.000       3049247.00       104.900002    
   635602.000       3049247.00       111.599998    
   635642.000       3049247.00       118.500000    
   635682.000       3049247.00       126.000000    
   635722.000       3049247.00       134.600006    
   635762.000       3049247.00       143.399994    
   635802.000       3049247.00       152.000000    
   635842.000       3049247.00       160.399994    
   635882.000       3049247.00       168.300003    
   635922.000       3049247.00       175.600006    
   635962.000       3049247.00       182.399994    
   636002.000       3049247.00       188.399994    
   636042.000       3049247.00       193.399994    
   636082.000       3049247.00       197.500000    
   636122.000       3049247.00       201.100006    
   636162.000       3049247.00       204.199997    
   636202.000       3049247.00       207.199997    
   636242.000       3049247.00       210.100006    
   636282.000       3049247.00       213.100006    
   636322.000       3049247.00       216.000000    
   636362.000       3049247.00       218.899994    
   636402.000       3049247.00       221.800003    
   636442.000       3049247.00       224.800003    
   636482.000       3049247.00       227.699997    
   636522.000       3049247.00       230.600006    
   636562.000       3049247.00       233.199997    
   636602.000       3049247.00       235.699997    
   636642.000       3049247.00       237.899994    
   636682.000       3049247.00       239.699997    
   636722.000       3049247.00       241.199997    
   636762.000       3049247.00       242.300003    
   636802.000       3049247.00       243.100006    
   636842.000       3049247.00       243.500000    
   636882.000       3049247.00      -9999.00000    
   634122.000       3049287.00      -9999.00000    
   634162.000       3049287.00      -9999.00000    
   634202.000       3049287.00      -9999.00000    
   634242.000       3049287.00      -9999.00000    
   634282.000       3049287.00      -9999.00000    
   634322.000       3049287.00      -9999.00000    
   634362.000       3049287.00      -9999.00000    
   634402.000       3049287.00      -9999.00000    
   634442.000       3049287.00      -9999.00000    
   634482.000       3049287.00      -9999.00000    
   634522.000       3049287.00      -9999.00000    
   634562.000       3049287.00      -9999.00000    
   634602.000       3049287.00      -9999.00000    
   634642.000       3049287.00      -9999.00000    
   634682.000       3049287.00      -9999.00000    
   634722.000       3049287.00      -9999.00000    
   634762.000       3049287.00      -9999.00000    
   634802.000       3049287.00      -9999.00000    
   634842.000       3049287.00      -9999.00000    
   634882.000       3049287.00      -9999.00000    
   634922.000       3049287.00      -9999.00000    
   634962.000       3049287.00      -9999.00000    
   635002.000       3049287.00      -9999.00000    
   635042.000       3049287.00      -9999.00000    
   635082.000       3049287.00      -9999.00000    
   635122.000       3049287.00      -9999.00000    
   635162.000       3049287.00      -9999.00000    
   635202.000       3049287.00      -9999.00000    
   635242.000       3049287.00       49.0000000    
   635282.000       3049287.00       52.0000000    
   635322.000       3049287.00       54.2000008    
   635362.000       3049287.00       72.3000031    
   635402.000       3049287.00       79.1999969    
   635442.000       3049287.00       83.8000031    
   635482.000       3049287.00       90.8000031    
   635522.000       3049287.00       97.5999985    
   635562.000       3049287.00       103.800003    
   635602.000       3049287.00       111.599998    
   635642.000       3049287.00       119.400002    
   635682.000       3049287.00       127.400002    
   635722.000       3049287.00       136.199997    
   635762.000       3049287.00       145.300003    
   635802.000       3049287.00       154.000000    
   635842.000       3049287.00       162.399994    
   635882.000       3049287.00       170.399994    
   635922.000       3049287.00       177.899994    
   635962.000       3049287.00       184.800003    
   636002.000       3049287.00       191.000000    
   636042.000       3049287.00       196.199997    
   636082.000       3049287.00       200.300003    
   636122.000       3049287.00       203.899994    
   636162.000       3049287.00       207.000000    
   636202.000       3049287.00       210.000000    
   636242.000       3049287.00       212.899994    
   636282.000       3049287.00       215.800003    
   636322.000       3049287.00       218.699997    
   636362.000       3049287.00       221.500000    
   636402.000       3049287.00       224.300003    
   636442.000       3049287.00       227.100006    
   636482.000       3049287.00       229.899994    
   636522.000       3049287.00       232.600006    
   636562.000       3049287.00       235.100006    
   636602.000       3049287.00       237.399994    
   636642.000       3049287.00       239.399994    
   636682.000       3049287.00       241.000000    
   636722.000       3049287.00       242.300003    
   636762.000       3049287.00       243.199997    
   636802.000       3049287.00       243.800003    
   636842.000       3049287.00       244.100006    
   636882.000       3049287.00      -9999.00000    
   634122.000       3049327.00      -9999.00000    
   634162.000       3049327.00      -9999.00000    
   634202.000       3049327.00      -9999.00000    
   634242.000       3049327.00      -9999.00000    
   634282.000       3049327.00      -9999.00000    
   634322.000       3049327.00      -9999.00000    
   634362.000       3049327.00      -9999.00000    
   634402.000       3049327.00      -9999.00000    
   634442.000       3049327.00      -9999.00000    
   634482.000       3049327.00      -9999.00000    
   634522.000       3049327.00      -9999.00000    
   634562.000       3049327.00      -9999.00000    
   634602.000       3049327.00      -9999.00000    
   634642.000       3049327.00      -9999.00000    
   634682.000       3049327.00      -9999.00000    
   634722.000       3049327.00      -9999.00000    
   634762.000       3049327.00      -9999.00000    
   634802.000       3049327.00      -9999.00000    
   634842.000       3049327.00      -9999.00000    
   634882.000       3049327.00      -9999.00000    
   634922.000       3049327.00      -9999.00000    
   634962.000       3049327.00      -9999.00000    
   635002.000       3049327.00      -9999.00000    
   635042.000       3049327.00      -9999.00000    
   635082.000       3049327.00      -9999.00000    
   635122.000       3049327.00      -9999.00000    
   635162.000       3049327.00      -9999.00000    
   635202.000       3049327.00      -9999.00000    
   635242.000       3049327.00      -9999.00000    
   635282.000       3049327.00      -9999.00000    
   635322.000       3049327.00       46.5999985    
   635362.000       3049327.00       61.5999985    
   635402.000       3049327.00       71.5999985    
   635442.000       3049327.00       79.6999969    
   635482.000       3049327.00       87.8000031    
   635522.000       3049327.00       95.0999985    
   635562.000       3049327.00       103.199997    
   635602.000       3049327.00       112.099998    
   635642.000       3049327.00       121.000000    
   635682.000       3049327.00       129.899994    
   635722.000       3049327.00       139.000000    
   635762.000       3049327.00       148.000000    
   635802.000       3049327.00       156.899994    
   635842.000       3049327.00       165.300003    
   635882.000       3049327.00       173.199997    
   635922.000       3049327.00       180.600006    
   635962.000       3049327.00       187.500000    
   636002.000       3049327.00       193.699997    
   636042.000       3049327.00       199.000000    
   636082.000       3049327.00       203.300003    
   636122.000       3049327.00       207.000000    
   636162.000       3049327.00       210.300003    
   636202.000       3049327.00       213.399994    
   636242.000       3049327.00       216.399994    
   636282.000       3049327.00       219.399994    
   636322.000       3049327.00       222.199997    
   636362.000       3049327.00       225.000000    
   636402.000       3049327.00       227.600006    
   636442.000       3049327.00       230.300003    
   636482.000       3049327.00       232.800003    
   636522.000       3049327.00       235.199997    
   636562.000       3049327.00       237.399994    
   636602.000       3049327.00       239.500000    
   636642.000       3049327.00       241.300003    
   636682.000       3049327.00       242.699997    
   636722.000       3049327.00       243.800003    
   636762.000       3049327.00       244.500000    
   636802.000       3049327.00       244.899994    
   636842.000       3049327.00       245.000000    
   636882.000       3049327.00      -9999.00000    
   634122.000       3049367.00      -9999.00000    
   634162.000       3049367.00      -9999.00000    
   634202.000       3049367.00      -9999.00000    
   634242.000       3049367.00      -9999.00000    
   634282.000       3049367.00      -9999.00000    
   634322.000       3049367.00      -9999.00000    
   634362.000       3049367.00      -9999.00000    
   634402.000       3049367.00      -9999.00000    
   634442.000       3049367.00      -9999.00000    
   634482.000       3049367.00      -9999.00000    
   634522.000       3049367.00      -9999.00000    
   634562.000       3049367.00      -9999.00000    
   634602.000       3049367.00      -9999.00000    
   634642.000       3049367.00      -9999.00000    
   634682.000       3049367.00      -9999.00000    
   634722.000       3049367.00      -9999.00000    
   634762.000       3049367.00      -9999.00000    
   634802.000       3049367.00      -9999.00000    
   634842.000       3049367.00      -9999.00000    
   634882.000       3049367.00      -9999.00000    
   634922.000       3049367.00      -9999.00000    
   634962.000       3049367.00      -9999.00000    
   635002.000       3049367.00      -9999.00000    
   635042.000       3049367.00      -9999.00000    
   635082.000       3049367.00      -9999.00000    
   635122.000       3049367.00      -9999.00000    
   635162.000       3049367.00      -9999.00000    
   635202.000       3049367.00      -9999.00000    
   635242.000       3049367.00      -9999.00000    
   635282.000       3049367.00      -9999.00000    
   635322.000       3049367.00      -9999.00000    
   635362.000       3049367.00       47.5000000    
   635402.000       3049367.00       67.8000031    
   635442.000       3049367.00       76.6999969    
   635482.000       3049367.00       84.8000031    
   635522.000       3049367.00       93.9000015    
   635562.000       3049367.00       103.400002    
   635602.000       3049367.00       113.500000    
   635642.000       3049367.00       123.599998    
   635682.000       3049367.00       133.300003    
   635722.000       3049367.00       142.699997    
   635762.000       3049367.00       151.800003    
   635802.000       3049367.00       160.600006    
   635842.000       3049367.00       168.899994    
   635882.000       3049367.00       176.600006    
   635922.000       3049367.00       183.800003    
   635962.000       3049367.00       190.500000    
   636002.000       3049367.00       196.600006    
   636042.000       3049367.00       202.100006    
   636082.000       3049367.00       206.800003    
   636122.000       3049367.00       210.800003    
   636162.000       3049367.00       214.300003    
   636202.000       3049367.00       217.600006    
   636242.000       3049367.00       220.699997    
   636282.000       3049367.00       223.800003    
   636322.000       3049367.00       226.600006    
   636362.000       3049367.00       229.300003    
   636402.000       3049367.00       231.800003    
   636442.000       3049367.00       234.100006    
   636482.000       3049367.00       236.300003    
   636522.000       3049367.00       238.399994    
   636562.000       3049367.00       240.300003    
   636602.000       3049367.00       242.000000    
   636642.000       3049367.00       243.500000    
   636682.000       3049367.00       244.699997    
   636722.000       3049367.00       245.600006    
   636762.000       3049367.00       246.100006    
   636802.000       3049367.00       246.300003    
   636842.000       3049367.00      -9999.00000    
   636882.000       3049367.00      -9999.00000    
   634122.000       3049407.00      -9999.00000    
   634162.000       3049407.00      -9999.00000    
   634202.000       3049407.00      -9999.00000    
   634242.000       3049407.00      -9999.00000    
   634282.000       3049407.00      -9999.00000    
   634322.000       3049407.00      -9999.00000    
   634362.000       3049407.00      -9999.00000    
   634402.000       3049407.00      -9999.00000    
   634442.000       3049407.00      -9999.00000    
   634482.000       3049407.00      -9999.00000    
   634522.000       3049407.00      -9999.00000    
   634562.000       3049407.00      -9999.00000    
   634602.000       3049407.00      -9999.00000    
   634642.000       3049407.00      -9999.00000    
   634682.000       3049407.00      -9999.00000    
   634722.000       3049407.00      -9999.00000    
   634762.000       3049407.00      -9999.00000    
   634802.000       3049407.00      -9999.00000    
   634842.000       3049407.00      -9999.00000    
   634882.000       3049407.00      -9999.00000    
   634922.000       3049407.00      -9999.00000    
   634962.000       3049407.00      -9999.00000    
   635002.000       3049407.00      -9999.00000    
   635042.000       3049407.00      -9999.00000    
   635082.000       3049407.00      -9999.00000    
   635122.000       3049407.00      -9999.00000    
   635162.000       3049407.00      -9999.00000    
   635202.000       3049407.00      -9999.00000    
   635242.000       3049407.00      -9999.00000    
   635282.000       3049407.00      -9999.00000    
   635322.000       3049407.00      -9999.00000    
   635362.000       3049407.00      -9999.00000    
   635402.000       3049407.00       65.1999969    
   635442.000       3049407.00       75.0999985    
   635482.000       3049407.00       84.4000015    
   635522.000       3049407.00       93.9000015    
   635562.000       3049407.00       104.599998    
   635602.000       3049407.00       116.000000    
   635642.000       3049407.00       127.199997    
   635682.000       3049407.00       137.399994    
   635722.000       3049407.00       147.100006    
   635762.000       3049407.00       156.399994    
   635802.000       3049407.00       165.100006    
   635842.000       3049407.00       173.199997    
   635882.000       3049407.00       180.699997    
   635922.000       3049407.00       187.699997    
   635962.000       3049407.00       194.199997    
   636002.000       3049407.00       200.300003    
   636042.000       3049407.00       205.899994    
   636082.000       3049407.00       210.899994    
   636122.000       3049407.00       215.300003    
   636162.000       3049407.00       219.100006    
   636202.000       3049407.00       222.600006    
   636242.000       3049407.00       226.000000    
   636282.000       3049407.00       229.100006    
   636322.000       3049407.00       231.899994    
   636362.000       3049407.00       234.399994    
   636402.000       3049407.00       236.600006    
   636442.000       3049407.00       238.600006    
   636482.000       3049407.00       240.399994    
   636522.000       3049407.00       242.100006    
   636562.000       3049407.00       243.600006    
   636602.000       3049407.00       244.899994    
   636642.000       3049407.00       246.100006    
   636682.000       3049407.00       247.100006    
   636722.000       3049407.00       247.699997    
   636762.000       3049407.00       248.100006    
   636802.000       3049407.00       248.000000    
   636842.000       3049407.00      -9999.00000    
   636882.000       3049407.00      -9999.00000    
   634122.000       3049447.00      -9999.00000    
   634162.000       3049447.00      -9999.00000    
   634202.000       3049447.00      -9999.00000    
   634242.000       3049447.00      -9999.00000    
   634282.000       3049447.00      -9999.00000    
   634322.000       3049447.00      -9999.00000    
   634362.000       3049447.00      -9999.00000    
   634402.000       3049447.00      -9999.00000    
   634442.000       3049447.00      -9999.00000    
   634482.000       3049447.00      -9999.00000    
   634522.000       3049447.00      -9999.00000    
   634562.000       3049447.00      -9999.00000    
   634602.000       3049447.00      -9999.00000    
   634642.000       3049447.00      -9999.00000    
   634682.000       3049447.00      -9999.00000    
   634722.000       3049447.00      -9999.00000    
   634762.000       3049447.00      -9999.00000    
   634802.000       3049447.00      -9999.00000    
   634842.000       3049447.00      -9999.00000    
   634882.000       3049447.00      -9999.00000    
   634922.000       3049447.00      -9999.00000    
   634962.000       3049447.00      -9999.00000    
   635002.000       3049447.00      -9999.00000    
   635042.000       3049447.00      -9999.00000    
   635082.000       3049447.00      -9999.00000    
   635122.000       3049447.00      -9999.00000    
   635162.000       3049447.00      -9999.00000    
   635202.000       3049447.00      -9999.00000    
   635242.000       3049447.00      -9999.00000    
   635282.000       3049447.00      -9999.00000    
   635322.000       3049447.00      -9999.00000    
   635362.000       3049447.00      -9999.00000    
   635402.000       3049447.00      -9999.00000    
   635442.000       3049447.00       79.0999985    
   635482.000       3049447.00       86.5000000    
   635522.000       3049447.00       95.5000000    
   635562.000       3049447.00       107.000000    
   635602.000       3049447.00       119.300003    
   635642.000       3049447.00       131.199997    
   635682.000       3049447.00       142.000000    
   635722.000       3049447.00       152.100006    
   635762.000       3049447.00       161.600006    
   635802.000       3049447.00       170.300003    
   635842.000       3049447.00       178.300003    
   635882.000       3049447.00       185.699997    
   635922.000       3049447.00       192.500000    
   635962.000       3049447.00       198.899994    
   636002.000       3049447.00       205.000000    
   636042.000       3049447.00       210.800003    
   636082.000       3049447.00       216.000000    
   636122.000       3049447.00       220.600006    
   636162.000       3049447.00       224.800003    
   636202.000       3049447.00       228.600006    
   636242.000       3049447.00       232.100006    
   636282.000       3049447.00       235.100006    
   636322.000       3049447.00       237.899994    
   636362.000       3049447.00       240.100006    
   636402.000       3049447.00       242.000000    
   636442.000       3049447.00       243.600006    
   636482.000       3049447.00       244.899994    
   636522.000       3049447.00       246.100006    
   636562.000       3049447.00       247.100006    
   636602.000       3049447.00       248.100006    
   636642.000       3049447.00       248.899994    
   636682.000       3049447.00       249.600006    
   636722.000       3049447.00       250.000000    
   636762.000       3049447.00       250.000000    
   636802.000       3049447.00      -9999.00000    
   636842.000       3049447.00      -9999.00000    
   636882.000       3049447.00      -9999.00000    
   634122.000       3049487.00      -9999.00000    
   634162.000       3049487.00      -9999.00000    
   634202.000       3049487.00      -9999.00000    
   634242.000       3049487.00      -9999.00000    
   634282.000       3049487.00      -9999.00000    
   634322.000       3049487.00      -9999.00000    
   634362.000       3049487.00      -9999.00000    
   634402.000       3049487.00      -9999.00000    
   634442.000       3049487.00      -9999.00000    
   634482.000       3049487.00      -9999.00000    
   634522.000       3049487.00      -9999.00000    
   634562.000       3049487.00      -9999.00000    
   634602.000       3049487.00      -9999.00000    
   634642.000       3049487.00      -9999.00000    
   634682.000       3049487.00      -9999.00000    
   634722.000       3049487.00      -9999.00000    
   634762.000       3049487.00      -9999.00000    
   634802.000       3049487.00      -9999.00000    
   634842.000       3049487.00      -9999.00000    
   634882.000       3049487.00      -9999.00000    
   634922.000       3049487.00      -9999.00000    
   634962.000       3049487.00      -9999.00000    
   635002.000       3049487.00      -9999.00000    
   635042.000       3049487.00      -9999.00000    
   635082.000       3049487.00      -9999.00000    
   635122.000       3049487.00      -9999.00000    
   635162.000       3049487.00      -9999.00000    
   635202.000       3049487.00      -9999.00000    
   635242.000       3049487.00      -9999.00000    
   635282.000       3049487.00      -9999.00000    
   635322.000       3049487.00      -9999.00000    
   635362.000       3049487.00      -9999.00000    
   635402.000       3049487.00      -9999.00000    
   635442.000       3049487.00       88.5999985    
   635482.000       3049487.00       91.8000031    
   635522.000       3049487.00       99.8000031    
   635562.000       3049487.00       111.199997    
   635602.000       3049487.00       123.500000    
   635642.000       3049487.00       135.500000    
   635682.000       3049487.00       146.899994    
   635722.000       3049487.00       157.399994    
   635762.000       3049487.00       167.199997    
   635802.000       3049487.00       176.199997    
   635842.000       3049487.00       184.300003    
   635882.000       3049487.00       191.699997    
   635922.000       3049487.00       198.500000    
   635962.000       3049487.00       205.000000    
   636002.000       3049487.00       211.000000    
   636042.000       3049487.00       216.600006    
   636082.000       3049487.00       221.800003    
   636122.000       3049487.00       226.600006    
   636162.000       3049487.00       231.000000    
   636202.000       3049487.00       235.100006    
   636242.000       3049487.00       238.699997    
   636282.000       3049487.00       241.699997    
   636322.000       3049487.00       244.300003    
   636362.000       3049487.00       246.199997    
   636402.000       3049487.00       247.699997    
   636442.000       3049487.00       248.899994    
   636482.000       3049487.00       249.699997    
   636522.000       3049487.00       250.300003    
   636562.000       3049487.00       250.699997    
   636602.000       3049487.00       251.199997    
   636642.000       3049487.00       251.699997    
   636682.000       3049487.00       252.000000    
   636722.000       3049487.00       252.199997    
   636762.000       3049487.00       252.000000    
   636802.000       3049487.00      -9999.00000    
   636842.000       3049487.00      -9999.00000    
   636882.000       3049487.00      -9999.00000    
   634122.000       3049527.00      -9999.00000    
   634162.000       3049527.00      -9999.00000    
   634202.000       3049527.00      -9999.00000    
   634242.000       3049527.00      -9999.00000    
   634282.000       3049527.00      -9999.00000    
   634322.000       3049527.00      -9999.00000    
   634362.000       3049527.00      -9999.00000    
   634402.000       3049527.00      -9999.00000    
   634442.000       3049527.00      -9999.00000    
   634482.000       3049527.00      -9999.00000    
   634522.000       3049527.00      -9999.00000    
   634562.000       3049527.00      -9999.00000    
   634602.000       3049527.00      -9999.00000    
   634642.000       3049527.00      -9999.00000    
   634682.000       3049527.00      -9999.00000    
   634722.000       3049527.00      -9999.00000    
   634762.000       3049527.00      -9999.00000    
   634802.000       3049527.00      -9999.00000    
   634842.000       3049527.00      -9999.00000    
   634882.000       3049527.00      -9999.00000    
   634922.000       3049527.00      -9999.00000    
   634962.000       3049527.00      -9999.00000    
   635002.000       3049527.00      -9999.00000    
   635042.000       3049527.00      -9999.00000    
   635082.000       3049527.00      -9999.00000    
   635122.000       3049527.00      -9999.00000    
   635162.000       3049527.00      -9999.00000    
   635202.000       3049527.00      -9999.00000    
   635242.000       3049527.00      -9999.00000    
   635282.000       3049527.00      -9999.00000    
   635322.000       3049527.00      -9999.00000    
   635362.000       3049527.00      -9999.00000    
   635402.000       3049527.00       94.1999969    
   635442.000       3049527.00       100.500000    
   635482.000       3049527.00       101.599998    
   635522.000       3049527.00       107.000000    
   635562.000       3049527.00       117.000000    
   635602.000       3049527.00       128.800003    
   635642.000       3049527.00       140.699997    
   635682.000       3049527.00       152.100006    
   635722.000       3049527.00       163.000000    
   635762.000       3049527.00       173.100006    
   635802.000       3049527.00       182.500000    
   635842.000       3049527.00       191.000000    
   635882.000       3049527.00       198.800003    
   635922.000       3049527.00       205.899994    
   635962.000       3049527.00       212.300003    
   636002.000       3049527.00       217.899994    
   636042.000       3049527.00       223.100006    
   636082.000       3049527.00       228.100006    
   636122.000       3049527.00       233.000000    
   636162.000       3049527.00       237.699997    
   636202.000       3049527.00       241.899994    
   636242.000       3049527.00       245.500000    
   636282.000       3049527.00       248.399994    
   636322.000       3049527.00       250.699997    
   636362.000       3049527.00       252.399994    
   636402.000       3049527.00       253.399994    
   636442.000       3049527.00       253.899994    
   636482.000       3049527.00       254.199997    
   636522.000       3049527.00       254.300003    
   636562.000       3049527.00       254.300003    
   636602.000       3049527.00       254.300003    
   636642.000       3049527.00       254.300003    
   636682.000       3049527.00       254.199997    
   636722.000       3049527.00       254.100006    
   636762.000       3049527.00       253.699997    
   636802.000       3049527.00      -9999.00000    
   636842.000       3049527.00      -9999.00000    
   636882.000       3049527.00      -9999.00000    
   634122.000       3049567.00      -9999.00000    
   634162.000       3049567.00      -9999.00000    
   634202.000       3049567.00      -9999.00000    
   634242.000       3049567.00      -9999.00000    
   634282.000       3049567.00      -9999.00000    
   634322.000       3049567.00      -9999.00000    
   634362.000       3049567.00      -9999.00000    
   634402.000       3049567.00      -9999.00000    
   634442.000       3049567.00      -9999.00000    
   634482.000       3049567.00      -9999.00000    
   634522.000       3049567.00      -9999.00000    
   634562.000       3049567.00      -9999.00000    
   634602.000       3049567.00      -9999.00000    
   634642.000       3049567.00      -9999.00000    
   634682.000       3049567.00      -9999.00000    
   634722.000       3049567.00      -9999.00000    
   634762.000       3049567.00      -9999.00000    
   634802.000       3049567.00      -9999.00000    
   634842.000       3049567.00      -9999.00000    
   634882.000       3049567.00      -9999.00000    
   634922.000       3049567.00      -9999.00000    
   634962.000       3049567.00      -9999.00000    
   635002.000       3049567.00      -9999.00000    
   635042.000       3049567.00      -9999.00000    
   635082.000       3049567.00      -9999.00000    
   635122.000       3049567.00      -9999.00000    
   635162.000       3049567.00      -9999.00000    
   635202.000       3049567.00      -9999.00000    
   635242.000       3049567.00      -9999.00000    
   635282.000       3049567.00      -9999.00000    
   635322.000       3049567.00       53.7999992    
   635362.000       3049567.00       88.5000000    
   635402.000       3049567.00       101.500000    
   635442.000       3049567.00       104.900002    
   635482.000       3049567.00       106.900002    
   635522.000       3049567.00       112.699997    
   635562.000       3049567.00       122.900002    
   635602.000       3049567.00       134.500000    
   635642.000       3049567.00       146.100006    
   635682.000       3049567.00       157.600006    
   635722.000       3049567.00       168.600006    
   635762.000       3049567.00       179.000000    
   635802.000       3049567.00       188.800003    
   635842.000       3049567.00       197.899994    
   635882.000       3049567.00       206.300003    
   635922.000       3049567.00       213.899994    
   635962.000       3049567.00       220.100006    
   636002.000       3049567.00       225.100006    
   636042.000       3049567.00       229.800003    
   636082.000       3049567.00       234.600006    
   636122.000       3049567.00       239.600006    
   636162.000       3049567.00       244.500000    
   636202.000       3049567.00       248.699997    
   636242.000       3049567.00       252.000000    
   636282.000       3049567.00       254.699997    
   636322.000       3049567.00       256.799988    
   636362.000       3049567.00       258.200012    
   636402.000       3049567.00       258.700012    
   636442.000       3049567.00       258.700012    
   636482.000       3049567.00       258.200012    
   636522.000       3049567.00       257.600006    
   636562.000       3049567.00       257.200012    
   636602.000       3049567.00       256.700012    
   636642.000       3049567.00       256.299988    
   636682.000       3049567.00       255.699997    
   636722.000       3049567.00       255.300003    
   636762.000       3049567.00      -9999.00000    
   636802.000       3049567.00      -9999.00000    
   636842.000       3049567.00      -9999.00000    
   636882.000       3049567.00      -9999.00000    
   634122.000       3049607.00      -9999.00000    
   634162.000       3049607.00      -9999.00000    
   634202.000       3049607.00      -9999.00000    
   634242.000       3049607.00      -9999.00000    
   634282.000       3049607.00      -9999.00000    
   634322.000       3049607.00      -9999.00000    
   634362.000       3049607.00      -9999.00000    
   634402.000       3049607.00      -9999.00000    
   634442.000       3049607.00      -9999.00000    
   634482.000       3049607.00      -9999.00000    
   634522.000       3049607.00      -9999.00000    
   634562.000       3049607.00      -9999.00000    
   634602.000       3049607.00      -9999.00000    
   634642.000       3049607.00      -9999.00000    
   634682.000       3049607.00      -9999.00000    
   634722.000       3049607.00      -9999.00000    
   634762.000       3049607.00      -9999.00000    
   634802.000       3049607.00      -9999.00000    
   634842.000       3049607.00      -9999.00000    
   634882.000       3049607.00      -9999.00000    
   634922.000       3049607.00      -9999.00000    
   634962.000       3049607.00      -9999.00000    
   635002.000       3049607.00      -9999.00000    
   635042.000       3049607.00      -9999.00000    
   635082.000       3049607.00      -9999.00000    
   635122.000       3049607.00      -9999.00000    
   635162.000       3049607.00      -9999.00000    
   635202.000       3049607.00      -9999.00000    
   635242.000       3049607.00       37.5999985    
   635282.000       3049607.00       55.2000008    
   635322.000       3049607.00       66.4000015    
   635362.000       3049607.00       76.8000031    
   635402.000       3049607.00       89.1999969    
   635442.000       3049607.00       99.1999969    
   635482.000       3049607.00       106.000000    
   635522.000       3049607.00       114.900002    
   635562.000       3049607.00       127.699997    
   635602.000       3049607.00       139.699997    
   635642.000       3049607.00       151.300003    
   635682.000       3049607.00       162.800003    
   635722.000       3049607.00       174.100006    
   635762.000       3049607.00       184.699997    
   635802.000       3049607.00       194.699997    
   635842.000       3049607.00       204.199997    
   635882.000       3049607.00       212.699997    
   635922.000       3049607.00       220.800003    
   635962.000       3049607.00       227.199997    
   636002.000       3049607.00       231.399994    
   636042.000       3049607.00       236.399994    
   636082.000       3049607.00       241.500000    
   636122.000       3049607.00       246.600006    
   636162.000       3049607.00       251.100006    
   636202.000       3049607.00       254.699997    
   636242.000       3049607.00       257.600006    
   636282.000       3049607.00       260.000000    
   636322.000       3049607.00       261.899994    
   636362.000       3049607.00       262.899994    
   636402.000       3049607.00       263.000000    
   636442.000       3049607.00       262.399994    
   636482.000       3049607.00       261.500000    
   636522.000       3049607.00       260.399994    
   636562.000       3049607.00       259.399994    
   636602.000       3049607.00       258.600006    
   636642.000       3049607.00       258.100006    
   636682.000       3049607.00       257.000000    
   636722.000       3049607.00       255.500000    
   636762.000       3049607.00      -9999.00000    
   636802.000       3049607.00      -9999.00000    
   636842.000       3049607.00      -9999.00000    
   636882.000       3049607.00      -9999.00000    
   634122.000       3049647.00      -9999.00000    
   634162.000       3049647.00      -9999.00000    
   634202.000       3049647.00      -9999.00000    
   634242.000       3049647.00      -9999.00000    
   634282.000       3049647.00      -9999.00000    
   634322.000       3049647.00      -9999.00000    
   634362.000       3049647.00      -9999.00000    
   634402.000       3049647.00      -9999.00000    
   634442.000       3049647.00      -9999.00000    
   634482.000       3049647.00      -9999.00000    
   634522.000       3049647.00      -9999.00000    
   634562.000       3049647.00      -9999.00000    
   634602.000       3049647.00      -9999.00000    
   634642.000       3049647.00      -9999.00000    
   634682.000       3049647.00      -9999.00000    
   634722.000       3049647.00      -9999.00000    
   634762.000       3049647.00      -9999.00000    
   634802.000       3049647.00      -9999.00000    
   634842.000       3049647.00      -9999.00000    
   634882.000       3049647.00      -9999.00000    
   634922.000       3049647.00      -9999.00000    
   634962.000       3049647.00      -9999.00000    
   635002.000       3049647.00      -9999.00000    
   635042.000       3049647.00      -9999.00000    
   635082.000       3049647.00      -9999.00000    
   635122.000       3049647.00      -9999.00000    
   635162.000       3049647.00      -9999.00000    
   635202.000       3049647.00      -9999.00000    
   635242.000       3049647.00       32.5999985    
   635282.000       3049647.00       47.4000015    
   635322.000       3049647.00       53.7000008    
   635362.000       3049647.00       56.9000015    
   635402.000       3049647.00       74.8000031    
   635442.000       3049647.00       92.1999969    
   635482.000       3049647.00       104.800003    
   635522.000       3049647.00       116.599998    
   635562.000       3049647.00       130.600006    
   635602.000       3049647.00       143.600006    
   635642.000       3049647.00       155.600006    
   635682.000       3049647.00      -9999.00000    
   635722.000       3049647.00      -9999.00000    
   635762.000       3049647.00      -9999.00000    
   635802.000       3049647.00      -9999.00000    
   635842.000       3049647.00       209.199997    
   635882.000       3049647.00       217.100006    
   635922.000       3049647.00      -9999.00000    
   635962.000       3049647.00      -9999.00000    
   636002.000       3049647.00       236.500000    
   636042.000       3049647.00       242.600006    
   636082.000       3049647.00       248.300003    
   636122.000       3049647.00       253.399994    
   636162.000       3049647.00       257.299988    
   636202.000       3049647.00       259.700012    
   636242.000       3049647.00       261.500000    
   636282.000       3049647.00       263.399994    
   636322.000       3049647.00       265.299988    
   636362.000       3049647.00       266.000000    
   636402.000       3049647.00       265.700012    
   636442.000       3049647.00       264.700012    
   636482.000       3049647.00       263.399994    
   636522.000       3049647.00       262.000000    
   636562.000       3049647.00       260.600006    
   636602.000       3049647.00       259.500000    
   636642.000       3049647.00       258.700012    
   636682.000       3049647.00       258.100006    
   636722.000       3049647.00       257.700012    
   636762.000       3049647.00      -9999.00000    
   636802.000       3049647.00      -9999.00000    
   636842.000       3049647.00      -9999.00000    
   636882.000       3049647.00      -9999.00000    
   634122.000       3049687.00      -9999.00000    
   634162.000       3049687.00      -9999.00000    
   634202.000       3049687.00      -9999.00000    
   634242.000       3049687.00      -9999.00000    
   634282.000       3049687.00      -9999.00000    
   634322.000       3049687.00      -9999.00000    
   634362.000       3049687.00      -9999.00000    
   634402.000       3049687.00      -9999.00000    
   634442.000       3049687.00      -9999.00000    
   634482.000       3049687.00      -9999.00000    
   634522.000       3049687.00      -9999.00000    
   634562.000       3049687.00      -9999.00000    
   634602.000       3049687.00      -9999.00000    
   634642.000       3049687.00      -9999.00000    
   634682.000       3049687.00      -9999.00000    
   634722.000       3049687.00      -9999.00000    
   634762.000       3049687.00      -9999.00000    
   634802.000       3049687.00      -9999.00000    
   634842.000       3049687.00      -9999.00000    
   634882.000       3049687.00      -9999.00000    
   634922.000       3049687.00      -9999.00000    
   634962.000       3049687.00      -9999.00000    
   635002.000       3049687.00      -9999.00000    
   635042.000       3049687.00      -9999.00000    
   635082.000       3049687.00      -9999.00000    
   635122.000       3049687.00      -9999.00000    
   635162.000       3049687.00      -9999.00000    
   635202.000       3049687.00      -9999.00000    
   635242.000       3049687.00       21.2999992    
   635282.000       3049687.00       35.4000015    
   635322.000       3049687.00       45.0999985    
   635362.000       3049687.00       55.2000008    
   635402.000       3049687.00       71.8000031    
   635442.000       3049687.00       90.3000031    
   635482.000       3049687.00      -9999.00000    
   635522.000       3049687.00      -9999.00000    
   635562.000       3049687.00      -9999.00000    
   635602.000       3049687.00      -9999.00000    
   635642.000       3049687.00      -9999.00000    
   635682.000       3049687.00      -9999.00000    
   635722.000       3049687.00      -9999.00000    
   635762.000       3049687.00      -9999.00000    
   635802.000       3049687.00      -9999.00000    
   635842.000       3049687.00      -9999.00000    
   635882.000       3049687.00      -9999.00000    
   635922.000       3049687.00      -9999.00000    
   635962.000       3049687.00      -9999.00000    
   636002.000       3049687.00      -9999.00000    
   636042.000       3049687.00      -9999.00000    
   636082.000       3049687.00       254.300003    
   636122.000       3049687.00      -9999.00000    
   636162.000       3049687.00       262.399994    
   636202.000       3049687.00       263.200012    
   636242.000       3049687.00       263.600006    
   636282.000       3049687.00       264.700012    
   636322.000       3049687.00       266.200012    
   636362.000       3049687.00       267.000000    
   636402.000       3049687.00       266.600006    
   636442.000       3049687.00       265.399994    
   636482.000       3049687.00       263.799988    
   636522.000       3049687.00       262.000000    
   636562.000       3049687.00       260.399994    
   636602.000       3049687.00       259.299988    
   636642.000       3049687.00       258.100006    
   636682.000       3049687.00      -9999.00000    
   636722.000       3049687.00      -9999.00000    
   636762.000       3049687.00      -9999.00000    
   636802.000       3049687.00      -9999.00000    
   636842.000       3049687.00      -9999.00000    
   636882.000       3049687.00      -9999.00000    
   634122.000       3049727.00      -9999.00000    
   634162.000       3049727.00      -9999.00000    
   634202.000       3049727.00      -9999.00000    
   634242.000       3049727.00      -9999.00000    
   634282.000       3049727.00      -9999.00000    
   634322.000       3049727.00      -9999.00000    
   634362.000       3049727.00      -9999.00000    
   634402.000       3049727.00      -9999.00000    
   634442.000       3049727.00      -9999.00000    
   634482.000       3049727.00      -9999.00000    
   634522.000       3049727.00      -9999.00000    
   634562.000       3049727.00      -9999.00000    
   634602.000       3049727.00      -9999.00000    
   634642.000       3049727.00      -9999.00000    
   634682.000       3049727.00      -9999.00000    
   634722.000       3049727.00      -9999.00000    
   634762.000       3049727.00      -9999.00000    
   634802.000       3049727.00      -9999.00000    
   634842.000       3049727.00      -9999.00000    
   634882.000       3049727.00      -9999.00000    
   634922.000       3049727.00      -9999.00000    
   634962.000       3049727.00      -9999.00000    
   635002.000       3049727.00      -9999.00000    
   635042.000       3049727.00      -9999.00000    
   635082.000       3049727.00      -9999.00000    
   635122.000       3049727.00      -9999.00000    
   635162.000       3049727.00      -9999.00000    
   635202.000       3049727.00      -9999.00000    
   635242.000       3049727.00      -9999.00000    
   635282.000       3049727.00      -9999.00000    
   635322.000       3049727.00      -9999.00000    
   635362.000       3049727.00      -9999.00000    
   635402.000       3049727.00       79.9085464    
   635442.000       3049727.00      -9999.00000    
   635482.000       3049727.00      -9999.00000    
   635522.000       3049727.00      -9999.00000    
   635562.000       3049727.00      -9999.00000    
   635602.000       3049727.00      -9999.00000    
   635642.000       3049727.00      -9999.00000    
   635682.000       3049727.00      -9999.00000    
   635722.000       3049727.00      -9999.00000    
   635762.000       3049727.00      -9999.00000    
   635802.000       3049727.00      -9999.00000    
   635842.000       3049727.00      -9999.00000    
   635882.000       3049727.00      -9999.00000    
   635922.000       3049727.00      -9999.00000    
   635962.000       3049727.00      -9999.00000    
   636002.000       3049727.00      -9999.00000    
   636042.000       3049727.00      -9999.00000    
   636082.000       3049727.00      -9999.00000    
   636122.000       3049727.00      -9999.00000    
   636162.000       3049727.00      -9999.00000    
   636202.000       3049727.00       265.200012    
   636242.000       3049727.00       264.299988    
   636282.000       3049727.00       264.700012    
   636322.000       3049727.00      -9999.00000    
   636362.000       3049727.00      -9999.00000    
   636402.000       3049727.00      -9999.00000    
   636442.000       3049727.00       263.899994    
   636482.000       3049727.00       262.399994    
   636522.000       3049727.00       260.500000    
   636562.000       3049727.00       259.200012    
   636602.000       3049727.00      -9999.00000    
   636642.000       3049727.00      -9999.00000    
   636682.000       3049727.00      -9999.00000    
   636722.000       3049727.00      -9999.00000    
   636762.000       3049727.00      -9999.00000    
   636802.000       3049727.00      -9999.00000    
   636842.000       3049727.00      -9999.00000    
   636882.000       3049727.00      -9999.00000    
